x,y,rho,ux,uy,velocity
0,0,1.00000000,0.00012302,0.00000000,0.00012302
1,0,1.00000000,0.00012302,0.00000000,0.00012302
2,0,1.00000000,0.00012302,0.00000000,0.00012302
3,0,1.00000000,0.00012302,0.00000000,0.00012302
4,0,1.00000000,0.00012302,0.00000000,0.00012302
5,0,1.00000000,0.00012302,0.00000000,0.00012302
6,0,1.00000000,0.00012302,0.00000000,0.00012302
7,0,1.00000000,0.00012302,0.00000000,0.00012302
8,0,1.00000000,0.00012302,0.00000000,0.00012302
9,0,1.00000000,0.00012302,0.00000000,0.00012302
10,0,1.00000000,0.00012302,0.00000000,0.00012302
11,0,1.00000000,0.00012302,0.00000000,0.00012302
12,0,1.00000000,0.00012302,0.00000000,0.00012302
13,0,1.00000000,0.00012302,0.00000000,0.00012302
14,0,1.00000000,0.00012302,0.00000000,0.00012302
15,0,1.00000000,0.00012302,0.00000000,0.00012302
16,0,1.00000000,0.00012302,0.00000000,0.00012302
17,0,1.00000000,0.00012302,0.00000000,0.00012302
18,0,1.00000000,0.00012302,0.00000000,0.00012302
19,0,1.00000000,0.00012302,0.00000000,0.00012302
20,0,1.00000000,0.00012302,0.00000000,0.00012302
21,0,1.00000000,0.00012302,0.00000000,0.00012302
22,0,1.00000000,0.00012302,0.00000000,0.00012302
23,0,1.00000000,0.00012302,0.00000000,0.00012302
24,0,1.00000000,0.00012302,0.00000000,0.00012302
25,0,1.00000000,0.00012302,0.00000000,0.00012302
26,0,1.00000000,0.00012302,0.00000000,0.00012302
27,0,1.00000000,0.00012302,0.00000000,0.00012302
28,0,1.00000000,0.00012302,0.00000000,0.00012302
29,0,1.00000000,0.00012302,0.00000000,0.00012302
30,0,1.00000000,0.00012302,0.00000000,0.00012302
31,0,1.00000000,0.00012302,0.00000000,0.00012302
32,0,1.00000000,0.00012302,0.00000000,0.00012302
33,0,1.00000000,0.00012302,0.00000000,0.00012302
34,0,1.00000000,0.00012302,0.00000000,0.00012302
35,0,1.00000000,0.00012302,0.00000000,0.00012302
36,0,1.00000000,0.00012302,0.00000000,0.00012302
37,0,1.00000000,0.00012302,0.00000000,0.00012302
38,0,1.00000000,0.00012302,0.00000000,0.00012302
39,0,1.00000000,0.00012302,0.00000000,0.00012302
40,0,1.00000000,0.00012302,0.00000000,0.00012302
41,0,1.00000000,0.00012302,0.00000000,0.00012302
42,0,1.00000000,0.00012302,0.00000000,0.00012302
43,0,1.00000000,0.00012302,0.00000000,0.00012302
44,0,1.00000000,0.00012302,0.00000000,0.00012302
45,0,1.00000000,0.00012302,0.00000000,0.00012302
46,0,1.00000000,0.00012302,0.00000000,0.00012302
47,0,1.00000000,0.00012302,0.00000000,0.00012302
48,0,1.00000000,0.00012302,0.00000000,0.00012302
49,0,1.00000000,0.00012302,0.00000000,0.00012302
50,0,1.00000000,0.00012302,0.00000000,0.00012302
51,0,1.00000000,0.00012302,0.00000000,0.00012302
52,0,1.00000000,0.00012302,0.00000000,0.00012302
53,0,1.00000000,0.00012302,0.00000000,0.00012302
54,0,1.00000000,0.00012302,0.00000000,0.00012302
55,0,1.00000000,0.00012302,0.00000000,0.00012302
56,0,1.00000000,0.00012302,0.00000000,0.00012302
57,0,1.00000000,0.00012302,0.00000000,0.00012302
58,0,1.00000000,0.00012302,0.00000000,0.00012302
59,0,1.00000000,0.00012302,0.00000000,0.00012302
60,0,1.00000000,0.00012302,0.00000000,0.00012302
61,0,1.00000000,0.00012302,0.00000000,0.00012302
62,0,1.00000000,0.00012302,0.00000000,0.00012302
63,0,1.00000000,0.00012302,0.00000000,0.00012302
64,0,1.00000000,0.00012302,0.00000000,0.00012302
65,0,1.00000000,0.00012302,0.00000000,0.00012302
66,0,1.00000000,0.00012302,0.00000000,0.00012302
67,0,1.00000000,0.00012302,0.00000000,0.00012302
68,0,1.00000000,0.00012302,0.00000000,0.00012302
69,0,1.00000000,0.00012302,0.00000000,0.00012302
70,0,1.00000000,0.00012302,0.00000000,0.00012302
71,0,1.00000000,0.00012302,0.00000000,0.00012302
72,0,1.00000000,0.00012302,0.00000000,0.00012302
73,0,1.00000000,0.00012302,0.00000000,0.00012302
74,0,1.00000000,0.00012302,0.00000000,0.00012302
75,0,1.00000000,0.00012302,0.00000000,0.00012302
76,0,1.00000000,0.00012302,0.00000000,0.00012302
77,0,1.00000000,0.00012302,0.00000000,0.00012302
78,0,1.00000000,0.00012302,0.00000000,0.00012302
79,0,1.00000000,0.00012302,0.00000000,0.00012302
80,0,1.00000000,0.00012302,0.00000000,0.00012302
81,0,1.00000000,0.00012302,0.00000000,0.00012302
82,0,1.00000000,0.00012302,0.00000000,0.00012302
83,0,1.00000000,0.00012302,0.00000000,0.00012302
84,0,1.00000000,0.00012302,0.00000000,0.00012302
85,0,1.00000000,0.00012302,0.00000000,0.00012302
86,0,1.00000000,0.00012302,0.00000000,0.00012302
87,0,1.00000000,0.00012302,0.00000000,0.00012302
88,0,1.00000000,0.00012302,0.00000000,0.00012302
89,0,1.00000000,0.00012302,0.00000000,0.00012302
90,0,1.00000000,0.00012302,0.00000000,0.00012302
91,0,1.00000000,0.00012302,0.00000000,0.00012302
92,0,1.00000000,0.00012302,0.00000000,0.00012302
93,0,1.00000000,0.00012302,0.00000000,0.00012302
94,0,1.00000000,0.00012302,0.00000000,0.00012302
95,0,1.00000000,0.00012302,0.00000000,0.00012302
96,0,1.00000000,0.00012302,0.00000000,0.00012302
97,0,1.00000000,0.00012302,0.00000000,0.00012302
98,0,1.00000000,0.00012302,0.00000000,0.00012302
99,0,1.00000000,0.00012302,0.00000000,0.00012302
100,0,1.00000000,0.00012302,0.00000000,0.00012302
101,0,1.00000000,0.00012302,0.00000000,0.00012302
102,0,1.00000000,0.00012302,0.00000000,0.00012302
103,0,1.00000000,0.00012302,0.00000000,0.00012302
104,0,1.00000000,0.00012302,0.00000000,0.00012302
105,0,1.00000000,0.00012302,0.00000000,0.00012302
106,0,1.00000000,0.00012302,0.00000000,0.00012302
107,0,1.00000000,0.00012302,0.00000000,0.00012302
108,0,1.00000000,0.00012302,0.00000000,0.00012302
109,0,1.00000000,0.00012302,0.00000000,0.00012302
110,0,1.00000000,0.00012302,0.00000000,0.00012302
111,0,1.00000000,0.00012302,0.00000000,0.00012302
112,0,1.00000000,0.00012302,0.00000000,0.00012302
113,0,1.00000000,0.00012302,0.00000000,0.00012302
114,0,1.00000000,0.00012302,0.00000000,0.00012302
115,0,1.00000000,0.00012302,0.00000000,0.00012302
116,0,1.00000000,0.00012302,0.00000000,0.00012302
117,0,1.00000000,0.00012302,0.00000000,0.00012302
118,0,1.00000000,0.00012302,0.00000000,0.00012302
119,0,1.00000000,0.00012302,0.00000000,0.00012302
120,0,1.00000000,0.00012302,0.00000000,0.00012302
121,0,1.00000000,0.00012302,0.00000000,0.00012302
122,0,1.00000000,0.00012302,0.00000000,0.00012302
123,0,1.00000000,0.00012302,0.00000000,0.00012302
124,0,1.00000000,0.00012302,0.00000000,0.00012302
125,0,1.00000000,0.00012302,0.00000000,0.00012302
126,0,1.00000000,0.00012302,0.00000000,0.00012302
127,0,1.00000000,0.00012302,0.00000000,0.00012302
128,0,1.00000000,0.00012302,0.00000000,0.00012302
129,0,1.00000000,0.00012302,0.00000000,0.00012302
130,0,1.00000000,0.00012302,0.00000000,0.00012302
131,0,1.00000000,0.00012302,0.00000000,0.00012302
132,0,1.00000000,0.00012302,0.00000000,0.00012302
133,0,1.00000000,0.00012302,0.00000000,0.00012302
134,0,1.00000000,0.00012302,0.00000000,0.00012302
135,0,1.00000000,0.00012302,0.00000000,0.00012302
136,0,1.00000000,0.00012302,0.00000000,0.00012302
137,0,1.00000000,0.00012302,0.00000000,0.00012302
138,0,1.00000000,0.00012302,0.00000000,0.00012302
139,0,1.00000000,0.00012302,0.00000000,0.00012302
140,0,1.00000000,0.00012302,0.00000000,0.00012302
141,0,1.00000000,0.00012302,0.00000000,0.00012302
142,0,1.00000000,0.00012302,0.00000000,0.00012302
143,0,1.00000000,0.00012302,0.00000000,0.00012302
144,0,1.00000000,0.00012302,0.00000000,0.00012302
145,0,1.00000000,0.00012302,0.00000000,0.00012302
146,0,1.00000000,0.00012302,0.00000000,0.00012302
147,0,1.00000000,0.00012302,0.00000000,0.00012302
148,0,1.00000000,0.00012302,0.00000000,0.00012302
149,0,1.00000000,0.00012302,0.00000000,0.00012302
150,0,1.00000000,0.00012302,0.00000000,0.00012302
151,0,1.00000000,0.00012302,0.00000000,0.00012302
152,0,1.00000000,0.00012302,0.00000000,0.00012302
153,0,1.00000000,0.00012302,0.00000000,0.00012302
154,0,1.00000000,0.00012302,0.00000000,0.00012302
155,0,1.00000000,0.00012302,0.00000000,0.00012302
156,0,1.00000000,0.00012302,0.00000000,0.00012302
157,0,1.00000000,0.00012302,0.00000000,0.00012302
158,0,1.00000000,0.00012302,0.00000000,0.00012302
159,0,1.00000000,0.00012302,0.00000000,0.00012302
0,1,1.00000000,0.00036286,-0.00000000,0.00036286
1,1,1.00000000,0.00036286,-0.00000000,0.00036286
2,1,1.00000000,0.00036286,-0.00000000,0.00036286
3,1,1.00000000,0.00036286,-0.00000000,0.00036286
4,1,1.00000000,0.00036286,-0.00000000,0.00036286
5,1,1.00000000,0.00036286,-0.00000000,0.00036286
6,1,1.00000000,0.00036286,-0.00000000,0.00036286
7,1,1.00000000,0.00036286,-0.00000000,0.00036286
8,1,1.00000000,0.00036286,-0.00000000,0.00036286
9,1,1.00000000,0.00036286,-0.00000000,0.00036286
10,1,1.00000000,0.00036286,-0.00000000,0.00036286
11,1,1.00000000,0.00036286,-0.00000000,0.00036286
12,1,1.00000000,0.00036286,-0.00000000,0.00036286
13,1,1.00000000,0.00036286,-0.00000000,0.00036286
14,1,1.00000000,0.00036286,-0.00000000,0.00036286
15,1,1.00000000,0.00036286,-0.00000000,0.00036286
16,1,1.00000000,0.00036286,-0.00000000,0.00036286
17,1,1.00000000,0.00036286,-0.00000000,0.00036286
18,1,1.00000000,0.00036286,-0.00000000,0.00036286
19,1,1.00000000,0.00036286,-0.00000000,0.00036286
20,1,1.00000000,0.00036286,-0.00000000,0.00036286
21,1,1.00000000,0.00036286,-0.00000000,0.00036286
22,1,1.00000000,0.00036286,-0.00000000,0.00036286
23,1,1.00000000,0.00036286,-0.00000000,0.00036286
24,1,1.00000000,0.00036286,-0.00000000,0.00036286
25,1,1.00000000,0.00036286,-0.00000000,0.00036286
26,1,1.00000000,0.00036286,-0.00000000,0.00036286
27,1,1.00000000,0.00036286,-0.00000000,0.00036286
28,1,1.00000000,0.00036286,-0.00000000,0.00036286
29,1,1.00000000,0.00036286,-0.00000000,0.00036286
30,1,1.00000000,0.00036286,-0.00000000,0.00036286
31,1,1.00000000,0.00036286,-0.00000000,0.00036286
32,1,1.00000000,0.00036286,-0.00000000,0.00036286
33,1,1.00000000,0.00036286,-0.00000000,0.00036286
34,1,1.00000000,0.00036286,-0.00000000,0.00036286
35,1,1.00000000,0.00036286,-0.00000000,0.00036286
36,1,1.00000000,0.00036286,-0.00000000,0.00036286
37,1,1.00000000,0.00036286,-0.00000000,0.00036286
38,1,1.00000000,0.00036286,-0.00000000,0.00036286
39,1,1.00000000,0.00036286,-0.00000000,0.00036286
40,1,1.00000000,0.00036286,-0.00000000,0.00036286
41,1,1.00000000,0.00036286,-0.00000000,0.00036286
42,1,1.00000000,0.00036286,-0.00000000,0.00036286
43,1,1.00000000,0.00036286,-0.00000000,0.00036286
44,1,1.00000000,0.00036286,-0.00000000,0.00036286
45,1,1.00000000,0.00036286,-0.00000000,0.00036286
46,1,1.00000000,0.00036286,-0.00000000,0.00036286
47,1,1.00000000,0.00036286,-0.00000000,0.00036286
48,1,1.00000000,0.00036286,-0.00000000,0.00036286
49,1,1.00000000,0.00036286,-0.00000000,0.00036286
50,1,1.00000000,0.00036286,-0.00000000,0.00036286
51,1,1.00000000,0.00036286,-0.00000000,0.00036286
52,1,1.00000000,0.00036286,-0.00000000,0.00036286
53,1,1.00000000,0.00036286,-0.00000000,0.00036286
54,1,1.00000000,0.00036286,-0.00000000,0.00036286
55,1,1.00000000,0.00036286,-0.00000000,0.00036286
56,1,1.00000000,0.00036286,-0.00000000,0.00036286
57,1,1.00000000,0.00036286,-0.00000000,0.00036286
58,1,1.00000000,0.00036286,-0.00000000,0.00036286
59,1,1.00000000,0.00036286,-0.00000000,0.00036286
60,1,1.00000000,0.00036286,-0.00000000,0.00036286
61,1,1.00000000,0.00036286,-0.00000000,0.00036286
62,1,1.00000000,0.00036286,-0.00000000,0.00036286
63,1,1.00000000,0.00036286,-0.00000000,0.00036286
64,1,1.00000000,0.00036286,-0.00000000,0.00036286
65,1,1.00000000,0.00036286,-0.00000000,0.00036286
66,1,1.00000000,0.00036286,-0.00000000,0.00036286
67,1,1.00000000,0.00036286,-0.00000000,0.00036286
68,1,1.00000000,0.00036286,-0.00000000,0.00036286
69,1,1.00000000,0.00036286,-0.00000000,0.00036286
70,1,1.00000000,0.00036286,-0.00000000,0.00036286
71,1,1.00000000,0.00036286,-0.00000000,0.00036286
72,1,1.00000000,0.00036286,-0.00000000,0.00036286
73,1,1.00000000,0.00036286,-0.00000000,0.00036286
74,1,1.00000000,0.00036286,-0.00000000,0.00036286
75,1,1.00000000,0.00036286,-0.00000000,0.00036286
76,1,1.00000000,0.00036286,-0.00000000,0.00036286
77,1,1.00000000,0.00036286,-0.00000000,0.00036286
78,1,1.00000000,0.00036286,-0.00000000,0.00036286
79,1,1.00000000,0.00036286,-0.00000000,0.00036286
80,1,1.00000000,0.00036286,-0.00000000,0.00036286
81,1,1.00000000,0.00036286,-0.00000000,0.00036286
82,1,1.00000000,0.00036286,-0.00000000,0.00036286
83,1,1.00000000,0.00036286,-0.00000000,0.00036286
84,1,1.00000000,0.00036286,-0.00000000,0.00036286
85,1,1.00000000,0.00036286,-0.00000000,0.00036286
86,1,1.00000000,0.00036286,-0.00000000,0.00036286
87,1,1.00000000,0.00036286,-0.00000000,0.00036286
88,1,1.00000000,0.00036286,-0.00000000,0.00036286
89,1,1.00000000,0.00036286,-0.00000000,0.00036286
90,1,1.00000000,0.00036286,-0.00000000,0.00036286
91,1,1.00000000,0.00036286,-0.00000000,0.00036286
92,1,1.00000000,0.00036286,-0.00000000,0.00036286
93,1,1.00000000,0.00036286,-0.00000000,0.00036286
94,1,1.00000000,0.00036286,-0.00000000,0.00036286
95,1,1.00000000,0.00036286,-0.00000000,0.00036286
96,1,1.00000000,0.00036286,-0.00000000,0.00036286
97,1,1.00000000,0.00036286,-0.00000000,0.00036286
98,1,1.00000000,0.00036286,-0.00000000,0.00036286
99,1,1.00000000,0.00036286,-0.00000000,0.00036286
100,1,1.00000000,0.00036286,-0.00000000,0.00036286
101,1,1.00000000,0.00036286,-0.00000000,0.00036286
102,1,1.00000000,0.00036286,-0.00000000,0.00036286
103,1,1.00000000,0.00036286,-0.00000000,0.00036286
104,1,1.00000000,0.00036286,-0.00000000,0.00036286
105,1,1.00000000,0.00036286,-0.00000000,0.00036286
106,1,1.00000000,0.00036286,-0.00000000,0.00036286
107,1,1.00000000,0.00036286,-0.00000000,0.00036286
108,1,1.00000000,0.00036286,-0.00000000,0.00036286
109,1,1.00000000,0.00036286,-0.00000000,0.00036286
110,1,1.00000000,0.00036286,-0.00000000,0.00036286
111,1,1.00000000,0.00036286,-0.00000000,0.00036286
112,1,1.00000000,0.00036286,-0.00000000,0.00036286
113,1,1.00000000,0.00036286,-0.00000000,0.00036286
114,1,1.00000000,0.00036286,-0.00000000,0.00036286
115,1,1.00000000,0.00036286,-0.00000000,0.00036286
116,1,1.00000000,0.00036286,-0.00000000,0.00036286
117,1,1.00000000,0.00036286,-0.00000000,0.00036286
118,1,1.00000000,0.00036286,-0.00000000,0.00036286
119,1,1.00000000,0.00036286,-0.00000000,0.00036286
120,1,1.00000000,0.00036286,-0.00000000,0.00036286
121,1,1.00000000,0.00036286,-0.00000000,0.00036286
122,1,1.00000000,0.00036286,-0.00000000,0.00036286
123,1,1.00000000,0.00036286,-0.00000000,0.00036286
124,1,1.00000000,0.00036286,-0.00000000,0.00036286
125,1,1.00000000,0.00036286,-0.00000000,0.00036286
126,1,1.00000000,0.00036286,-0.00000000,0.00036286
127,1,1.00000000,0.00036286,-0.00000000,0.00036286
128,1,1.00000000,0.00036286,-0.00000000,0.00036286
129,1,1.00000000,0.00036286,-0.00000000,0.00036286
130,1,1.00000000,0.00036286,-0.00000000,0.00036286
131,1,1.00000000,0.00036286,-0.00000000,0.00036286
132,1,1.00000000,0.00036286,-0.00000000,0.00036286
133,1,1.00000000,0.00036286,-0.00000000,0.00036286
134,1,1.00000000,0.00036286,-0.00000000,0.00036286
135,1,1.00000000,0.00036286,-0.00000000,0.00036286
136,1,1.00000000,0.00036286,-0.00000000,0.00036286
137,1,1.00000000,0.00036286,-0.00000000,0.00036286
138,1,1.00000000,0.00036286,-0.00000000,0.00036286
139,1,1.00000000,0.00036286,-0.00000000,0.00036286
140,1,1.00000000,0.00036286,-0.00000000,0.00036286
141,1,1.00000000,0.00036286,-0.00000000,0.00036286
142,1,1.00000000,0.00036286,-0.00000000,0.00036286
143,1,1.00000000,0.00036286,-0.00000000,0.00036286
144,1,1.00000000,0.00036286,-0.00000000,0.00036286
145,1,1.00000000,0.00036286,-0.00000000,0.00036286
146,1,1.00000000,0.00036286,-0.00000000,0.00036286
147,1,1.00000000,0.00036286,-0.00000000,0.00036286
148,1,1.00000000,0.00036286,-0.00000000,0.00036286
149,1,1.00000000,0.00036286,-0.00000000,0.00036286
150,1,1.00000000,0.00036286,-0.00000000,0.00036286
151,1,1.00000000,0.00036286,-0.00000000,0.00036286
152,1,1.00000000,0.00036286,-0.00000000,0.00036286
153,1,1.00000000,0.00036286,-0.00000000,0.00036286
154,1,1.00000000,0.00036286,-0.00000000,0.00036286
155,1,1.00000000,0.00036286,-0.00000000,0.00036286
156,1,1.00000000,0.00036286,-0.00000000,0.00036286
157,1,1.00000000,0.00036286,-0.00000000,0.00036286
158,1,1.00000000,0.00036286,-0.00000000,0.00036286
159,1,1.00000000,0.00036286,-0.00000000,0.00036286
0,2,1.00000000,0.00059270,0.00000000,0.00059270
1,2,1.00000000,0.00059270,0.00000000,0.00059270
2,2,1.00000000,0.00059270,0.00000000,0.00059270
3,2,1.00000000,0.00059270,0.00000000,0.00059270
4,2,1.00000000,0.00059270,0.00000000,0.00059270
5,2,1.00000000,0.00059270,0.00000000,0.00059270
6,2,1.00000000,0.00059270,0.00000000,0.00059270
7,2,1.00000000,0.00059270,0.00000000,0.00059270
8,2,1.00000000,0.00059270,0.00000000,0.00059270
9,2,1.00000000,0.00059270,0.00000000,0.00059270
10,2,1.00000000,0.00059270,0.00000000,0.00059270
11,2,1.00000000,0.00059270,0.00000000,0.00059270
12,2,1.00000000,0.00059270,0.00000000,0.00059270
13,2,1.00000000,0.00059270,0.00000000,0.00059270
14,2,1.00000000,0.00059270,0.00000000,0.00059270
15,2,1.00000000,0.00059270,0.00000000,0.00059270
16,2,1.00000000,0.00059270,0.00000000,0.00059270
17,2,1.00000000,0.00059270,0.00000000,0.00059270
18,2,1.00000000,0.00059270,0.00000000,0.00059270
19,2,1.00000000,0.00059270,0.00000000,0.00059270
20,2,1.00000000,0.00059270,0.00000000,0.00059270
21,2,1.00000000,0.00059270,0.00000000,0.00059270
22,2,1.00000000,0.00059270,0.00000000,0.00059270
23,2,1.00000000,0.00059270,0.00000000,0.00059270
24,2,1.00000000,0.00059270,0.00000000,0.00059270
25,2,1.00000000,0.00059270,0.00000000,0.00059270
26,2,1.00000000,0.00059270,0.00000000,0.00059270
27,2,1.00000000,0.00059270,0.00000000,0.00059270
28,2,1.00000000,0.00059270,0.00000000,0.00059270
29,2,1.00000000,0.00059270,0.00000000,0.00059270
30,2,1.00000000,0.00059270,0.00000000,0.00059270
31,2,1.00000000,0.00059270,0.00000000,0.00059270
32,2,1.00000000,0.00059270,0.00000000,0.00059270
33,2,1.00000000,0.00059270,0.00000000,0.00059270
34,2,1.00000000,0.00059270,0.00000000,0.00059270
35,2,1.00000000,0.00059270,0.00000000,0.00059270
36,2,1.00000000,0.00059270,0.00000000,0.00059270
37,2,1.00000000,0.00059270,0.00000000,0.00059270
38,2,1.00000000,0.00059270,0.00000000,0.00059270
39,2,1.00000000,0.00059270,0.00000000,0.00059270
40,2,1.00000000,0.00059270,0.00000000,0.00059270
41,2,1.00000000,0.00059270,0.00000000,0.00059270
42,2,1.00000000,0.00059270,0.00000000,0.00059270
43,2,1.00000000,0.00059270,0.00000000,0.00059270
44,2,1.00000000,0.00059270,0.00000000,0.00059270
45,2,1.00000000,0.00059270,0.00000000,0.00059270
46,2,1.00000000,0.00059270,0.00000000,0.00059270
47,2,1.00000000,0.00059270,0.00000000,0.00059270
48,2,1.00000000,0.00059270,0.00000000,0.00059270
49,2,1.00000000,0.00059270,0.00000000,0.00059270
50,2,1.00000000,0.00059270,0.00000000,0.00059270
51,2,1.00000000,0.00059270,0.00000000,0.00059270
52,2,1.00000000,0.00059270,0.00000000,0.00059270
53,2,1.00000000,0.00059270,0.00000000,0.00059270
54,2,1.00000000,0.00059270,0.00000000,0.00059270
55,2,1.00000000,0.00059270,0.00000000,0.00059270
56,2,1.00000000,0.00059270,0.00000000,0.00059270
57,2,1.00000000,0.00059270,0.00000000,0.00059270
58,2,1.00000000,0.00059270,0.00000000,0.00059270
59,2,1.00000000,0.00059270,0.00000000,0.00059270
60,2,1.00000000,0.00059270,0.00000000,0.00059270
61,2,1.00000000,0.00059270,0.00000000,0.00059270
62,2,1.00000000,0.00059270,0.00000000,0.00059270
63,2,1.00000000,0.00059270,0.00000000,0.00059270
64,2,1.00000000,0.00059270,0.00000000,0.00059270
65,2,1.00000000,0.00059270,0.00000000,0.00059270
66,2,1.00000000,0.00059270,0.00000000,0.00059270
67,2,1.00000000,0.00059270,0.00000000,0.00059270
68,2,1.00000000,0.00059270,0.00000000,0.00059270
69,2,1.00000000,0.00059270,0.00000000,0.00059270
70,2,1.00000000,0.00059270,0.00000000,0.00059270
71,2,1.00000000,0.00059270,0.00000000,0.00059270
72,2,1.00000000,0.00059270,0.00000000,0.00059270
73,2,1.00000000,0.00059270,0.00000000,0.00059270
74,2,1.00000000,0.00059270,0.00000000,0.00059270
75,2,1.00000000,0.00059270,0.00000000,0.00059270
76,2,1.00000000,0.00059270,0.00000000,0.00059270
77,2,1.00000000,0.00059270,0.00000000,0.00059270
78,2,1.00000000,0.00059270,0.00000000,0.00059270
79,2,1.00000000,0.00059270,0.00000000,0.00059270
80,2,1.00000000,0.00059270,0.00000000,0.00059270
81,2,1.00000000,0.00059270,0.00000000,0.00059270
82,2,1.00000000,0.00059270,0.00000000,0.00059270
83,2,1.00000000,0.00059270,0.00000000,0.00059270
84,2,1.00000000,0.00059270,0.00000000,0.00059270
85,2,1.00000000,0.00059270,0.00000000,0.00059270
86,2,1.00000000,0.00059270,0.00000000,0.00059270
87,2,1.00000000,0.00059270,0.00000000,0.00059270
88,2,1.00000000,0.00059270,0.00000000,0.00059270
89,2,1.00000000,0.00059270,0.00000000,0.00059270
90,2,1.00000000,0.00059270,0.00000000,0.00059270
91,2,1.00000000,0.00059270,0.00000000,0.00059270
92,2,1.00000000,0.00059270,0.00000000,0.00059270
93,2,1.00000000,0.00059270,0.00000000,0.00059270
94,2,1.00000000,0.00059270,0.00000000,0.00059270
95,2,1.00000000,0.00059270,0.00000000,0.00059270
96,2,1.00000000,0.00059270,0.00000000,0.00059270
97,2,1.00000000,0.00059270,0.00000000,0.00059270
98,2,1.00000000,0.00059270,0.00000000,0.00059270
99,2,1.00000000,0.00059270,0.00000000,0.00059270
100,2,1.00000000,0.00059270,0.00000000,0.00059270
101,2,1.00000000,0.00059270,0.00000000,0.00059270
102,2,1.00000000,0.00059270,0.00000000,0.00059270
103,2,1.00000000,0.00059270,0.00000000,0.00059270
104,2,1.00000000,0.00059270,0.00000000,0.00059270
105,2,1.00000000,0.00059270,0.00000000,0.00059270
106,2,1.00000000,0.00059270,0.00000000,0.00059270
107,2,1.00000000,0.00059270,0.00000000,0.00059270
108,2,1.00000000,0.00059270,0.00000000,0.00059270
109,2,1.00000000,0.00059270,0.00000000,0.00059270
110,2,1.00000000,0.00059270,0.00000000,0.00059270
111,2,1.00000000,0.00059270,0.00000000,0.00059270
112,2,1.00000000,0.00059270,0.00000000,0.00059270
113,2,1.00000000,0.00059270,0.00000000,0.00059270
114,2,1.00000000,0.00059270,0.00000000,0.00059270
115,2,1.00000000,0.00059270,0.00000000,0.00059270
116,2,1.00000000,0.00059270,0.00000000,0.00059270
117,2,1.00000000,0.00059270,0.00000000,0.00059270
118,2,1.00000000,0.00059270,0.00000000,0.00059270
119,2,1.00000000,0.00059270,0.00000000,0.00059270
120,2,1.00000000,0.00059270,0.00000000,0.00059270
121,2,1.00000000,0.00059270,0.00000000,0.00059270
122,2,1.00000000,0.00059270,0.00000000,0.00059270
123,2,1.00000000,0.00059270,0.00000000,0.00059270
124,2,1.00000000,0.00059270,0.00000000,0.00059270
125,2,1.00000000,0.00059270,0.00000000,0.00059270
126,2,1.00000000,0.00059270,0.00000000,0.00059270
127,2,1.00000000,0.00059270,0.00000000,0.00059270
128,2,1.00000000,0.00059270,0.00000000,0.00059270
129,2,1.00000000,0.00059270,0.00000000,0.00059270
130,2,1.00000000,0.00059270,0.00000000,0.00059270
131,2,1.00000000,0.00059270,0.00000000,0.00059270
132,2,1.00000000,0.00059270,0.00000000,0.00059270
133,2,1.00000000,0.00059270,0.00000000,0.00059270
134,2,1.00000000,0.00059270,0.00000000,0.00059270
135,2,1.00000000,0.00059270,0.00000000,0.00059270
136,2,1.00000000,0.00059270,0.00000000,0.00059270
137,2,1.00000000,0.00059270,0.00000000,0.00059270
138,2,1.00000000,0.00059270,0.00000000,0.00059270
139,2,1.00000000,0.00059270,0.00000000,0.00059270
140,2,1.00000000,0.00059270,0.00000000,0.00059270
141,2,1.00000000,0.00059270,0.00000000,0.00059270
142,2,1.00000000,0.00059270,0.00000000,0.00059270
143,2,1.00000000,0.00059270,0.00000000,0.00059270
144,2,1.00000000,0.00059270,0.00000000,0.00059270
145,2,1.00000000,0.00059270,0.00000000,0.00059270
146,2,1.00000000,0.00059270,0.00000000,0.00059270
147,2,1.00000000,0.00059270,0.00000000,0.00059270
148,2,1.00000000,0.00059270,0.00000000,0.00059270
149,2,1.00000000,0.00059270,0.00000000,0.00059270
150,2,1.00000000,0.00059270,0.00000000,0.00059270
151,2,1.00000000,0.00059270,0.00000000,0.00059270
152,2,1.00000000,0.00059270,0.00000000,0.00059270
153,2,1.00000000,0.00059270,0.00000000,0.00059270
154,2,1.00000000,0.00059270,0.00000000,0.00059270
155,2,1.00000000,0.00059270,0.00000000,0.00059270
156,2,1.00000000,0.00059270,0.00000000,0.00059270
157,2,1.00000000,0.00059270,0.00000000,0.00059270
158,2,1.00000000,0.00059270,0.00000000,0.00059270
159,2,1.00000000,0.00059270,0.00000000,0.00059270
0,3,1.00000000,0.00081255,-0.00000000,0.00081255
1,3,1.00000000,0.00081255,-0.00000000,0.00081255
2,3,1.00000000,0.00081255,-0.00000000,0.00081255
3,3,1.00000000,0.00081255,-0.00000000,0.00081255
4,3,1.00000000,0.00081255,-0.00000000,0.00081255
5,3,1.00000000,0.00081255,-0.00000000,0.00081255
6,3,1.00000000,0.00081255,-0.00000000,0.00081255
7,3,1.00000000,0.00081255,-0.00000000,0.00081255
8,3,1.00000000,0.00081255,-0.00000000,0.00081255
9,3,1.00000000,0.00081255,-0.00000000,0.00081255
10,3,1.00000000,0.00081255,-0.00000000,0.00081255
11,3,1.00000000,0.00081255,-0.00000000,0.00081255
12,3,1.00000000,0.00081255,-0.00000000,0.00081255
13,3,1.00000000,0.00081255,-0.00000000,0.00081255
14,3,1.00000000,0.00081255,-0.00000000,0.00081255
15,3,1.00000000,0.00081255,-0.00000000,0.00081255
16,3,1.00000000,0.00081255,-0.00000000,0.00081255
17,3,1.00000000,0.00081255,-0.00000000,0.00081255
18,3,1.00000000,0.00081255,-0.00000000,0.00081255
19,3,1.00000000,0.00081255,-0.00000000,0.00081255
20,3,1.00000000,0.00081255,-0.00000000,0.00081255
21,3,1.00000000,0.00081255,-0.00000000,0.00081255
22,3,1.00000000,0.00081255,-0.00000000,0.00081255
23,3,1.00000000,0.00081255,-0.00000000,0.00081255
24,3,1.00000000,0.00081255,-0.00000000,0.00081255
25,3,1.00000000,0.00081255,-0.00000000,0.00081255
26,3,1.00000000,0.00081255,-0.00000000,0.00081255
27,3,1.00000000,0.00081255,-0.00000000,0.00081255
28,3,1.00000000,0.00081255,-0.00000000,0.00081255
29,3,1.00000000,0.00081255,-0.00000000,0.00081255
30,3,1.00000000,0.00081255,-0.00000000,0.00081255
31,3,1.00000000,0.00081255,-0.00000000,0.00081255
32,3,1.00000000,0.00081255,-0.00000000,0.00081255
33,3,1.00000000,0.00081255,-0.00000000,0.00081255
34,3,1.00000000,0.00081255,-0.00000000,0.00081255
35,3,1.00000000,0.00081255,-0.00000000,0.00081255
36,3,1.00000000,0.00081255,-0.00000000,0.00081255
37,3,1.00000000,0.00081255,-0.00000000,0.00081255
38,3,1.00000000,0.00081255,-0.00000000,0.00081255
39,3,1.00000000,0.00081255,-0.00000000,0.00081255
40,3,1.00000000,0.00081255,-0.00000000,0.00081255
41,3,1.00000000,0.00081255,-0.00000000,0.00081255
42,3,1.00000000,0.00081255,-0.00000000,0.00081255
43,3,1.00000000,0.00081255,-0.00000000,0.00081255
44,3,1.00000000,0.00081255,-0.00000000,0.00081255
45,3,1.00000000,0.00081255,-0.00000000,0.00081255
46,3,1.00000000,0.00081255,-0.00000000,0.00081255
47,3,1.00000000,0.00081255,-0.00000000,0.00081255
48,3,1.00000000,0.00081255,-0.00000000,0.00081255
49,3,1.00000000,0.00081255,-0.00000000,0.00081255
50,3,1.00000000,0.00081255,-0.00000000,0.00081255
51,3,1.00000000,0.00081255,-0.00000000,0.00081255
52,3,1.00000000,0.00081255,-0.00000000,0.00081255
53,3,1.00000000,0.00081255,-0.00000000,0.00081255
54,3,1.00000000,0.00081255,-0.00000000,0.00081255
55,3,1.00000000,0.00081255,-0.00000000,0.00081255
56,3,1.00000000,0.00081255,-0.00000000,0.00081255
57,3,1.00000000,0.00081255,-0.00000000,0.00081255
58,3,1.00000000,0.00081255,-0.00000000,0.00081255
59,3,1.00000000,0.00081255,-0.00000000,0.00081255
60,3,1.00000000,0.00081255,-0.00000000,0.00081255
61,3,1.00000000,0.00081255,-0.00000000,0.00081255
62,3,1.00000000,0.00081255,-0.00000000,0.00081255
63,3,1.00000000,0.00081255,-0.00000000,0.00081255
64,3,1.00000000,0.00081255,-0.00000000,0.00081255
65,3,1.00000000,0.00081255,-0.00000000,0.00081255
66,3,1.00000000,0.00081255,-0.00000000,0.00081255
67,3,1.00000000,0.00081255,-0.00000000,0.00081255
68,3,1.00000000,0.00081255,-0.00000000,0.00081255
69,3,1.00000000,0.00081255,-0.00000000,0.00081255
70,3,1.00000000,0.00081255,-0.00000000,0.00081255
71,3,1.00000000,0.00081255,-0.00000000,0.00081255
72,3,1.00000000,0.00081255,-0.00000000,0.00081255
73,3,1.00000000,0.00081255,-0.00000000,0.00081255
74,3,1.00000000,0.00081255,-0.00000000,0.00081255
75,3,1.00000000,0.00081255,-0.00000000,0.00081255
76,3,1.00000000,0.00081255,-0.00000000,0.00081255
77,3,1.00000000,0.00081255,-0.00000000,0.00081255
78,3,1.00000000,0.00081255,-0.00000000,0.00081255
79,3,1.00000000,0.00081255,-0.00000000,0.00081255
80,3,1.00000000,0.00081255,-0.00000000,0.00081255
81,3,1.00000000,0.00081255,-0.00000000,0.00081255
82,3,1.00000000,0.00081255,-0.00000000,0.00081255
83,3,1.00000000,0.00081255,-0.00000000,0.00081255
84,3,1.00000000,0.00081255,-0.00000000,0.00081255
85,3,1.00000000,0.00081255,-0.00000000,0.00081255
86,3,1.00000000,0.00081255,-0.00000000,0.00081255
87,3,1.00000000,0.00081255,-0.00000000,0.00081255
88,3,1.00000000,0.00081255,-0.00000000,0.00081255
89,3,1.00000000,0.00081255,-0.00000000,0.00081255
90,3,1.00000000,0.00081255,-0.00000000,0.00081255
91,3,1.00000000,0.00081255,-0.00000000,0.00081255
92,3,1.00000000,0.00081255,-0.00000000,0.00081255
93,3,1.00000000,0.00081255,-0.00000000,0.00081255
94,3,1.00000000,0.00081255,-0.00000000,0.00081255
95,3,1.00000000,0.00081255,-0.00000000,0.00081255
96,3,1.00000000,0.00081255,-0.00000000,0.00081255
97,3,1.00000000,0.00081255,-0.00000000,0.00081255
98,3,1.00000000,0.00081255,-0.00000000,0.00081255
99,3,1.00000000,0.00081255,-0.00000000,0.00081255
100,3,1.00000000,0.00081255,-0.00000000,0.00081255
101,3,1.00000000,0.00081255,-0.00000000,0.00081255
102,3,1.00000000,0.00081255,-0.00000000,0.00081255
103,3,1.00000000,0.00081255,-0.00000000,0.00081255
104,3,1.00000000,0.00081255,-0.00000000,0.00081255
105,3,1.00000000,0.00081255,-0.00000000,0.00081255
106,3,1.00000000,0.00081255,-0.00000000,0.00081255
107,3,1.00000000,0.00081255,-0.00000000,0.00081255
108,3,1.00000000,0.00081255,-0.00000000,0.00081255
109,3,1.00000000,0.00081255,-0.00000000,0.00081255
110,3,1.00000000,0.00081255,-0.00000000,0.00081255
111,3,1.00000000,0.00081255,-0.00000000,0.00081255
112,3,1.00000000,0.00081255,-0.00000000,0.00081255
113,3,1.00000000,0.00081255,-0.00000000,0.00081255
114,3,1.00000000,0.00081255,-0.00000000,0.00081255
115,3,1.00000000,0.00081255,-0.00000000,0.00081255
116,3,1.00000000,0.00081255,-0.00000000,0.00081255
117,3,1.00000000,0.00081255,-0.00000000,0.00081255
118,3,1.00000000,0.00081255,-0.00000000,0.00081255
119,3,1.00000000,0.00081255,-0.00000000,0.00081255
120,3,1.00000000,0.00081255,-0.00000000,0.00081255
121,3,1.00000000,0.00081255,-0.00000000,0.00081255
122,3,1.00000000,0.00081255,-0.00000000,0.00081255
123,3,1.00000000,0.00081255,-0.00000000,0.00081255
124,3,1.00000000,0.00081255,-0.00000000,0.00081255
125,3,1.00000000,0.00081255,-0.00000000,0.00081255
126,3,1.00000000,0.00081255,-0.00000000,0.00081255
127,3,1.00000000,0.00081255,-0.00000000,0.00081255
128,3,1.00000000,0.00081255,-0.00000000,0.00081255
129,3,1.00000000,0.00081255,-0.00000000,0.00081255
130,3,1.00000000,0.00081255,-0.00000000,0.00081255
131,3,1.00000000,0.00081255,-0.00000000,0.00081255
132,3,1.00000000,0.00081255,-0.00000000,0.00081255
133,3,1.00000000,0.00081255,-0.00000000,0.00081255
134,3,1.00000000,0.00081255,-0.00000000,0.00081255
135,3,1.00000000,0.00081255,-0.00000000,0.00081255
136,3,1.00000000,0.00081255,-0.00000000,0.00081255
137,3,1.00000000,0.00081255,-0.00000000,0.00081255
138,3,1.00000000,0.00081255,-0.00000000,0.00081255
139,3,1.00000000,0.00081255,-0.00000000,0.00081255
140,3,1.00000000,0.00081255,-0.00000000,0.00081255
141,3,1.00000000,0.00081255,-0.00000000,0.00081255
142,3,1.00000000,0.00081255,-0.00000000,0.00081255
143,3,1.00000000,0.00081255,-0.00000000,0.00081255
144,3,1.00000000,0.00081255,-0.00000000,0.00081255
145,3,1.00000000,0.00081255,-0.00000000,0.00081255
146,3,1.00000000,0.00081255,-0.00000000,0.00081255
147,3,1.00000000,0.00081255,-0.00000000,0.00081255
148,3,1.00000000,0.00081255,-0.00000000,0.00081255
149,3,1.00000000,0.00081255,-0.00000000,0.00081255
150,3,1.00000000,0.00081255,-0.00000000,0.00081255
151,3,1.00000000,0.00081255,-0.00000000,0.00081255
152,3,1.00000000,0.00081255,-0.00000000,0.00081255
153,3,1.00000000,0.00081255,-0.00000000,0.00081255
154,3,1.00000000,0.00081255,-0.00000000,0.00081255
155,3,1.00000000,0.00081255,-0.00000000,0.00081255
156,3,1.00000000,0.00081255,-0.00000000,0.00081255
157,3,1.00000000,0.00081255,-0.00000000,0.00081255
158,3,1.00000000,0.00081255,-0.00000000,0.00081255
159,3,1.00000000,0.00081255,-0.00000000,0.00081255
0,4,1.00000000,0.00102239,0.00000000,0.00102239
1,4,1.00000000,0.00102239,0.00000000,0.00102239
2,4,1.00000000,0.00102239,0.00000000,0.00102239
3,4,1.00000000,0.00102239,0.00000000,0.00102239
4,4,1.00000000,0.00102239,0.00000000,0.00102239
5,4,1.00000000,0.00102239,0.00000000,0.00102239
6,4,1.00000000,0.00102239,0.00000000,0.00102239
7,4,1.00000000,0.00102239,0.00000000,0.00102239
8,4,1.00000000,0.00102239,0.00000000,0.00102239
9,4,1.00000000,0.00102239,0.00000000,0.00102239
10,4,1.00000000,0.00102239,0.00000000,0.00102239
11,4,1.00000000,0.00102239,0.00000000,0.00102239
12,4,1.00000000,0.00102239,0.00000000,0.00102239
13,4,1.00000000,0.00102239,0.00000000,0.00102239
14,4,1.00000000,0.00102239,0.00000000,0.00102239
15,4,1.00000000,0.00102239,0.00000000,0.00102239
16,4,1.00000000,0.00102239,0.00000000,0.00102239
17,4,1.00000000,0.00102239,0.00000000,0.00102239
18,4,1.00000000,0.00102239,0.00000000,0.00102239
19,4,1.00000000,0.00102239,0.00000000,0.00102239
20,4,1.00000000,0.00102239,0.00000000,0.00102239
21,4,1.00000000,0.00102239,0.00000000,0.00102239
22,4,1.00000000,0.00102239,0.00000000,0.00102239
23,4,1.00000000,0.00102239,0.00000000,0.00102239
24,4,1.00000000,0.00102239,0.00000000,0.00102239
25,4,1.00000000,0.00102239,0.00000000,0.00102239
26,4,1.00000000,0.00102239,0.00000000,0.00102239
27,4,1.00000000,0.00102239,0.00000000,0.00102239
28,4,1.00000000,0.00102239,0.00000000,0.00102239
29,4,1.00000000,0.00102239,0.00000000,0.00102239
30,4,1.00000000,0.00102239,0.00000000,0.00102239
31,4,1.00000000,0.00102239,0.00000000,0.00102239
32,4,1.00000000,0.00102239,0.00000000,0.00102239
33,4,1.00000000,0.00102239,0.00000000,0.00102239
34,4,1.00000000,0.00102239,0.00000000,0.00102239
35,4,1.00000000,0.00102239,0.00000000,0.00102239
36,4,1.00000000,0.00102239,0.00000000,0.00102239
37,4,1.00000000,0.00102239,0.00000000,0.00102239
38,4,1.00000000,0.00102239,0.00000000,0.00102239
39,4,1.00000000,0.00102239,0.00000000,0.00102239
40,4,1.00000000,0.00102239,0.00000000,0.00102239
41,4,1.00000000,0.00102239,0.00000000,0.00102239
42,4,1.00000000,0.00102239,0.00000000,0.00102239
43,4,1.00000000,0.00102239,0.00000000,0.00102239
44,4,1.00000000,0.00102239,0.00000000,0.00102239
45,4,1.00000000,0.00102239,0.00000000,0.00102239
46,4,1.00000000,0.00102239,0.00000000,0.00102239
47,4,1.00000000,0.00102239,0.00000000,0.00102239
48,4,1.00000000,0.00102239,0.00000000,0.00102239
49,4,1.00000000,0.00102239,0.00000000,0.00102239
50,4,1.00000000,0.00102239,0.00000000,0.00102239
51,4,1.00000000,0.00102239,0.00000000,0.00102239
52,4,1.00000000,0.00102239,0.00000000,0.00102239
53,4,1.00000000,0.00102239,0.00000000,0.00102239
54,4,1.00000000,0.00102239,0.00000000,0.00102239
55,4,1.00000000,0.00102239,0.00000000,0.00102239
56,4,1.00000000,0.00102239,0.00000000,0.00102239
57,4,1.00000000,0.00102239,0.00000000,0.00102239
58,4,1.00000000,0.00102239,0.00000000,0.00102239
59,4,1.00000000,0.00102239,0.00000000,0.00102239
60,4,1.00000000,0.00102239,0.00000000,0.00102239
61,4,1.00000000,0.00102239,0.00000000,0.00102239
62,4,1.00000000,0.00102239,0.00000000,0.00102239
63,4,1.00000000,0.00102239,0.00000000,0.00102239
64,4,1.00000000,0.00102239,0.00000000,0.00102239
65,4,1.00000000,0.00102239,0.00000000,0.00102239
66,4,1.00000000,0.00102239,0.00000000,0.00102239
67,4,1.00000000,0.00102239,0.00000000,0.00102239
68,4,1.00000000,0.00102239,0.00000000,0.00102239
69,4,1.00000000,0.00102239,0.00000000,0.00102239
70,4,1.00000000,0.00102239,0.00000000,0.00102239
71,4,1.00000000,0.00102239,0.00000000,0.00102239
72,4,1.00000000,0.00102239,0.00000000,0.00102239
73,4,1.00000000,0.00102239,0.00000000,0.00102239
74,4,1.00000000,0.00102239,0.00000000,0.00102239
75,4,1.00000000,0.00102239,0.00000000,0.00102239
76,4,1.00000000,0.00102239,0.00000000,0.00102239
77,4,1.00000000,0.00102239,0.00000000,0.00102239
78,4,1.00000000,0.00102239,0.00000000,0.00102239
79,4,1.00000000,0.00102239,0.00000000,0.00102239
80,4,1.00000000,0.00102239,0.00000000,0.00102239
81,4,1.00000000,0.00102239,0.00000000,0.00102239
82,4,1.00000000,0.00102239,0.00000000,0.00102239
83,4,1.00000000,0.00102239,0.00000000,0.00102239
84,4,1.00000000,0.00102239,0.00000000,0.00102239
85,4,1.00000000,0.00102239,0.00000000,0.00102239
86,4,1.00000000,0.00102239,0.00000000,0.00102239
87,4,1.00000000,0.00102239,0.00000000,0.00102239
88,4,1.00000000,0.00102239,0.00000000,0.00102239
89,4,1.00000000,0.00102239,0.00000000,0.00102239
90,4,1.00000000,0.00102239,0.00000000,0.00102239
91,4,1.00000000,0.00102239,0.00000000,0.00102239
92,4,1.00000000,0.00102239,0.00000000,0.00102239
93,4,1.00000000,0.00102239,0.00000000,0.00102239
94,4,1.00000000,0.00102239,0.00000000,0.00102239
95,4,1.00000000,0.00102239,0.00000000,0.00102239
96,4,1.00000000,0.00102239,0.00000000,0.00102239
97,4,1.00000000,0.00102239,0.00000000,0.00102239
98,4,1.00000000,0.00102239,0.00000000,0.00102239
99,4,1.00000000,0.00102239,0.00000000,0.00102239
100,4,1.00000000,0.00102239,0.00000000,0.00102239
101,4,1.00000000,0.00102239,0.00000000,0.00102239
102,4,1.00000000,0.00102239,0.00000000,0.00102239
103,4,1.00000000,0.00102239,0.00000000,0.00102239
104,4,1.00000000,0.00102239,0.00000000,0.00102239
105,4,1.00000000,0.00102239,0.00000000,0.00102239
106,4,1.00000000,0.00102239,0.00000000,0.00102239
107,4,1.00000000,0.00102239,0.00000000,0.00102239
108,4,1.00000000,0.00102239,0.00000000,0.00102239
109,4,1.00000000,0.00102239,0.00000000,0.00102239
110,4,1.00000000,0.00102239,0.00000000,0.00102239
111,4,1.00000000,0.00102239,0.00000000,0.00102239
112,4,1.00000000,0.00102239,0.00000000,0.00102239
113,4,1.00000000,0.00102239,0.00000000,0.00102239
114,4,1.00000000,0.00102239,0.00000000,0.00102239
115,4,1.00000000,0.00102239,0.00000000,0.00102239
116,4,1.00000000,0.00102239,0.00000000,0.00102239
117,4,1.00000000,0.00102239,0.00000000,0.00102239
118,4,1.00000000,0.00102239,0.00000000,0.00102239
119,4,1.00000000,0.00102239,0.00000000,0.00102239
120,4,1.00000000,0.00102239,0.00000000,0.00102239
121,4,1.00000000,0.00102239,0.00000000,0.00102239
122,4,1.00000000,0.00102239,0.00000000,0.00102239
123,4,1.00000000,0.00102239,0.00000000,0.00102239
124,4,1.00000000,0.00102239,0.00000000,0.00102239
125,4,1.00000000,0.00102239,0.00000000,0.00102239
126,4,1.00000000,0.00102239,0.00000000,0.00102239
127,4,1.00000000,0.00102239,0.00000000,0.00102239
128,4,1.00000000,0.00102239,0.00000000,0.00102239
129,4,1.00000000,0.00102239,0.00000000,0.00102239
130,4,1.00000000,0.00102239,0.00000000,0.00102239
131,4,1.00000000,0.00102239,0.00000000,0.00102239
132,4,1.00000000,0.00102239,0.00000000,0.00102239
133,4,1.00000000,0.00102239,0.00000000,0.00102239
134,4,1.00000000,0.00102239,0.00000000,0.00102239
135,4,1.00000000,0.00102239,0.00000000,0.00102239
136,4,1.00000000,0.00102239,0.00000000,0.00102239
137,4,1.00000000,0.00102239,0.00000000,0.00102239
138,4,1.00000000,0.00102239,0.00000000,0.00102239
139,4,1.00000000,0.00102239,0.00000000,0.00102239
140,4,1.00000000,0.00102239,0.00000000,0.00102239
141,4,1.00000000,0.00102239,0.00000000,0.00102239
142,4,1.00000000,0.00102239,0.00000000,0.00102239
143,4,1.00000000,0.00102239,0.00000000,0.00102239
144,4,1.00000000,0.00102239,0.00000000,0.00102239
145,4,1.00000000,0.00102239,0.00000000,0.00102239
146,4,1.00000000,0.00102239,0.00000000,0.00102239
147,4,1.00000000,0.00102239,0.00000000,0.00102239
148,4,1.00000000,0.00102239,0.00000000,0.00102239
149,4,1.00000000,0.00102239,0.00000000,0.00102239
150,4,1.00000000,0.00102239,0.00000000,0.00102239
151,4,1.00000000,0.00102239,0.00000000,0.00102239
152,4,1.00000000,0.00102239,0.00000000,0.00102239
153,4,1.00000000,0.00102239,0.00000000,0.00102239
154,4,1.00000000,0.00102239,0.00000000,0.00102239
155,4,1.00000000,0.00102239,0.00000000,0.00102239
156,4,1.00000000,0.00102239,0.00000000,0.00102239
157,4,1.00000000,0.00102239,0.00000000,0.00102239
158,4,1.00000000,0.00102239,0.00000000,0.00102239
159,4,1.00000000,0.00102239,0.00000000,0.00102239
0,5,1.00000000,0.00122224,-0.00000000,0.00122224
1,5,1.00000000,0.00122224,-0.00000000,0.00122224
2,5,1.00000000,0.00122224,-0.00000000,0.00122224
3,5,1.00000000,0.00122224,-0.00000000,0.00122224
4,5,1.00000000,0.00122224,-0.00000000,0.00122224
5,5,1.00000000,0.00122224,-0.00000000,0.00122224
6,5,1.00000000,0.00122224,-0.00000000,0.00122224
7,5,1.00000000,0.00122224,-0.00000000,0.00122224
8,5,1.00000000,0.00122224,-0.00000000,0.00122224
9,5,1.00000000,0.00122224,-0.00000000,0.00122224
10,5,1.00000000,0.00122224,-0.00000000,0.00122224
11,5,1.00000000,0.00122224,-0.00000000,0.00122224
12,5,1.00000000,0.00122224,-0.00000000,0.00122224
13,5,1.00000000,0.00122224,-0.00000000,0.00122224
14,5,1.00000000,0.00122224,-0.00000000,0.00122224
15,5,1.00000000,0.00122224,-0.00000000,0.00122224
16,5,1.00000000,0.00122224,-0.00000000,0.00122224
17,5,1.00000000,0.00122224,-0.00000000,0.00122224
18,5,1.00000000,0.00122224,-0.00000000,0.00122224
19,5,1.00000000,0.00122224,-0.00000000,0.00122224
20,5,1.00000000,0.00122224,-0.00000000,0.00122224
21,5,1.00000000,0.00122224,-0.00000000,0.00122224
22,5,1.00000000,0.00122224,-0.00000000,0.00122224
23,5,1.00000000,0.00122224,-0.00000000,0.00122224
24,5,1.00000000,0.00122224,-0.00000000,0.00122224
25,5,1.00000000,0.00122224,-0.00000000,0.00122224
26,5,1.00000000,0.00122224,-0.00000000,0.00122224
27,5,1.00000000,0.00122224,-0.00000000,0.00122224
28,5,1.00000000,0.00122224,-0.00000000,0.00122224
29,5,1.00000000,0.00122224,-0.00000000,0.00122224
30,5,1.00000000,0.00122224,-0.00000000,0.00122224
31,5,1.00000000,0.00122224,-0.00000000,0.00122224
32,5,1.00000000,0.00122224,-0.00000000,0.00122224
33,5,1.00000000,0.00122224,-0.00000000,0.00122224
34,5,1.00000000,0.00122224,-0.00000000,0.00122224
35,5,1.00000000,0.00122224,-0.00000000,0.00122224
36,5,1.00000000,0.00122224,-0.00000000,0.00122224
37,5,1.00000000,0.00122224,-0.00000000,0.00122224
38,5,1.00000000,0.00122224,-0.00000000,0.00122224
39,5,1.00000000,0.00122224,-0.00000000,0.00122224
40,5,1.00000000,0.00122224,-0.00000000,0.00122224
41,5,1.00000000,0.00122224,-0.00000000,0.00122224
42,5,1.00000000,0.00122224,-0.00000000,0.00122224
43,5,1.00000000,0.00122224,-0.00000000,0.00122224
44,5,1.00000000,0.00122224,-0.00000000,0.00122224
45,5,1.00000000,0.00122224,-0.00000000,0.00122224
46,5,1.00000000,0.00122224,-0.00000000,0.00122224
47,5,1.00000000,0.00122224,-0.00000000,0.00122224
48,5,1.00000000,0.00122224,-0.00000000,0.00122224
49,5,1.00000000,0.00122224,-0.00000000,0.00122224
50,5,1.00000000,0.00122224,-0.00000000,0.00122224
51,5,1.00000000,0.00122224,-0.00000000,0.00122224
52,5,1.00000000,0.00122224,-0.00000000,0.00122224
53,5,1.00000000,0.00122224,-0.00000000,0.00122224
54,5,1.00000000,0.00122224,-0.00000000,0.00122224
55,5,1.00000000,0.00122224,-0.00000000,0.00122224
56,5,1.00000000,0.00122224,-0.00000000,0.00122224
57,5,1.00000000,0.00122224,-0.00000000,0.00122224
58,5,1.00000000,0.00122224,-0.00000000,0.00122224
59,5,1.00000000,0.00122224,-0.00000000,0.00122224
60,5,1.00000000,0.00122224,-0.00000000,0.00122224
61,5,1.00000000,0.00122224,-0.00000000,0.00122224
62,5,1.00000000,0.00122224,-0.00000000,0.00122224
63,5,1.00000000,0.00122224,-0.00000000,0.00122224
64,5,1.00000000,0.00122224,-0.00000000,0.00122224
65,5,1.00000000,0.00122224,-0.00000000,0.00122224
66,5,1.00000000,0.00122224,-0.00000000,0.00122224
67,5,1.00000000,0.00122224,-0.00000000,0.00122224
68,5,1.00000000,0.00122224,-0.00000000,0.00122224
69,5,1.00000000,0.00122224,-0.00000000,0.00122224
70,5,1.00000000,0.00122224,-0.00000000,0.00122224
71,5,1.00000000,0.00122224,-0.00000000,0.00122224
72,5,1.00000000,0.00122224,-0.00000000,0.00122224
73,5,1.00000000,0.00122224,-0.00000000,0.00122224
74,5,1.00000000,0.00122224,-0.00000000,0.00122224
75,5,1.00000000,0.00122224,-0.00000000,0.00122224
76,5,1.00000000,0.00122224,-0.00000000,0.00122224
77,5,1.00000000,0.00122224,-0.00000000,0.00122224
78,5,1.00000000,0.00122224,-0.00000000,0.00122224
79,5,1.00000000,0.00122224,-0.00000000,0.00122224
80,5,1.00000000,0.00122224,-0.00000000,0.00122224
81,5,1.00000000,0.00122224,-0.00000000,0.00122224
82,5,1.00000000,0.00122224,-0.00000000,0.00122224
83,5,1.00000000,0.00122224,-0.00000000,0.00122224
84,5,1.00000000,0.00122224,-0.00000000,0.00122224
85,5,1.00000000,0.00122224,-0.00000000,0.00122224
86,5,1.00000000,0.00122224,-0.00000000,0.00122224
87,5,1.00000000,0.00122224,-0.00000000,0.00122224
88,5,1.00000000,0.00122224,-0.00000000,0.00122224
89,5,1.00000000,0.00122224,-0.00000000,0.00122224
90,5,1.00000000,0.00122224,-0.00000000,0.00122224
91,5,1.00000000,0.00122224,-0.00000000,0.00122224
92,5,1.00000000,0.00122224,-0.00000000,0.00122224
93,5,1.00000000,0.00122224,-0.00000000,0.00122224
94,5,1.00000000,0.00122224,-0.00000000,0.00122224
95,5,1.00000000,0.00122224,-0.00000000,0.00122224
96,5,1.00000000,0.00122224,-0.00000000,0.00122224
97,5,1.00000000,0.00122224,-0.00000000,0.00122224
98,5,1.00000000,0.00122224,-0.00000000,0.00122224
99,5,1.00000000,0.00122224,-0.00000000,0.00122224
100,5,1.00000000,0.00122224,-0.00000000,0.00122224
101,5,1.00000000,0.00122224,-0.00000000,0.00122224
102,5,1.00000000,0.00122224,-0.00000000,0.00122224
103,5,1.00000000,0.00122224,-0.00000000,0.00122224
104,5,1.00000000,0.00122224,-0.00000000,0.00122224
105,5,1.00000000,0.00122224,-0.00000000,0.00122224
106,5,1.00000000,0.00122224,-0.00000000,0.00122224
107,5,1.00000000,0.00122224,-0.00000000,0.00122224
108,5,1.00000000,0.00122224,-0.00000000,0.00122224
109,5,1.00000000,0.00122224,-0.00000000,0.00122224
110,5,1.00000000,0.00122224,-0.00000000,0.00122224
111,5,1.00000000,0.00122224,-0.00000000,0.00122224
112,5,1.00000000,0.00122224,-0.00000000,0.00122224
113,5,1.00000000,0.00122224,-0.00000000,0.00122224
114,5,1.00000000,0.00122224,-0.00000000,0.00122224
115,5,1.00000000,0.00122224,-0.00000000,0.00122224
116,5,1.00000000,0.00122224,-0.00000000,0.00122224
117,5,1.00000000,0.00122224,-0.00000000,0.00122224
118,5,1.00000000,0.00122224,-0.00000000,0.00122224
119,5,1.00000000,0.00122224,-0.00000000,0.00122224
120,5,1.00000000,0.00122224,-0.00000000,0.00122224
121,5,1.00000000,0.00122224,-0.00000000,0.00122224
122,5,1.00000000,0.00122224,-0.00000000,0.00122224
123,5,1.00000000,0.00122224,-0.00000000,0.00122224
124,5,1.00000000,0.00122224,-0.00000000,0.00122224
125,5,1.00000000,0.00122224,-0.00000000,0.00122224
126,5,1.00000000,0.00122224,-0.00000000,0.00122224
127,5,1.00000000,0.00122224,-0.00000000,0.00122224
128,5,1.00000000,0.00122224,-0.00000000,0.00122224
129,5,1.00000000,0.00122224,-0.00000000,0.00122224
130,5,1.00000000,0.00122224,-0.00000000,0.00122224
131,5,1.00000000,0.00122224,-0.00000000,0.00122224
132,5,1.00000000,0.00122224,-0.00000000,0.00122224
133,5,1.00000000,0.00122224,-0.00000000,0.00122224
134,5,1.00000000,0.00122224,-0.00000000,0.00122224
135,5,1.00000000,0.00122224,-0.00000000,0.00122224
136,5,1.00000000,0.00122224,-0.00000000,0.00122224
137,5,1.00000000,0.00122224,-0.00000000,0.00122224
138,5,1.00000000,0.00122224,-0.00000000,0.00122224
139,5,1.00000000,0.00122224,-0.00000000,0.00122224
140,5,1.00000000,0.00122224,-0.00000000,0.00122224
141,5,1.00000000,0.00122224,-0.00000000,0.00122224
142,5,1.00000000,0.00122224,-0.00000000,0.00122224
143,5,1.00000000,0.00122224,-0.00000000,0.00122224
144,5,1.00000000,0.00122224,-0.00000000,0.00122224
145,5,1.00000000,0.00122224,-0.00000000,0.00122224
146,5,1.00000000,0.00122224,-0.00000000,0.00122224
147,5,1.00000000,0.00122224,-0.00000000,0.00122224
148,5,1.00000000,0.00122224,-0.00000000,0.00122224
149,5,1.00000000,0.00122224,-0.00000000,0.00122224
150,5,1.00000000,0.00122224,-0.00000000,0.00122224
151,5,1.00000000,0.00122224,-0.00000000,0.00122224
152,5,1.00000000,0.00122224,-0.00000000,0.00122224
153,5,1.00000000,0.00122224,-0.00000000,0.00122224
154,5,1.00000000,0.00122224,-0.00000000,0.00122224
155,5,1.00000000,0.00122224,-0.00000000,0.00122224
156,5,1.00000000,0.00122224,-0.00000000,0.00122224
157,5,1.00000000,0.00122224,-0.00000000,0.00122224
158,5,1.00000000,0.00122224,-0.00000000,0.00122224
159,5,1.00000000,0.00122224,-0.00000000,0.00122224
0,6,1.00000000,0.00141209,0.00000000,0.00141209
1,6,1.00000000,0.00141209,0.00000000,0.00141209
2,6,1.00000000,0.00141209,0.00000000,0.00141209
3,6,1.00000000,0.00141209,0.00000000,0.00141209
4,6,1.00000000,0.00141209,0.00000000,0.00141209
5,6,1.00000000,0.00141209,0.00000000,0.00141209
6,6,1.00000000,0.00141209,0.00000000,0.00141209
7,6,1.00000000,0.00141209,0.00000000,0.00141209
8,6,1.00000000,0.00141209,0.00000000,0.00141209
9,6,1.00000000,0.00141209,0.00000000,0.00141209
10,6,1.00000000,0.00141209,0.00000000,0.00141209
11,6,1.00000000,0.00141209,0.00000000,0.00141209
12,6,1.00000000,0.00141209,0.00000000,0.00141209
13,6,1.00000000,0.00141209,0.00000000,0.00141209
14,6,1.00000000,0.00141209,0.00000000,0.00141209
15,6,1.00000000,0.00141209,0.00000000,0.00141209
16,6,1.00000000,0.00141209,0.00000000,0.00141209
17,6,1.00000000,0.00141209,0.00000000,0.00141209
18,6,1.00000000,0.00141209,0.00000000,0.00141209
19,6,1.00000000,0.00141209,0.00000000,0.00141209
20,6,1.00000000,0.00141209,0.00000000,0.00141209
21,6,1.00000000,0.00141209,0.00000000,0.00141209
22,6,1.00000000,0.00141209,0.00000000,0.00141209
23,6,1.00000000,0.00141209,0.00000000,0.00141209
24,6,1.00000000,0.00141209,0.00000000,0.00141209
25,6,1.00000000,0.00141209,0.00000000,0.00141209
26,6,1.00000000,0.00141209,0.00000000,0.00141209
27,6,1.00000000,0.00141209,0.00000000,0.00141209
28,6,1.00000000,0.00141209,0.00000000,0.00141209
29,6,1.00000000,0.00141209,0.00000000,0.00141209
30,6,1.00000000,0.00141209,0.00000000,0.00141209
31,6,1.00000000,0.00141209,0.00000000,0.00141209
32,6,1.00000000,0.00141209,0.00000000,0.00141209
33,6,1.00000000,0.00141209,0.00000000,0.00141209
34,6,1.00000000,0.00141209,0.00000000,0.00141209
35,6,1.00000000,0.00141209,0.00000000,0.00141209
36,6,1.00000000,0.00141209,0.00000000,0.00141209
37,6,1.00000000,0.00141209,0.00000000,0.00141209
38,6,1.00000000,0.00141209,0.00000000,0.00141209
39,6,1.00000000,0.00141209,0.00000000,0.00141209
40,6,1.00000000,0.00141209,0.00000000,0.00141209
41,6,1.00000000,0.00141209,0.00000000,0.00141209
42,6,1.00000000,0.00141209,0.00000000,0.00141209
43,6,1.00000000,0.00141209,0.00000000,0.00141209
44,6,1.00000000,0.00141209,0.00000000,0.00141209
45,6,1.00000000,0.00141209,0.00000000,0.00141209
46,6,1.00000000,0.00141209,0.00000000,0.00141209
47,6,1.00000000,0.00141209,0.00000000,0.00141209
48,6,1.00000000,0.00141209,0.00000000,0.00141209
49,6,1.00000000,0.00141209,0.00000000,0.00141209
50,6,1.00000000,0.00141209,0.00000000,0.00141209
51,6,1.00000000,0.00141209,0.00000000,0.00141209
52,6,1.00000000,0.00141209,0.00000000,0.00141209
53,6,1.00000000,0.00141209,0.00000000,0.00141209
54,6,1.00000000,0.00141209,0.00000000,0.00141209
55,6,1.00000000,0.00141209,0.00000000,0.00141209
56,6,1.00000000,0.00141209,0.00000000,0.00141209
57,6,1.00000000,0.00141209,0.00000000,0.00141209
58,6,1.00000000,0.00141209,0.00000000,0.00141209
59,6,1.00000000,0.00141209,0.00000000,0.00141209
60,6,1.00000000,0.00141209,0.00000000,0.00141209
61,6,1.00000000,0.00141209,0.00000000,0.00141209
62,6,1.00000000,0.00141209,0.00000000,0.00141209
63,6,1.00000000,0.00141209,0.00000000,0.00141209
64,6,1.00000000,0.00141209,0.00000000,0.00141209
65,6,1.00000000,0.00141209,0.00000000,0.00141209
66,6,1.00000000,0.00141209,0.00000000,0.00141209
67,6,1.00000000,0.00141209,0.00000000,0.00141209
68,6,1.00000000,0.00141209,0.00000000,0.00141209
69,6,1.00000000,0.00141209,0.00000000,0.00141209
70,6,1.00000000,0.00141209,0.00000000,0.00141209
71,6,1.00000000,0.00141209,0.00000000,0.00141209
72,6,1.00000000,0.00141209,0.00000000,0.00141209
73,6,1.00000000,0.00141209,0.00000000,0.00141209
74,6,1.00000000,0.00141209,0.00000000,0.00141209
75,6,1.00000000,0.00141209,0.00000000,0.00141209
76,6,1.00000000,0.00141209,0.00000000,0.00141209
77,6,1.00000000,0.00141209,0.00000000,0.00141209
78,6,1.00000000,0.00141209,0.00000000,0.00141209
79,6,1.00000000,0.00141209,0.00000000,0.00141209
80,6,1.00000000,0.00141209,0.00000000,0.00141209
81,6,1.00000000,0.00141209,0.00000000,0.00141209
82,6,1.00000000,0.00141209,0.00000000,0.00141209
83,6,1.00000000,0.00141209,0.00000000,0.00141209
84,6,1.00000000,0.00141209,0.00000000,0.00141209
85,6,1.00000000,0.00141209,0.00000000,0.00141209
86,6,1.00000000,0.00141209,0.00000000,0.00141209
87,6,1.00000000,0.00141209,0.00000000,0.00141209
88,6,1.00000000,0.00141209,0.00000000,0.00141209
89,6,1.00000000,0.00141209,0.00000000,0.00141209
90,6,1.00000000,0.00141209,0.00000000,0.00141209
91,6,1.00000000,0.00141209,0.00000000,0.00141209
92,6,1.00000000,0.00141209,0.00000000,0.00141209
93,6,1.00000000,0.00141209,0.00000000,0.00141209
94,6,1.00000000,0.00141209,0.00000000,0.00141209
95,6,1.00000000,0.00141209,0.00000000,0.00141209
96,6,1.00000000,0.00141209,0.00000000,0.00141209
97,6,1.00000000,0.00141209,0.00000000,0.00141209
98,6,1.00000000,0.00141209,0.00000000,0.00141209
99,6,1.00000000,0.00141209,0.00000000,0.00141209
100,6,1.00000000,0.00141209,0.00000000,0.00141209
101,6,1.00000000,0.00141209,0.00000000,0.00141209
102,6,1.00000000,0.00141209,0.00000000,0.00141209
103,6,1.00000000,0.00141209,0.00000000,0.00141209
104,6,1.00000000,0.00141209,0.00000000,0.00141209
105,6,1.00000000,0.00141209,0.00000000,0.00141209
106,6,1.00000000,0.00141209,0.00000000,0.00141209
107,6,1.00000000,0.00141209,0.00000000,0.00141209
108,6,1.00000000,0.00141209,0.00000000,0.00141209
109,6,1.00000000,0.00141209,0.00000000,0.00141209
110,6,1.00000000,0.00141209,0.00000000,0.00141209
111,6,1.00000000,0.00141209,0.00000000,0.00141209
112,6,1.00000000,0.00141209,0.00000000,0.00141209
113,6,1.00000000,0.00141209,0.00000000,0.00141209
114,6,1.00000000,0.00141209,0.00000000,0.00141209
115,6,1.00000000,0.00141209,0.00000000,0.00141209
116,6,1.00000000,0.00141209,0.00000000,0.00141209
117,6,1.00000000,0.00141209,0.00000000,0.00141209
118,6,1.00000000,0.00141209,0.00000000,0.00141209
119,6,1.00000000,0.00141209,0.00000000,0.00141209
120,6,1.00000000,0.00141209,0.00000000,0.00141209
121,6,1.00000000,0.00141209,0.00000000,0.00141209
122,6,1.00000000,0.00141209,0.00000000,0.00141209
123,6,1.00000000,0.00141209,0.00000000,0.00141209
124,6,1.00000000,0.00141209,0.00000000,0.00141209
125,6,1.00000000,0.00141209,0.00000000,0.00141209
126,6,1.00000000,0.00141209,0.00000000,0.00141209
127,6,1.00000000,0.00141209,0.00000000,0.00141209
128,6,1.00000000,0.00141209,0.00000000,0.00141209
129,6,1.00000000,0.00141209,0.00000000,0.00141209
130,6,1.00000000,0.00141209,0.00000000,0.00141209
131,6,1.00000000,0.00141209,0.00000000,0.00141209
132,6,1.00000000,0.00141209,0.00000000,0.00141209
133,6,1.00000000,0.00141209,0.00000000,0.00141209
134,6,1.00000000,0.00141209,0.00000000,0.00141209
135,6,1.00000000,0.00141209,0.00000000,0.00141209
136,6,1.00000000,0.00141209,0.00000000,0.00141209
137,6,1.00000000,0.00141209,0.00000000,0.00141209
138,6,1.00000000,0.00141209,0.00000000,0.00141209
139,6,1.00000000,0.00141209,0.00000000,0.00141209
140,6,1.00000000,0.00141209,0.00000000,0.00141209
141,6,1.00000000,0.00141209,0.00000000,0.00141209
142,6,1.00000000,0.00141209,0.00000000,0.00141209
143,6,1.00000000,0.00141209,0.00000000,0.00141209
144,6,1.00000000,0.00141209,0.00000000,0.00141209
145,6,1.00000000,0.00141209,0.00000000,0.00141209
146,6,1.00000000,0.00141209,0.00000000,0.00141209
147,6,1.00000000,0.00141209,0.00000000,0.00141209
148,6,1.00000000,0.00141209,0.00000000,0.00141209
149,6,1.00000000,0.00141209,0.00000000,0.00141209
150,6,1.00000000,0.00141209,0.00000000,0.00141209
151,6,1.00000000,0.00141209,0.00000000,0.00141209
152,6,1.00000000,0.00141209,0.00000000,0.00141209
153,6,1.00000000,0.00141209,0.00000000,0.00141209
154,6,1.00000000,0.00141209,0.00000000,0.00141209
155,6,1.00000000,0.00141209,0.00000000,0.00141209
156,6,1.00000000,0.00141209,0.00000000,0.00141209
157,6,1.00000000,0.00141209,0.00000000,0.00141209
158,6,1.00000000,0.00141209,0.00000000,0.00141209
159,6,1.00000000,0.00141209,0.00000000,0.00141209
0,7,1.00000000,0.00159195,-0.00000000,0.00159195
1,7,1.00000000,0.00159195,-0.00000000,0.00159195
2,7,1.00000000,0.00159195,-0.00000000,0.00159195
3,7,1.00000000,0.00159195,-0.00000000,0.00159195
4,7,1.00000000,0.00159195,-0.00000000,0.00159195
5,7,1.00000000,0.00159195,-0.00000000,0.00159195
6,7,1.00000000,0.00159195,-0.00000000,0.00159195
7,7,1.00000000,0.00159195,-0.00000000,0.00159195
8,7,1.00000000,0.00159195,-0.00000000,0.00159195
9,7,1.00000000,0.00159195,-0.00000000,0.00159195
10,7,1.00000000,0.00159195,-0.00000000,0.00159195
11,7,1.00000000,0.00159195,-0.00000000,0.00159195
12,7,1.00000000,0.00159195,-0.00000000,0.00159195
13,7,1.00000000,0.00159195,-0.00000000,0.00159195
14,7,1.00000000,0.00159195,-0.00000000,0.00159195
15,7,1.00000000,0.00159195,-0.00000000,0.00159195
16,7,1.00000000,0.00159195,-0.00000000,0.00159195
17,7,1.00000000,0.00159195,-0.00000000,0.00159195
18,7,1.00000000,0.00159195,-0.00000000,0.00159195
19,7,1.00000000,0.00159195,-0.00000000,0.00159195
20,7,1.00000000,0.00159195,-0.00000000,0.00159195
21,7,1.00000000,0.00159195,-0.00000000,0.00159195
22,7,1.00000000,0.00159195,-0.00000000,0.00159195
23,7,1.00000000,0.00159195,-0.00000000,0.00159195
24,7,1.00000000,0.00159195,-0.00000000,0.00159195
25,7,1.00000000,0.00159195,-0.00000000,0.00159195
26,7,1.00000000,0.00159195,-0.00000000,0.00159195
27,7,1.00000000,0.00159195,-0.00000000,0.00159195
28,7,1.00000000,0.00159195,-0.00000000,0.00159195
29,7,1.00000000,0.00159195,-0.00000000,0.00159195
30,7,1.00000000,0.00159195,-0.00000000,0.00159195
31,7,1.00000000,0.00159195,-0.00000000,0.00159195
32,7,1.00000000,0.00159195,-0.00000000,0.00159195
33,7,1.00000000,0.00159195,-0.00000000,0.00159195
34,7,1.00000000,0.00159195,-0.00000000,0.00159195
35,7,1.00000000,0.00159195,-0.00000000,0.00159195
36,7,1.00000000,0.00159195,-0.00000000,0.00159195
37,7,1.00000000,0.00159195,-0.00000000,0.00159195
38,7,1.00000000,0.00159195,-0.00000000,0.00159195
39,7,1.00000000,0.00159195,-0.00000000,0.00159195
40,7,1.00000000,0.00159195,-0.00000000,0.00159195
41,7,1.00000000,0.00159195,-0.00000000,0.00159195
42,7,1.00000000,0.00159195,-0.00000000,0.00159195
43,7,1.00000000,0.00159195,-0.00000000,0.00159195
44,7,1.00000000,0.00159195,-0.00000000,0.00159195
45,7,1.00000000,0.00159195,-0.00000000,0.00159195
46,7,1.00000000,0.00159195,-0.00000000,0.00159195
47,7,1.00000000,0.00159195,-0.00000000,0.00159195
48,7,1.00000000,0.00159195,-0.00000000,0.00159195
49,7,1.00000000,0.00159195,-0.00000000,0.00159195
50,7,1.00000000,0.00159195,-0.00000000,0.00159195
51,7,1.00000000,0.00159195,-0.00000000,0.00159195
52,7,1.00000000,0.00159195,-0.00000000,0.00159195
53,7,1.00000000,0.00159195,-0.00000000,0.00159195
54,7,1.00000000,0.00159195,-0.00000000,0.00159195
55,7,1.00000000,0.00159195,-0.00000000,0.00159195
56,7,1.00000000,0.00159195,-0.00000000,0.00159195
57,7,1.00000000,0.00159195,-0.00000000,0.00159195
58,7,1.00000000,0.00159195,-0.00000000,0.00159195
59,7,1.00000000,0.00159195,-0.00000000,0.00159195
60,7,1.00000000,0.00159195,-0.00000000,0.00159195
61,7,1.00000000,0.00159195,-0.00000000,0.00159195
62,7,1.00000000,0.00159195,-0.00000000,0.00159195
63,7,1.00000000,0.00159195,-0.00000000,0.00159195
64,7,1.00000000,0.00159195,-0.00000000,0.00159195
65,7,1.00000000,0.00159195,-0.00000000,0.00159195
66,7,1.00000000,0.00159195,-0.00000000,0.00159195
67,7,1.00000000,0.00159195,-0.00000000,0.00159195
68,7,1.00000000,0.00159195,-0.00000000,0.00159195
69,7,1.00000000,0.00159195,-0.00000000,0.00159195
70,7,1.00000000,0.00159195,-0.00000000,0.00159195
71,7,1.00000000,0.00159195,-0.00000000,0.00159195
72,7,1.00000000,0.00159195,-0.00000000,0.00159195
73,7,1.00000000,0.00159195,-0.00000000,0.00159195
74,7,1.00000000,0.00159195,-0.00000000,0.00159195
75,7,1.00000000,0.00159195,-0.00000000,0.00159195
76,7,1.00000000,0.00159195,-0.00000000,0.00159195
77,7,1.00000000,0.00159195,-0.00000000,0.00159195
78,7,1.00000000,0.00159195,-0.00000000,0.00159195
79,7,1.00000000,0.00159195,-0.00000000,0.00159195
80,7,1.00000000,0.00159195,-0.00000000,0.00159195
81,7,1.00000000,0.00159195,-0.00000000,0.00159195
82,7,1.00000000,0.00159195,-0.00000000,0.00159195
83,7,1.00000000,0.00159195,-0.00000000,0.00159195
84,7,1.00000000,0.00159195,-0.00000000,0.00159195
85,7,1.00000000,0.00159195,-0.00000000,0.00159195
86,7,1.00000000,0.00159195,-0.00000000,0.00159195
87,7,1.00000000,0.00159195,-0.00000000,0.00159195
88,7,1.00000000,0.00159195,-0.00000000,0.00159195
89,7,1.00000000,0.00159195,-0.00000000,0.00159195
90,7,1.00000000,0.00159195,-0.00000000,0.00159195
91,7,1.00000000,0.00159195,-0.00000000,0.00159195
92,7,1.00000000,0.00159195,-0.00000000,0.00159195
93,7,1.00000000,0.00159195,-0.00000000,0.00159195
94,7,1.00000000,0.00159195,-0.00000000,0.00159195
95,7,1.00000000,0.00159195,-0.00000000,0.00159195
96,7,1.00000000,0.00159195,-0.00000000,0.00159195
97,7,1.00000000,0.00159195,-0.00000000,0.00159195
98,7,1.00000000,0.00159195,-0.00000000,0.00159195
99,7,1.00000000,0.00159195,-0.00000000,0.00159195
100,7,1.00000000,0.00159195,-0.00000000,0.00159195
101,7,1.00000000,0.00159195,-0.00000000,0.00159195
102,7,1.00000000,0.00159195,-0.00000000,0.00159195
103,7,1.00000000,0.00159195,-0.00000000,0.00159195
104,7,1.00000000,0.00159195,-0.00000000,0.00159195
105,7,1.00000000,0.00159195,-0.00000000,0.00159195
106,7,1.00000000,0.00159195,-0.00000000,0.00159195
107,7,1.00000000,0.00159195,-0.00000000,0.00159195
108,7,1.00000000,0.00159195,-0.00000000,0.00159195
109,7,1.00000000,0.00159195,-0.00000000,0.00159195
110,7,1.00000000,0.00159195,-0.00000000,0.00159195
111,7,1.00000000,0.00159195,-0.00000000,0.00159195
112,7,1.00000000,0.00159195,-0.00000000,0.00159195
113,7,1.00000000,0.00159195,-0.00000000,0.00159195
114,7,1.00000000,0.00159195,-0.00000000,0.00159195
115,7,1.00000000,0.00159195,-0.00000000,0.00159195
116,7,1.00000000,0.00159195,-0.00000000,0.00159195
117,7,1.00000000,0.00159195,-0.00000000,0.00159195
118,7,1.00000000,0.00159195,-0.00000000,0.00159195
119,7,1.00000000,0.00159195,-0.00000000,0.00159195
120,7,1.00000000,0.00159195,-0.00000000,0.00159195
121,7,1.00000000,0.00159195,-0.00000000,0.00159195
122,7,1.00000000,0.00159195,-0.00000000,0.00159195
123,7,1.00000000,0.00159195,-0.00000000,0.00159195
124,7,1.00000000,0.00159195,-0.00000000,0.00159195
125,7,1.00000000,0.00159195,-0.00000000,0.00159195
126,7,1.00000000,0.00159195,-0.00000000,0.00159195
127,7,1.00000000,0.00159195,-0.00000000,0.00159195
128,7,1.00000000,0.00159195,-0.00000000,0.00159195
129,7,1.00000000,0.00159195,-0.00000000,0.00159195
130,7,1.00000000,0.00159195,-0.00000000,0.00159195
131,7,1.00000000,0.00159195,-0.00000000,0.00159195
132,7,1.00000000,0.00159195,-0.00000000,0.00159195
133,7,1.00000000,0.00159195,-0.00000000,0.00159195
134,7,1.00000000,0.00159195,-0.00000000,0.00159195
135,7,1.00000000,0.00159195,-0.00000000,0.00159195
136,7,1.00000000,0.00159195,-0.00000000,0.00159195
137,7,1.00000000,0.00159195,-0.00000000,0.00159195
138,7,1.00000000,0.00159195,-0.00000000,0.00159195
139,7,1.00000000,0.00159195,-0.00000000,0.00159195
140,7,1.00000000,0.00159195,-0.00000000,0.00159195
141,7,1.00000000,0.00159195,-0.00000000,0.00159195
142,7,1.00000000,0.00159195,-0.00000000,0.00159195
143,7,1.00000000,0.00159195,-0.00000000,0.00159195
144,7,1.00000000,0.00159195,-0.00000000,0.00159195
145,7,1.00000000,0.00159195,-0.00000000,0.00159195
146,7,1.00000000,0.00159195,-0.00000000,0.00159195
147,7,1.00000000,0.00159195,-0.00000000,0.00159195
148,7,1.00000000,0.00159195,-0.00000000,0.00159195
149,7,1.00000000,0.00159195,-0.00000000,0.00159195
150,7,1.00000000,0.00159195,-0.00000000,0.00159195
151,7,1.00000000,0.00159195,-0.00000000,0.00159195
152,7,1.00000000,0.00159195,-0.00000000,0.00159195
153,7,1.00000000,0.00159195,-0.00000000,0.00159195
154,7,1.00000000,0.00159195,-0.00000000,0.00159195
155,7,1.00000000,0.00159195,-0.00000000,0.00159195
156,7,1.00000000,0.00159195,-0.00000000,0.00159195
157,7,1.00000000,0.00159195,-0.00000000,0.00159195
158,7,1.00000000,0.00159195,-0.00000000,0.00159195
159,7,1.00000000,0.00159195,-0.00000000,0.00159195
0,8,1.00000000,0.00176181,0.00000000,0.00176181
1,8,1.00000000,0.00176181,0.00000000,0.00176181
2,8,1.00000000,0.00176181,0.00000000,0.00176181
3,8,1.00000000,0.00176181,0.00000000,0.00176181
4,8,1.00000000,0.00176181,0.00000000,0.00176181
5,8,1.00000000,0.00176181,0.00000000,0.00176181
6,8,1.00000000,0.00176181,0.00000000,0.00176181
7,8,1.00000000,0.00176181,0.00000000,0.00176181
8,8,1.00000000,0.00176181,0.00000000,0.00176181
9,8,1.00000000,0.00176181,0.00000000,0.00176181
10,8,1.00000000,0.00176181,0.00000000,0.00176181
11,8,1.00000000,0.00176181,0.00000000,0.00176181
12,8,1.00000000,0.00176181,0.00000000,0.00176181
13,8,1.00000000,0.00176181,0.00000000,0.00176181
14,8,1.00000000,0.00176181,0.00000000,0.00176181
15,8,1.00000000,0.00176181,0.00000000,0.00176181
16,8,1.00000000,0.00176181,0.00000000,0.00176181
17,8,1.00000000,0.00176181,0.00000000,0.00176181
18,8,1.00000000,0.00176181,0.00000000,0.00176181
19,8,1.00000000,0.00176181,0.00000000,0.00176181
20,8,1.00000000,0.00176181,0.00000000,0.00176181
21,8,1.00000000,0.00176181,0.00000000,0.00176181
22,8,1.00000000,0.00176181,0.00000000,0.00176181
23,8,1.00000000,0.00176181,0.00000000,0.00176181
24,8,1.00000000,0.00176181,0.00000000,0.00176181
25,8,1.00000000,0.00176181,0.00000000,0.00176181
26,8,1.00000000,0.00176181,0.00000000,0.00176181
27,8,1.00000000,0.00176181,0.00000000,0.00176181
28,8,1.00000000,0.00176181,0.00000000,0.00176181
29,8,1.00000000,0.00176181,0.00000000,0.00176181
30,8,1.00000000,0.00176181,0.00000000,0.00176181
31,8,1.00000000,0.00176181,0.00000000,0.00176181
32,8,1.00000000,0.00176181,0.00000000,0.00176181
33,8,1.00000000,0.00176181,0.00000000,0.00176181
34,8,1.00000000,0.00176181,0.00000000,0.00176181
35,8,1.00000000,0.00176181,0.00000000,0.00176181
36,8,1.00000000,0.00176181,0.00000000,0.00176181
37,8,1.00000000,0.00176181,0.00000000,0.00176181
38,8,1.00000000,0.00176181,0.00000000,0.00176181
39,8,1.00000000,0.00176181,0.00000000,0.00176181
40,8,1.00000000,0.00176181,0.00000000,0.00176181
41,8,1.00000000,0.00176181,0.00000000,0.00176181
42,8,1.00000000,0.00176181,0.00000000,0.00176181
43,8,1.00000000,0.00176181,0.00000000,0.00176181
44,8,1.00000000,0.00176181,0.00000000,0.00176181
45,8,1.00000000,0.00176181,0.00000000,0.00176181
46,8,1.00000000,0.00176181,0.00000000,0.00176181
47,8,1.00000000,0.00176181,0.00000000,0.00176181
48,8,1.00000000,0.00176181,0.00000000,0.00176181
49,8,1.00000000,0.00176181,0.00000000,0.00176181
50,8,1.00000000,0.00176181,0.00000000,0.00176181
51,8,1.00000000,0.00176181,0.00000000,0.00176181
52,8,1.00000000,0.00176181,0.00000000,0.00176181
53,8,1.00000000,0.00176181,0.00000000,0.00176181
54,8,1.00000000,0.00176181,0.00000000,0.00176181
55,8,1.00000000,0.00176181,0.00000000,0.00176181
56,8,1.00000000,0.00176181,0.00000000,0.00176181
57,8,1.00000000,0.00176181,0.00000000,0.00176181
58,8,1.00000000,0.00176181,0.00000000,0.00176181
59,8,1.00000000,0.00176181,0.00000000,0.00176181
60,8,1.00000000,0.00176181,0.00000000,0.00176181
61,8,1.00000000,0.00176181,0.00000000,0.00176181
62,8,1.00000000,0.00176181,0.00000000,0.00176181
63,8,1.00000000,0.00176181,0.00000000,0.00176181
64,8,1.00000000,0.00176181,0.00000000,0.00176181
65,8,1.00000000,0.00176181,0.00000000,0.00176181
66,8,1.00000000,0.00176181,0.00000000,0.00176181
67,8,1.00000000,0.00176181,0.00000000,0.00176181
68,8,1.00000000,0.00176181,0.00000000,0.00176181
69,8,1.00000000,0.00176181,0.00000000,0.00176181
70,8,1.00000000,0.00176181,0.00000000,0.00176181
71,8,1.00000000,0.00176181,0.00000000,0.00176181
72,8,1.00000000,0.00176181,0.00000000,0.00176181
73,8,1.00000000,0.00176181,0.00000000,0.00176181
74,8,1.00000000,0.00176181,0.00000000,0.00176181
75,8,1.00000000,0.00176181,0.00000000,0.00176181
76,8,1.00000000,0.00176181,0.00000000,0.00176181
77,8,1.00000000,0.00176181,0.00000000,0.00176181
78,8,1.00000000,0.00176181,0.00000000,0.00176181
79,8,1.00000000,0.00176181,0.00000000,0.00176181
80,8,1.00000000,0.00176181,0.00000000,0.00176181
81,8,1.00000000,0.00176181,0.00000000,0.00176181
82,8,1.00000000,0.00176181,0.00000000,0.00176181
83,8,1.00000000,0.00176181,0.00000000,0.00176181
84,8,1.00000000,0.00176181,0.00000000,0.00176181
85,8,1.00000000,0.00176181,0.00000000,0.00176181
86,8,1.00000000,0.00176181,0.00000000,0.00176181
87,8,1.00000000,0.00176181,0.00000000,0.00176181
88,8,1.00000000,0.00176181,0.00000000,0.00176181
89,8,1.00000000,0.00176181,0.00000000,0.00176181
90,8,1.00000000,0.00176181,0.00000000,0.00176181
91,8,1.00000000,0.00176181,0.00000000,0.00176181
92,8,1.00000000,0.00176181,0.00000000,0.00176181
93,8,1.00000000,0.00176181,0.00000000,0.00176181
94,8,1.00000000,0.00176181,0.00000000,0.00176181
95,8,1.00000000,0.00176181,0.00000000,0.00176181
96,8,1.00000000,0.00176181,0.00000000,0.00176181
97,8,1.00000000,0.00176181,0.00000000,0.00176181
98,8,1.00000000,0.00176181,0.00000000,0.00176181
99,8,1.00000000,0.00176181,0.00000000,0.00176181
100,8,1.00000000,0.00176181,0.00000000,0.00176181
101,8,1.00000000,0.00176181,0.00000000,0.00176181
102,8,1.00000000,0.00176181,0.00000000,0.00176181
103,8,1.00000000,0.00176181,0.00000000,0.00176181
104,8,1.00000000,0.00176181,0.00000000,0.00176181
105,8,1.00000000,0.00176181,0.00000000,0.00176181
106,8,1.00000000,0.00176181,0.00000000,0.00176181
107,8,1.00000000,0.00176181,0.00000000,0.00176181
108,8,1.00000000,0.00176181,0.00000000,0.00176181
109,8,1.00000000,0.00176181,0.00000000,0.00176181
110,8,1.00000000,0.00176181,0.00000000,0.00176181
111,8,1.00000000,0.00176181,0.00000000,0.00176181
112,8,1.00000000,0.00176181,0.00000000,0.00176181
113,8,1.00000000,0.00176181,0.00000000,0.00176181
114,8,1.00000000,0.00176181,0.00000000,0.00176181
115,8,1.00000000,0.00176181,0.00000000,0.00176181
116,8,1.00000000,0.00176181,0.00000000,0.00176181
117,8,1.00000000,0.00176181,0.00000000,0.00176181
118,8,1.00000000,0.00176181,0.00000000,0.00176181
119,8,1.00000000,0.00176181,0.00000000,0.00176181
120,8,1.00000000,0.00176181,0.00000000,0.00176181
121,8,1.00000000,0.00176181,0.00000000,0.00176181
122,8,1.00000000,0.00176181,0.00000000,0.00176181
123,8,1.00000000,0.00176181,0.00000000,0.00176181
124,8,1.00000000,0.00176181,0.00000000,0.00176181
125,8,1.00000000,0.00176181,0.00000000,0.00176181
126,8,1.00000000,0.00176181,0.00000000,0.00176181
127,8,1.00000000,0.00176181,0.00000000,0.00176181
128,8,1.00000000,0.00176181,0.00000000,0.00176181
129,8,1.00000000,0.00176181,0.00000000,0.00176181
130,8,1.00000000,0.00176181,0.00000000,0.00176181
131,8,1.00000000,0.00176181,0.00000000,0.00176181
132,8,1.00000000,0.00176181,0.00000000,0.00176181
133,8,1.00000000,0.00176181,0.00000000,0.00176181
134,8,1.00000000,0.00176181,0.00000000,0.00176181
135,8,1.00000000,0.00176181,0.00000000,0.00176181
136,8,1.00000000,0.00176181,0.00000000,0.00176181
137,8,1.00000000,0.00176181,0.00000000,0.00176181
138,8,1.00000000,0.00176181,0.00000000,0.00176181
139,8,1.00000000,0.00176181,0.00000000,0.00176181
140,8,1.00000000,0.00176181,0.00000000,0.00176181
141,8,1.00000000,0.00176181,0.00000000,0.00176181
142,8,1.00000000,0.00176181,0.00000000,0.00176181
143,8,1.00000000,0.00176181,0.00000000,0.00176181
144,8,1.00000000,0.00176181,0.00000000,0.00176181
145,8,1.00000000,0.00176181,0.00000000,0.00176181
146,8,1.00000000,0.00176181,0.00000000,0.00176181
147,8,1.00000000,0.00176181,0.00000000,0.00176181
148,8,1.00000000,0.00176181,0.00000000,0.00176181
149,8,1.00000000,0.00176181,0.00000000,0.00176181
150,8,1.00000000,0.00176181,0.00000000,0.00176181
151,8,1.00000000,0.00176181,0.00000000,0.00176181
152,8,1.00000000,0.00176181,0.00000000,0.00176181
153,8,1.00000000,0.00176181,0.00000000,0.00176181
154,8,1.00000000,0.00176181,0.00000000,0.00176181
155,8,1.00000000,0.00176181,0.00000000,0.00176181
156,8,1.00000000,0.00176181,0.00000000,0.00176181
157,8,1.00000000,0.00176181,0.00000000,0.00176181
158,8,1.00000000,0.00176181,0.00000000,0.00176181
159,8,1.00000000,0.00176181,0.00000000,0.00176181
0,9,1.00000000,0.00192168,-0.00000000,0.00192168
1,9,1.00000000,0.00192168,-0.00000000,0.00192168
2,9,1.00000000,0.00192168,-0.00000000,0.00192168
3,9,1.00000000,0.00192168,-0.00000000,0.00192168
4,9,1.00000000,0.00192168,-0.00000000,0.00192168
5,9,1.00000000,0.00192168,-0.00000000,0.00192168
6,9,1.00000000,0.00192168,-0.00000000,0.00192168
7,9,1.00000000,0.00192168,-0.00000000,0.00192168
8,9,1.00000000,0.00192168,-0.00000000,0.00192168
9,9,1.00000000,0.00192168,-0.00000000,0.00192168
10,9,1.00000000,0.00192168,-0.00000000,0.00192168
11,9,1.00000000,0.00192168,-0.00000000,0.00192168
12,9,1.00000000,0.00192168,-0.00000000,0.00192168
13,9,1.00000000,0.00192168,-0.00000000,0.00192168
14,9,1.00000000,0.00192168,-0.00000000,0.00192168
15,9,1.00000000,0.00192168,-0.00000000,0.00192168
16,9,1.00000000,0.00192168,-0.00000000,0.00192168
17,9,1.00000000,0.00192168,-0.00000000,0.00192168
18,9,1.00000000,0.00192168,-0.00000000,0.00192168
19,9,1.00000000,0.00192168,-0.00000000,0.00192168
20,9,1.00000000,0.00192168,-0.00000000,0.00192168
21,9,1.00000000,0.00192168,-0.00000000,0.00192168
22,9,1.00000000,0.00192168,-0.00000000,0.00192168
23,9,1.00000000,0.00192168,-0.00000000,0.00192168
24,9,1.00000000,0.00192168,-0.00000000,0.00192168
25,9,1.00000000,0.00192168,-0.00000000,0.00192168
26,9,1.00000000,0.00192168,-0.00000000,0.00192168
27,9,1.00000000,0.00192168,-0.00000000,0.00192168
28,9,1.00000000,0.00192168,-0.00000000,0.00192168
29,9,1.00000000,0.00192168,-0.00000000,0.00192168
30,9,1.00000000,0.00192168,-0.00000000,0.00192168
31,9,1.00000000,0.00192168,-0.00000000,0.00192168
32,9,1.00000000,0.00192168,-0.00000000,0.00192168
33,9,1.00000000,0.00192168,-0.00000000,0.00192168
34,9,1.00000000,0.00192168,-0.00000000,0.00192168
35,9,1.00000000,0.00192168,-0.00000000,0.00192168
36,9,1.00000000,0.00192168,-0.00000000,0.00192168
37,9,1.00000000,0.00192168,-0.00000000,0.00192168
38,9,1.00000000,0.00192168,-0.00000000,0.00192168
39,9,1.00000000,0.00192168,-0.00000000,0.00192168
40,9,1.00000000,0.00192168,-0.00000000,0.00192168
41,9,1.00000000,0.00192168,-0.00000000,0.00192168
42,9,1.00000000,0.00192168,-0.00000000,0.00192168
43,9,1.00000000,0.00192168,-0.00000000,0.00192168
44,9,1.00000000,0.00192168,-0.00000000,0.00192168
45,9,1.00000000,0.00192168,-0.00000000,0.00192168
46,9,1.00000000,0.00192168,-0.00000000,0.00192168
47,9,1.00000000,0.00192168,-0.00000000,0.00192168
48,9,1.00000000,0.00192168,-0.00000000,0.00192168
49,9,1.00000000,0.00192168,-0.00000000,0.00192168
50,9,1.00000000,0.00192168,-0.00000000,0.00192168
51,9,1.00000000,0.00192168,-0.00000000,0.00192168
52,9,1.00000000,0.00192168,-0.00000000,0.00192168
53,9,1.00000000,0.00192168,-0.00000000,0.00192168
54,9,1.00000000,0.00192168,-0.00000000,0.00192168
55,9,1.00000000,0.00192168,-0.00000000,0.00192168
56,9,1.00000000,0.00192168,-0.00000000,0.00192168
57,9,1.00000000,0.00192168,-0.00000000,0.00192168
58,9,1.00000000,0.00192168,-0.00000000,0.00192168
59,9,1.00000000,0.00192168,-0.00000000,0.00192168
60,9,1.00000000,0.00192168,-0.00000000,0.00192168
61,9,1.00000000,0.00192168,-0.00000000,0.00192168
62,9,1.00000000,0.00192168,-0.00000000,0.00192168
63,9,1.00000000,0.00192168,-0.00000000,0.00192168
64,9,1.00000000,0.00192168,-0.00000000,0.00192168
65,9,1.00000000,0.00192168,-0.00000000,0.00192168
66,9,1.00000000,0.00192168,-0.00000000,0.00192168
67,9,1.00000000,0.00192168,-0.00000000,0.00192168
68,9,1.00000000,0.00192168,-0.00000000,0.00192168
69,9,1.00000000,0.00192168,-0.00000000,0.00192168
70,9,1.00000000,0.00192168,-0.00000000,0.00192168
71,9,1.00000000,0.00192168,-0.00000000,0.00192168
72,9,1.00000000,0.00192168,-0.00000000,0.00192168
73,9,1.00000000,0.00192168,-0.00000000,0.00192168
74,9,1.00000000,0.00192168,-0.00000000,0.00192168
75,9,1.00000000,0.00192168,-0.00000000,0.00192168
76,9,1.00000000,0.00192168,-0.00000000,0.00192168
77,9,1.00000000,0.00192168,-0.00000000,0.00192168
78,9,1.00000000,0.00192168,-0.00000000,0.00192168
79,9,1.00000000,0.00192168,-0.00000000,0.00192168
80,9,1.00000000,0.00192168,-0.00000000,0.00192168
81,9,1.00000000,0.00192168,-0.00000000,0.00192168
82,9,1.00000000,0.00192168,-0.00000000,0.00192168
83,9,1.00000000,0.00192168,-0.00000000,0.00192168
84,9,1.00000000,0.00192168,-0.00000000,0.00192168
85,9,1.00000000,0.00192168,-0.00000000,0.00192168
86,9,1.00000000,0.00192168,-0.00000000,0.00192168
87,9,1.00000000,0.00192168,-0.00000000,0.00192168
88,9,1.00000000,0.00192168,-0.00000000,0.00192168
89,9,1.00000000,0.00192168,-0.00000000,0.00192168
90,9,1.00000000,0.00192168,-0.00000000,0.00192168
91,9,1.00000000,0.00192168,-0.00000000,0.00192168
92,9,1.00000000,0.00192168,-0.00000000,0.00192168
93,9,1.00000000,0.00192168,-0.00000000,0.00192168
94,9,1.00000000,0.00192168,-0.00000000,0.00192168
95,9,1.00000000,0.00192168,-0.00000000,0.00192168
96,9,1.00000000,0.00192168,-0.00000000,0.00192168
97,9,1.00000000,0.00192168,-0.00000000,0.00192168
98,9,1.00000000,0.00192168,-0.00000000,0.00192168
99,9,1.00000000,0.00192168,-0.00000000,0.00192168
100,9,1.00000000,0.00192168,-0.00000000,0.00192168
101,9,1.00000000,0.00192168,-0.00000000,0.00192168
102,9,1.00000000,0.00192168,-0.00000000,0.00192168
103,9,1.00000000,0.00192168,-0.00000000,0.00192168
104,9,1.00000000,0.00192168,-0.00000000,0.00192168
105,9,1.00000000,0.00192168,-0.00000000,0.00192168
106,9,1.00000000,0.00192168,-0.00000000,0.00192168
107,9,1.00000000,0.00192168,-0.00000000,0.00192168
108,9,1.00000000,0.00192168,-0.00000000,0.00192168
109,9,1.00000000,0.00192168,-0.00000000,0.00192168
110,9,1.00000000,0.00192168,-0.00000000,0.00192168
111,9,1.00000000,0.00192168,-0.00000000,0.00192168
112,9,1.00000000,0.00192168,-0.00000000,0.00192168
113,9,1.00000000,0.00192168,-0.00000000,0.00192168
114,9,1.00000000,0.00192168,-0.00000000,0.00192168
115,9,1.00000000,0.00192168,-0.00000000,0.00192168
116,9,1.00000000,0.00192168,-0.00000000,0.00192168
117,9,1.00000000,0.00192168,-0.00000000,0.00192168
118,9,1.00000000,0.00192168,-0.00000000,0.00192168
119,9,1.00000000,0.00192168,-0.00000000,0.00192168
120,9,1.00000000,0.00192168,-0.00000000,0.00192168
121,9,1.00000000,0.00192168,-0.00000000,0.00192168
122,9,1.00000000,0.00192168,-0.00000000,0.00192168
123,9,1.00000000,0.00192168,-0.00000000,0.00192168
124,9,1.00000000,0.00192168,-0.00000000,0.00192168
125,9,1.00000000,0.00192168,-0.00000000,0.00192168
126,9,1.00000000,0.00192168,-0.00000000,0.00192168
127,9,1.00000000,0.00192168,-0.00000000,0.00192168
128,9,1.00000000,0.00192168,-0.00000000,0.00192168
129,9,1.00000000,0.00192168,-0.00000000,0.00192168
130,9,1.00000000,0.00192168,-0.00000000,0.00192168
131,9,1.00000000,0.00192168,-0.00000000,0.00192168
132,9,1.00000000,0.00192168,-0.00000000,0.00192168
133,9,1.00000000,0.00192168,-0.00000000,0.00192168
134,9,1.00000000,0.00192168,-0.00000000,0.00192168
135,9,1.00000000,0.00192168,-0.00000000,0.00192168
136,9,1.00000000,0.00192168,-0.00000000,0.00192168
137,9,1.00000000,0.00192168,-0.00000000,0.00192168
138,9,1.00000000,0.00192168,-0.00000000,0.00192168
139,9,1.00000000,0.00192168,-0.00000000,0.00192168
140,9,1.00000000,0.00192168,-0.00000000,0.00192168
141,9,1.00000000,0.00192168,-0.00000000,0.00192168
142,9,1.00000000,0.00192168,-0.00000000,0.00192168
143,9,1.00000000,0.00192168,-0.00000000,0.00192168
144,9,1.00000000,0.00192168,-0.00000000,0.00192168
145,9,1.00000000,0.00192168,-0.00000000,0.00192168
146,9,1.00000000,0.00192168,-0.00000000,0.00192168
147,9,1.00000000,0.00192168,-0.00000000,0.00192168
148,9,1.00000000,0.00192168,-0.00000000,0.00192168
149,9,1.00000000,0.00192168,-0.00000000,0.00192168
150,9,1.00000000,0.00192168,-0.00000000,0.00192168
151,9,1.00000000,0.00192168,-0.00000000,0.00192168
152,9,1.00000000,0.00192168,-0.00000000,0.00192168
153,9,1.00000000,0.00192168,-0.00000000,0.00192168
154,9,1.00000000,0.00192168,-0.00000000,0.00192168
155,9,1.00000000,0.00192168,-0.00000000,0.00192168
156,9,1.00000000,0.00192168,-0.00000000,0.00192168
157,9,1.00000000,0.00192168,-0.00000000,0.00192168
158,9,1.00000000,0.00192168,-0.00000000,0.00192168
159,9,1.00000000,0.00192168,-0.00000000,0.00192168
0,10,1.00000000,0.00207155,0.00000000,0.00207155
1,10,1.00000000,0.00207155,0.00000000,0.00207155
2,10,1.00000000,0.00207155,0.00000000,0.00207155
3,10,1.00000000,0.00207155,0.00000000,0.00207155
4,10,1.00000000,0.00207155,0.00000000,0.00207155
5,10,1.00000000,0.00207155,0.00000000,0.00207155
6,10,1.00000000,0.00207155,0.00000000,0.00207155
7,10,1.00000000,0.00207155,0.00000000,0.00207155
8,10,1.00000000,0.00207155,0.00000000,0.00207155
9,10,1.00000000,0.00207155,0.00000000,0.00207155
10,10,1.00000000,0.00207155,0.00000000,0.00207155
11,10,1.00000000,0.00207155,0.00000000,0.00207155
12,10,1.00000000,0.00207155,0.00000000,0.00207155
13,10,1.00000000,0.00207155,0.00000000,0.00207155
14,10,1.00000000,0.00207155,0.00000000,0.00207155
15,10,1.00000000,0.00207155,0.00000000,0.00207155
16,10,1.00000000,0.00207155,0.00000000,0.00207155
17,10,1.00000000,0.00207155,0.00000000,0.00207155
18,10,1.00000000,0.00207155,0.00000000,0.00207155
19,10,1.00000000,0.00207155,0.00000000,0.00207155
20,10,1.00000000,0.00207155,0.00000000,0.00207155
21,10,1.00000000,0.00207155,0.00000000,0.00207155
22,10,1.00000000,0.00207155,0.00000000,0.00207155
23,10,1.00000000,0.00207155,0.00000000,0.00207155
24,10,1.00000000,0.00207155,0.00000000,0.00207155
25,10,1.00000000,0.00207155,0.00000000,0.00207155
26,10,1.00000000,0.00207155,0.00000000,0.00207155
27,10,1.00000000,0.00207155,0.00000000,0.00207155
28,10,1.00000000,0.00207155,0.00000000,0.00207155
29,10,1.00000000,0.00207155,0.00000000,0.00207155
30,10,1.00000000,0.00207155,0.00000000,0.00207155
31,10,1.00000000,0.00207155,0.00000000,0.00207155
32,10,1.00000000,0.00207155,0.00000000,0.00207155
33,10,1.00000000,0.00207155,0.00000000,0.00207155
34,10,1.00000000,0.00207155,0.00000000,0.00207155
35,10,1.00000000,0.00207155,0.00000000,0.00207155
36,10,1.00000000,0.00207155,0.00000000,0.00207155
37,10,1.00000000,0.00207155,0.00000000,0.00207155
38,10,1.00000000,0.00207155,0.00000000,0.00207155
39,10,1.00000000,0.00207155,0.00000000,0.00207155
40,10,1.00000000,0.00207155,0.00000000,0.00207155
41,10,1.00000000,0.00207155,0.00000000,0.00207155
42,10,1.00000000,0.00207155,0.00000000,0.00207155
43,10,1.00000000,0.00207155,0.00000000,0.00207155
44,10,1.00000000,0.00207155,0.00000000,0.00207155
45,10,1.00000000,0.00207155,0.00000000,0.00207155
46,10,1.00000000,0.00207155,0.00000000,0.00207155
47,10,1.00000000,0.00207155,0.00000000,0.00207155
48,10,1.00000000,0.00207155,0.00000000,0.00207155
49,10,1.00000000,0.00207155,0.00000000,0.00207155
50,10,1.00000000,0.00207155,0.00000000,0.00207155
51,10,1.00000000,0.00207155,0.00000000,0.00207155
52,10,1.00000000,0.00207155,0.00000000,0.00207155
53,10,1.00000000,0.00207155,0.00000000,0.00207155
54,10,1.00000000,0.00207155,0.00000000,0.00207155
55,10,1.00000000,0.00207155,0.00000000,0.00207155
56,10,1.00000000,0.00207155,0.00000000,0.00207155
57,10,1.00000000,0.00207155,0.00000000,0.00207155
58,10,1.00000000,0.00207155,0.00000000,0.00207155
59,10,1.00000000,0.00207155,0.00000000,0.00207155
60,10,1.00000000,0.00207155,0.00000000,0.00207155
61,10,1.00000000,0.00207155,0.00000000,0.00207155
62,10,1.00000000,0.00207155,0.00000000,0.00207155
63,10,1.00000000,0.00207155,0.00000000,0.00207155
64,10,1.00000000,0.00207155,0.00000000,0.00207155
65,10,1.00000000,0.00207155,0.00000000,0.00207155
66,10,1.00000000,0.00207155,0.00000000,0.00207155
67,10,1.00000000,0.00207155,0.00000000,0.00207155
68,10,1.00000000,0.00207155,0.00000000,0.00207155
69,10,1.00000000,0.00207155,0.00000000,0.00207155
70,10,1.00000000,0.00207155,0.00000000,0.00207155
71,10,1.00000000,0.00207155,0.00000000,0.00207155
72,10,1.00000000,0.00207155,0.00000000,0.00207155
73,10,1.00000000,0.00207155,0.00000000,0.00207155
74,10,1.00000000,0.00207155,0.00000000,0.00207155
75,10,1.00000000,0.00207155,0.00000000,0.00207155
76,10,1.00000000,0.00207155,0.00000000,0.00207155
77,10,1.00000000,0.00207155,0.00000000,0.00207155
78,10,1.00000000,0.00207155,0.00000000,0.00207155
79,10,1.00000000,0.00207155,0.00000000,0.00207155
80,10,1.00000000,0.00207155,0.00000000,0.00207155
81,10,1.00000000,0.00207155,0.00000000,0.00207155
82,10,1.00000000,0.00207155,0.00000000,0.00207155
83,10,1.00000000,0.00207155,0.00000000,0.00207155
84,10,1.00000000,0.00207155,0.00000000,0.00207155
85,10,1.00000000,0.00207155,0.00000000,0.00207155
86,10,1.00000000,0.00207155,0.00000000,0.00207155
87,10,1.00000000,0.00207155,0.00000000,0.00207155
88,10,1.00000000,0.00207155,0.00000000,0.00207155
89,10,1.00000000,0.00207155,0.00000000,0.00207155
90,10,1.00000000,0.00207155,0.00000000,0.00207155
91,10,1.00000000,0.00207155,0.00000000,0.00207155
92,10,1.00000000,0.00207155,0.00000000,0.00207155
93,10,1.00000000,0.00207155,0.00000000,0.00207155
94,10,1.00000000,0.00207155,0.00000000,0.00207155
95,10,1.00000000,0.00207155,0.00000000,0.00207155
96,10,1.00000000,0.00207155,0.00000000,0.00207155
97,10,1.00000000,0.00207155,0.00000000,0.00207155
98,10,1.00000000,0.00207155,0.00000000,0.00207155
99,10,1.00000000,0.00207155,0.00000000,0.00207155
100,10,1.00000000,0.00207155,0.00000000,0.00207155
101,10,1.00000000,0.00207155,0.00000000,0.00207155
102,10,1.00000000,0.00207155,0.00000000,0.00207155
103,10,1.00000000,0.00207155,0.00000000,0.00207155
104,10,1.00000000,0.00207155,0.00000000,0.00207155
105,10,1.00000000,0.00207155,0.00000000,0.00207155
106,10,1.00000000,0.00207155,0.00000000,0.00207155
107,10,1.00000000,0.00207155,0.00000000,0.00207155
108,10,1.00000000,0.00207155,0.00000000,0.00207155
109,10,1.00000000,0.00207155,0.00000000,0.00207155
110,10,1.00000000,0.00207155,0.00000000,0.00207155
111,10,1.00000000,0.00207155,0.00000000,0.00207155
112,10,1.00000000,0.00207155,0.00000000,0.00207155
113,10,1.00000000,0.00207155,0.00000000,0.00207155
114,10,1.00000000,0.00207155,0.00000000,0.00207155
115,10,1.00000000,0.00207155,0.00000000,0.00207155
116,10,1.00000000,0.00207155,0.00000000,0.00207155
117,10,1.00000000,0.00207155,0.00000000,0.00207155
118,10,1.00000000,0.00207155,0.00000000,0.00207155
119,10,1.00000000,0.00207155,0.00000000,0.00207155
120,10,1.00000000,0.00207155,0.00000000,0.00207155
121,10,1.00000000,0.00207155,0.00000000,0.00207155
122,10,1.00000000,0.00207155,0.00000000,0.00207155
123,10,1.00000000,0.00207155,0.00000000,0.00207155
124,10,1.00000000,0.00207155,0.00000000,0.00207155
125,10,1.00000000,0.00207155,0.00000000,0.00207155
126,10,1.00000000,0.00207155,0.00000000,0.00207155
127,10,1.00000000,0.00207155,0.00000000,0.00207155
128,10,1.00000000,0.00207155,0.00000000,0.00207155
129,10,1.00000000,0.00207155,0.00000000,0.00207155
130,10,1.00000000,0.00207155,0.00000000,0.00207155
131,10,1.00000000,0.00207155,0.00000000,0.00207155
132,10,1.00000000,0.00207155,0.00000000,0.00207155
133,10,1.00000000,0.00207155,0.00000000,0.00207155
134,10,1.00000000,0.00207155,0.00000000,0.00207155
135,10,1.00000000,0.00207155,0.00000000,0.00207155
136,10,1.00000000,0.00207155,0.00000000,0.00207155
137,10,1.00000000,0.00207155,0.00000000,0.00207155
138,10,1.00000000,0.00207155,0.00000000,0.00207155
139,10,1.00000000,0.00207155,0.00000000,0.00207155
140,10,1.00000000,0.00207155,0.00000000,0.00207155
141,10,1.00000000,0.00207155,0.00000000,0.00207155
142,10,1.00000000,0.00207155,0.00000000,0.00207155
143,10,1.00000000,0.00207155,0.00000000,0.00207155
144,10,1.00000000,0.00207155,0.00000000,0.00207155
145,10,1.00000000,0.00207155,0.00000000,0.00207155
146,10,1.00000000,0.00207155,0.00000000,0.00207155
147,10,1.00000000,0.00207155,0.00000000,0.00207155
148,10,1.00000000,0.00207155,0.00000000,0.00207155
149,10,1.00000000,0.00207155,0.00000000,0.00207155
150,10,1.00000000,0.00207155,0.00000000,0.00207155
151,10,1.00000000,0.00207155,0.00000000,0.00207155
152,10,1.00000000,0.00207155,0.00000000,0.00207155
153,10,1.00000000,0.00207155,0.00000000,0.00207155
154,10,1.00000000,0.00207155,0.00000000,0.00207155
155,10,1.00000000,0.00207155,0.00000000,0.00207155
156,10,1.00000000,0.00207155,0.00000000,0.00207155
157,10,1.00000000,0.00207155,0.00000000,0.00207155
158,10,1.00000000,0.00207155,0.00000000,0.00207155
159,10,1.00000000,0.00207155,0.00000000,0.00207155
0,11,1.00000000,0.00221143,-0.00000000,0.00221143
1,11,1.00000000,0.00221143,-0.00000000,0.00221143
2,11,1.00000000,0.00221143,-0.00000000,0.00221143
3,11,1.00000000,0.00221143,-0.00000000,0.00221143
4,11,1.00000000,0.00221143,-0.00000000,0.00221143
5,11,1.00000000,0.00221143,-0.00000000,0.00221143
6,11,1.00000000,0.00221143,-0.00000000,0.00221143
7,11,1.00000000,0.00221143,-0.00000000,0.00221143
8,11,1.00000000,0.00221143,-0.00000000,0.00221143
9,11,1.00000000,0.00221143,-0.00000000,0.00221143
10,11,1.00000000,0.00221143,-0.00000000,0.00221143
11,11,1.00000000,0.00221143,-0.00000000,0.00221143
12,11,1.00000000,0.00221143,-0.00000000,0.00221143
13,11,1.00000000,0.00221143,-0.00000000,0.00221143
14,11,1.00000000,0.00221143,-0.00000000,0.00221143
15,11,1.00000000,0.00221143,-0.00000000,0.00221143
16,11,1.00000000,0.00221143,-0.00000000,0.00221143
17,11,1.00000000,0.00221143,-0.00000000,0.00221143
18,11,1.00000000,0.00221143,-0.00000000,0.00221143
19,11,1.00000000,0.00221143,-0.00000000,0.00221143
20,11,1.00000000,0.00221143,-0.00000000,0.00221143
21,11,1.00000000,0.00221143,-0.00000000,0.00221143
22,11,1.00000000,0.00221143,-0.00000000,0.00221143
23,11,1.00000000,0.00221143,-0.00000000,0.00221143
24,11,1.00000000,0.00221143,-0.00000000,0.00221143
25,11,1.00000000,0.00221143,-0.00000000,0.00221143
26,11,1.00000000,0.00221143,-0.00000000,0.00221143
27,11,1.00000000,0.00221143,-0.00000000,0.00221143
28,11,1.00000000,0.00221143,-0.00000000,0.00221143
29,11,1.00000000,0.00221143,-0.00000000,0.00221143
30,11,1.00000000,0.00221143,-0.00000000,0.00221143
31,11,1.00000000,0.00221143,-0.00000000,0.00221143
32,11,1.00000000,0.00221143,-0.00000000,0.00221143
33,11,1.00000000,0.00221143,-0.00000000,0.00221143
34,11,1.00000000,0.00221143,-0.00000000,0.00221143
35,11,1.00000000,0.00221143,-0.00000000,0.00221143
36,11,1.00000000,0.00221143,-0.00000000,0.00221143
37,11,1.00000000,0.00221143,-0.00000000,0.00221143
38,11,1.00000000,0.00221143,-0.00000000,0.00221143
39,11,1.00000000,0.00221143,-0.00000000,0.00221143
40,11,1.00000000,0.00221143,-0.00000000,0.00221143
41,11,1.00000000,0.00221143,-0.00000000,0.00221143
42,11,1.00000000,0.00221143,-0.00000000,0.00221143
43,11,1.00000000,0.00221143,-0.00000000,0.00221143
44,11,1.00000000,0.00221143,-0.00000000,0.00221143
45,11,1.00000000,0.00221143,-0.00000000,0.00221143
46,11,1.00000000,0.00221143,-0.00000000,0.00221143
47,11,1.00000000,0.00221143,-0.00000000,0.00221143
48,11,1.00000000,0.00221143,-0.00000000,0.00221143
49,11,1.00000000,0.00221143,-0.00000000,0.00221143
50,11,1.00000000,0.00221143,-0.00000000,0.00221143
51,11,1.00000000,0.00221143,-0.00000000,0.00221143
52,11,1.00000000,0.00221143,-0.00000000,0.00221143
53,11,1.00000000,0.00221143,-0.00000000,0.00221143
54,11,1.00000000,0.00221143,-0.00000000,0.00221143
55,11,1.00000000,0.00221143,-0.00000000,0.00221143
56,11,1.00000000,0.00221143,-0.00000000,0.00221143
57,11,1.00000000,0.00221143,-0.00000000,0.00221143
58,11,1.00000000,0.00221143,-0.00000000,0.00221143
59,11,1.00000000,0.00221143,-0.00000000,0.00221143
60,11,1.00000000,0.00221143,-0.00000000,0.00221143
61,11,1.00000000,0.00221143,-0.00000000,0.00221143
62,11,1.00000000,0.00221143,-0.00000000,0.00221143
63,11,1.00000000,0.00221143,-0.00000000,0.00221143
64,11,1.00000000,0.00221143,-0.00000000,0.00221143
65,11,1.00000000,0.00221143,-0.00000000,0.00221143
66,11,1.00000000,0.00221143,-0.00000000,0.00221143
67,11,1.00000000,0.00221143,-0.00000000,0.00221143
68,11,1.00000000,0.00221143,-0.00000000,0.00221143
69,11,1.00000000,0.00221143,-0.00000000,0.00221143
70,11,1.00000000,0.00221143,-0.00000000,0.00221143
71,11,1.00000000,0.00221143,-0.00000000,0.00221143
72,11,1.00000000,0.00221143,-0.00000000,0.00221143
73,11,1.00000000,0.00221143,-0.00000000,0.00221143
74,11,1.00000000,0.00221143,-0.00000000,0.00221143
75,11,1.00000000,0.00221143,-0.00000000,0.00221143
76,11,1.00000000,0.00221143,-0.00000000,0.00221143
77,11,1.00000000,0.00221143,-0.00000000,0.00221143
78,11,1.00000000,0.00221143,-0.00000000,0.00221143
79,11,1.00000000,0.00221143,-0.00000000,0.00221143
80,11,1.00000000,0.00221143,-0.00000000,0.00221143
81,11,1.00000000,0.00221143,-0.00000000,0.00221143
82,11,1.00000000,0.00221143,-0.00000000,0.00221143
83,11,1.00000000,0.00221143,-0.00000000,0.00221143
84,11,1.00000000,0.00221143,-0.00000000,0.00221143
85,11,1.00000000,0.00221143,-0.00000000,0.00221143
86,11,1.00000000,0.00221143,-0.00000000,0.00221143
87,11,1.00000000,0.00221143,-0.00000000,0.00221143
88,11,1.00000000,0.00221143,-0.00000000,0.00221143
89,11,1.00000000,0.00221143,-0.00000000,0.00221143
90,11,1.00000000,0.00221143,-0.00000000,0.00221143
91,11,1.00000000,0.00221143,-0.00000000,0.00221143
92,11,1.00000000,0.00221143,-0.00000000,0.00221143
93,11,1.00000000,0.00221143,-0.00000000,0.00221143
94,11,1.00000000,0.00221143,-0.00000000,0.00221143
95,11,1.00000000,0.00221143,-0.00000000,0.00221143
96,11,1.00000000,0.00221143,-0.00000000,0.00221143
97,11,1.00000000,0.00221143,-0.00000000,0.00221143
98,11,1.00000000,0.00221143,-0.00000000,0.00221143
99,11,1.00000000,0.00221143,-0.00000000,0.00221143
100,11,1.00000000,0.00221143,-0.00000000,0.00221143
101,11,1.00000000,0.00221143,-0.00000000,0.00221143
102,11,1.00000000,0.00221143,-0.00000000,0.00221143
103,11,1.00000000,0.00221143,-0.00000000,0.00221143
104,11,1.00000000,0.00221143,-0.00000000,0.00221143
105,11,1.00000000,0.00221143,-0.00000000,0.00221143
106,11,1.00000000,0.00221143,-0.00000000,0.00221143
107,11,1.00000000,0.00221143,-0.00000000,0.00221143
108,11,1.00000000,0.00221143,-0.00000000,0.00221143
109,11,1.00000000,0.00221143,-0.00000000,0.00221143
110,11,1.00000000,0.00221143,-0.00000000,0.00221143
111,11,1.00000000,0.00221143,-0.00000000,0.00221143
112,11,1.00000000,0.00221143,-0.00000000,0.00221143
113,11,1.00000000,0.00221143,-0.00000000,0.00221143
114,11,1.00000000,0.00221143,-0.00000000,0.00221143
115,11,1.00000000,0.00221143,-0.00000000,0.00221143
116,11,1.00000000,0.00221143,-0.00000000,0.00221143
117,11,1.00000000,0.00221143,-0.00000000,0.00221143
118,11,1.00000000,0.00221143,-0.00000000,0.00221143
119,11,1.00000000,0.00221143,-0.00000000,0.00221143
120,11,1.00000000,0.00221143,-0.00000000,0.00221143
121,11,1.00000000,0.00221143,-0.00000000,0.00221143
122,11,1.00000000,0.00221143,-0.00000000,0.00221143
123,11,1.00000000,0.00221143,-0.00000000,0.00221143
124,11,1.00000000,0.00221143,-0.00000000,0.00221143
125,11,1.00000000,0.00221143,-0.00000000,0.00221143
126,11,1.00000000,0.00221143,-0.00000000,0.00221143
127,11,1.00000000,0.00221143,-0.00000000,0.00221143
128,11,1.00000000,0.00221143,-0.00000000,0.00221143
129,11,1.00000000,0.00221143,-0.00000000,0.00221143
130,11,1.00000000,0.00221143,-0.00000000,0.00221143
131,11,1.00000000,0.00221143,-0.00000000,0.00221143
132,11,1.00000000,0.00221143,-0.00000000,0.00221143
133,11,1.00000000,0.00221143,-0.00000000,0.00221143
134,11,1.00000000,0.00221143,-0.00000000,0.00221143
135,11,1.00000000,0.00221143,-0.00000000,0.00221143
136,11,1.00000000,0.00221143,-0.00000000,0.00221143
137,11,1.00000000,0.00221143,-0.00000000,0.00221143
138,11,1.00000000,0.00221143,-0.00000000,0.00221143
139,11,1.00000000,0.00221143,-0.00000000,0.00221143
140,11,1.00000000,0.00221143,-0.00000000,0.00221143
141,11,1.00000000,0.00221143,-0.00000000,0.00221143
142,11,1.00000000,0.00221143,-0.00000000,0.00221143
143,11,1.00000000,0.00221143,-0.00000000,0.00221143
144,11,1.00000000,0.00221143,-0.00000000,0.00221143
145,11,1.00000000,0.00221143,-0.00000000,0.00221143
146,11,1.00000000,0.00221143,-0.00000000,0.00221143
147,11,1.00000000,0.00221143,-0.00000000,0.00221143
148,11,1.00000000,0.00221143,-0.00000000,0.00221143
149,11,1.00000000,0.00221143,-0.00000000,0.00221143
150,11,1.00000000,0.00221143,-0.00000000,0.00221143
151,11,1.00000000,0.00221143,-0.00000000,0.00221143
152,11,1.00000000,0.00221143,-0.00000000,0.00221143
153,11,1.00000000,0.00221143,-0.00000000,0.00221143
154,11,1.00000000,0.00221143,-0.00000000,0.00221143
155,11,1.00000000,0.00221143,-0.00000000,0.00221143
156,11,1.00000000,0.00221143,-0.00000000,0.00221143
157,11,1.00000000,0.00221143,-0.00000000,0.00221143
158,11,1.00000000,0.00221143,-0.00000000,0.00221143
159,11,1.00000000,0.00221143,-0.00000000,0.00221143
0,12,1.00000000,0.00234131,0.00000000,0.00234131
1,12,1.00000000,0.00234131,0.00000000,0.00234131
2,12,1.00000000,0.00234131,0.00000000,0.00234131
3,12,1.00000000,0.00234131,0.00000000,0.00234131
4,12,1.00000000,0.00234131,0.00000000,0.00234131
5,12,1.00000000,0.00234131,0.00000000,0.00234131
6,12,1.00000000,0.00234131,0.00000000,0.00234131
7,12,1.00000000,0.00234131,0.00000000,0.00234131
8,12,1.00000000,0.00234131,0.00000000,0.00234131
9,12,1.00000000,0.00234131,0.00000000,0.00234131
10,12,1.00000000,0.00234131,0.00000000,0.00234131
11,12,1.00000000,0.00234131,0.00000000,0.00234131
12,12,1.00000000,0.00234131,0.00000000,0.00234131
13,12,1.00000000,0.00234131,0.00000000,0.00234131
14,12,1.00000000,0.00234131,0.00000000,0.00234131
15,12,1.00000000,0.00234131,0.00000000,0.00234131
16,12,1.00000000,0.00234131,0.00000000,0.00234131
17,12,1.00000000,0.00234131,0.00000000,0.00234131
18,12,1.00000000,0.00234131,0.00000000,0.00234131
19,12,1.00000000,0.00234131,0.00000000,0.00234131
20,12,1.00000000,0.00234131,0.00000000,0.00234131
21,12,1.00000000,0.00234131,0.00000000,0.00234131
22,12,1.00000000,0.00234131,0.00000000,0.00234131
23,12,1.00000000,0.00234131,0.00000000,0.00234131
24,12,1.00000000,0.00234131,0.00000000,0.00234131
25,12,1.00000000,0.00234131,0.00000000,0.00234131
26,12,1.00000000,0.00234131,0.00000000,0.00234131
27,12,1.00000000,0.00234131,0.00000000,0.00234131
28,12,1.00000000,0.00234131,0.00000000,0.00234131
29,12,1.00000000,0.00234131,0.00000000,0.00234131
30,12,1.00000000,0.00234131,0.00000000,0.00234131
31,12,1.00000000,0.00234131,0.00000000,0.00234131
32,12,1.00000000,0.00234131,0.00000000,0.00234131
33,12,1.00000000,0.00234131,0.00000000,0.00234131
34,12,1.00000000,0.00234131,0.00000000,0.00234131
35,12,1.00000000,0.00234131,0.00000000,0.00234131
36,12,1.00000000,0.00234131,0.00000000,0.00234131
37,12,1.00000000,0.00234131,0.00000000,0.00234131
38,12,1.00000000,0.00234131,0.00000000,0.00234131
39,12,1.00000000,0.00234131,0.00000000,0.00234131
40,12,1.00000000,0.00234131,0.00000000,0.00234131
41,12,1.00000000,0.00234131,0.00000000,0.00234131
42,12,1.00000000,0.00234131,0.00000000,0.00234131
43,12,1.00000000,0.00234131,0.00000000,0.00234131
44,12,1.00000000,0.00234131,0.00000000,0.00234131
45,12,1.00000000,0.00234131,0.00000000,0.00234131
46,12,1.00000000,0.00234131,0.00000000,0.00234131
47,12,1.00000000,0.00234131,0.00000000,0.00234131
48,12,1.00000000,0.00234131,0.00000000,0.00234131
49,12,1.00000000,0.00234131,0.00000000,0.00234131
50,12,1.00000000,0.00234131,0.00000000,0.00234131
51,12,1.00000000,0.00234131,0.00000000,0.00234131
52,12,1.00000000,0.00234131,0.00000000,0.00234131
53,12,1.00000000,0.00234131,0.00000000,0.00234131
54,12,1.00000000,0.00234131,0.00000000,0.00234131
55,12,1.00000000,0.00234131,0.00000000,0.00234131
56,12,1.00000000,0.00234131,0.00000000,0.00234131
57,12,1.00000000,0.00234131,0.00000000,0.00234131
58,12,1.00000000,0.00234131,0.00000000,0.00234131
59,12,1.00000000,0.00234131,0.00000000,0.00234131
60,12,1.00000000,0.00234131,0.00000000,0.00234131
61,12,1.00000000,0.00234131,0.00000000,0.00234131
62,12,1.00000000,0.00234131,0.00000000,0.00234131
63,12,1.00000000,0.00234131,0.00000000,0.00234131
64,12,1.00000000,0.00234131,0.00000000,0.00234131
65,12,1.00000000,0.00234131,0.00000000,0.00234131
66,12,1.00000000,0.00234131,0.00000000,0.00234131
67,12,1.00000000,0.00234131,0.00000000,0.00234131
68,12,1.00000000,0.00234131,0.00000000,0.00234131
69,12,1.00000000,0.00234131,0.00000000,0.00234131
70,12,1.00000000,0.00234131,0.00000000,0.00234131
71,12,1.00000000,0.00234131,0.00000000,0.00234131
72,12,1.00000000,0.00234131,0.00000000,0.00234131
73,12,1.00000000,0.00234131,0.00000000,0.00234131
74,12,1.00000000,0.00234131,0.00000000,0.00234131
75,12,1.00000000,0.00234131,0.00000000,0.00234131
76,12,1.00000000,0.00234131,0.00000000,0.00234131
77,12,1.00000000,0.00234131,0.00000000,0.00234131
78,12,1.00000000,0.00234131,0.00000000,0.00234131
79,12,1.00000000,0.00234131,0.00000000,0.00234131
80,12,1.00000000,0.00234131,0.00000000,0.00234131
81,12,1.00000000,0.00234131,0.00000000,0.00234131
82,12,1.00000000,0.00234131,0.00000000,0.00234131
83,12,1.00000000,0.00234131,0.00000000,0.00234131
84,12,1.00000000,0.00234131,0.00000000,0.00234131
85,12,1.00000000,0.00234131,0.00000000,0.00234131
86,12,1.00000000,0.00234131,0.00000000,0.00234131
87,12,1.00000000,0.00234131,0.00000000,0.00234131
88,12,1.00000000,0.00234131,0.00000000,0.00234131
89,12,1.00000000,0.00234131,0.00000000,0.00234131
90,12,1.00000000,0.00234131,0.00000000,0.00234131
91,12,1.00000000,0.00234131,0.00000000,0.00234131
92,12,1.00000000,0.00234131,0.00000000,0.00234131
93,12,1.00000000,0.00234131,0.00000000,0.00234131
94,12,1.00000000,0.00234131,0.00000000,0.00234131
95,12,1.00000000,0.00234131,0.00000000,0.00234131
96,12,1.00000000,0.00234131,0.00000000,0.00234131
97,12,1.00000000,0.00234131,0.00000000,0.00234131
98,12,1.00000000,0.00234131,0.00000000,0.00234131
99,12,1.00000000,0.00234131,0.00000000,0.00234131
100,12,1.00000000,0.00234131,0.00000000,0.00234131
101,12,1.00000000,0.00234131,0.00000000,0.00234131
102,12,1.00000000,0.00234131,0.00000000,0.00234131
103,12,1.00000000,0.00234131,0.00000000,0.00234131
104,12,1.00000000,0.00234131,0.00000000,0.00234131
105,12,1.00000000,0.00234131,0.00000000,0.00234131
106,12,1.00000000,0.00234131,0.00000000,0.00234131
107,12,1.00000000,0.00234131,0.00000000,0.00234131
108,12,1.00000000,0.00234131,0.00000000,0.00234131
109,12,1.00000000,0.00234131,0.00000000,0.00234131
110,12,1.00000000,0.00234131,0.00000000,0.00234131
111,12,1.00000000,0.00234131,0.00000000,0.00234131
112,12,1.00000000,0.00234131,0.00000000,0.00234131
113,12,1.00000000,0.00234131,0.00000000,0.00234131
114,12,1.00000000,0.00234131,0.00000000,0.00234131
115,12,1.00000000,0.00234131,0.00000000,0.00234131
116,12,1.00000000,0.00234131,0.00000000,0.00234131
117,12,1.00000000,0.00234131,0.00000000,0.00234131
118,12,1.00000000,0.00234131,0.00000000,0.00234131
119,12,1.00000000,0.00234131,0.00000000,0.00234131
120,12,1.00000000,0.00234131,0.00000000,0.00234131
121,12,1.00000000,0.00234131,0.00000000,0.00234131
122,12,1.00000000,0.00234131,0.00000000,0.00234131
123,12,1.00000000,0.00234131,0.00000000,0.00234131
124,12,1.00000000,0.00234131,0.00000000,0.00234131
125,12,1.00000000,0.00234131,0.00000000,0.00234131
126,12,1.00000000,0.00234131,0.00000000,0.00234131
127,12,1.00000000,0.00234131,0.00000000,0.00234131
128,12,1.00000000,0.00234131,0.00000000,0.00234131
129,12,1.00000000,0.00234131,0.00000000,0.00234131
130,12,1.00000000,0.00234131,0.00000000,0.00234131
131,12,1.00000000,0.00234131,0.00000000,0.00234131
132,12,1.00000000,0.00234131,0.00000000,0.00234131
133,12,1.00000000,0.00234131,0.00000000,0.00234131
134,12,1.00000000,0.00234131,0.00000000,0.00234131
135,12,1.00000000,0.00234131,0.00000000,0.00234131
136,12,1.00000000,0.00234131,0.00000000,0.00234131
137,12,1.00000000,0.00234131,0.00000000,0.00234131
138,12,1.00000000,0.00234131,0.00000000,0.00234131
139,12,1.00000000,0.00234131,0.00000000,0.00234131
140,12,1.00000000,0.00234131,0.00000000,0.00234131
141,12,1.00000000,0.00234131,0.00000000,0.00234131
142,12,1.00000000,0.00234131,0.00000000,0.00234131
143,12,1.00000000,0.00234131,0.00000000,0.00234131
144,12,1.00000000,0.00234131,0.00000000,0.00234131
145,12,1.00000000,0.00234131,0.00000000,0.00234131
146,12,1.00000000,0.00234131,0.00000000,0.00234131
147,12,1.00000000,0.00234131,0.00000000,0.00234131
148,12,1.00000000,0.00234131,0.00000000,0.00234131
149,12,1.00000000,0.00234131,0.00000000,0.00234131
150,12,1.00000000,0.00234131,0.00000000,0.00234131
151,12,1.00000000,0.00234131,0.00000000,0.00234131
152,12,1.00000000,0.00234131,0.00000000,0.00234131
153,12,1.00000000,0.00234131,0.00000000,0.00234131
154,12,1.00000000,0.00234131,0.00000000,0.00234131
155,12,1.00000000,0.00234131,0.00000000,0.00234131
156,12,1.00000000,0.00234131,0.00000000,0.00234131
157,12,1.00000000,0.00234131,0.00000000,0.00234131
158,12,1.00000000,0.00234131,0.00000000,0.00234131
159,12,1.00000000,0.00234131,0.00000000,0.00234131
0,13,1.00000000,0.00246120,-0.00000000,0.00246120
1,13,1.00000000,0.00246120,-0.00000000,0.00246120
2,13,1.00000000,0.00246120,-0.00000000,0.00246120
3,13,1.00000000,0.00246120,-0.00000000,0.00246120
4,13,1.00000000,0.00246120,-0.00000000,0.00246120
5,13,1.00000000,0.00246120,-0.00000000,0.00246120
6,13,1.00000000,0.00246120,-0.00000000,0.00246120
7,13,1.00000000,0.00246120,-0.00000000,0.00246120
8,13,1.00000000,0.00246120,-0.00000000,0.00246120
9,13,1.00000000,0.00246120,-0.00000000,0.00246120
10,13,1.00000000,0.00246120,-0.00000000,0.00246120
11,13,1.00000000,0.00246120,-0.00000000,0.00246120
12,13,1.00000000,0.00246120,-0.00000000,0.00246120
13,13,1.00000000,0.00246120,-0.00000000,0.00246120
14,13,1.00000000,0.00246120,-0.00000000,0.00246120
15,13,1.00000000,0.00246120,-0.00000000,0.00246120
16,13,1.00000000,0.00246120,-0.00000000,0.00246120
17,13,1.00000000,0.00246120,-0.00000000,0.00246120
18,13,1.00000000,0.00246120,-0.00000000,0.00246120
19,13,1.00000000,0.00246120,-0.00000000,0.00246120
20,13,1.00000000,0.00246120,-0.00000000,0.00246120
21,13,1.00000000,0.00246120,-0.00000000,0.00246120
22,13,1.00000000,0.00246120,-0.00000000,0.00246120
23,13,1.00000000,0.00246120,-0.00000000,0.00246120
24,13,1.00000000,0.00246120,-0.00000000,0.00246120
25,13,1.00000000,0.00246120,-0.00000000,0.00246120
26,13,1.00000000,0.00246120,-0.00000000,0.00246120
27,13,1.00000000,0.00246120,-0.00000000,0.00246120
28,13,1.00000000,0.00246120,-0.00000000,0.00246120
29,13,1.00000000,0.00246120,-0.00000000,0.00246120
30,13,1.00000000,0.00246120,-0.00000000,0.00246120
31,13,1.00000000,0.00246120,-0.00000000,0.00246120
32,13,1.00000000,0.00246120,-0.00000000,0.00246120
33,13,1.00000000,0.00246120,-0.00000000,0.00246120
34,13,1.00000000,0.00246120,-0.00000000,0.00246120
35,13,1.00000000,0.00246120,-0.00000000,0.00246120
36,13,1.00000000,0.00246120,-0.00000000,0.00246120
37,13,1.00000000,0.00246120,-0.00000000,0.00246120
38,13,1.00000000,0.00246120,-0.00000000,0.00246120
39,13,1.00000000,0.00246120,-0.00000000,0.00246120
40,13,1.00000000,0.00246120,-0.00000000,0.00246120
41,13,1.00000000,0.00246120,-0.00000000,0.00246120
42,13,1.00000000,0.00246120,-0.00000000,0.00246120
43,13,1.00000000,0.00246120,-0.00000000,0.00246120
44,13,1.00000000,0.00246120,-0.00000000,0.00246120
45,13,1.00000000,0.00246120,-0.00000000,0.00246120
46,13,1.00000000,0.00246120,-0.00000000,0.00246120
47,13,1.00000000,0.00246120,-0.00000000,0.00246120
48,13,1.00000000,0.00246120,-0.00000000,0.00246120
49,13,1.00000000,0.00246120,-0.00000000,0.00246120
50,13,1.00000000,0.00246120,-0.00000000,0.00246120
51,13,1.00000000,0.00246120,-0.00000000,0.00246120
52,13,1.00000000,0.00246120,-0.00000000,0.00246120
53,13,1.00000000,0.00246120,-0.00000000,0.00246120
54,13,1.00000000,0.00246120,-0.00000000,0.00246120
55,13,1.00000000,0.00246120,-0.00000000,0.00246120
56,13,1.00000000,0.00246120,-0.00000000,0.00246120
57,13,1.00000000,0.00246120,-0.00000000,0.00246120
58,13,1.00000000,0.00246120,-0.00000000,0.00246120
59,13,1.00000000,0.00246120,-0.00000000,0.00246120
60,13,1.00000000,0.00246120,-0.00000000,0.00246120
61,13,1.00000000,0.00246120,-0.00000000,0.00246120
62,13,1.00000000,0.00246120,-0.00000000,0.00246120
63,13,1.00000000,0.00246120,-0.00000000,0.00246120
64,13,1.00000000,0.00246120,-0.00000000,0.00246120
65,13,1.00000000,0.00246120,-0.00000000,0.00246120
66,13,1.00000000,0.00246120,-0.00000000,0.00246120
67,13,1.00000000,0.00246120,-0.00000000,0.00246120
68,13,1.00000000,0.00246120,-0.00000000,0.00246120
69,13,1.00000000,0.00246120,-0.00000000,0.00246120
70,13,1.00000000,0.00246120,-0.00000000,0.00246120
71,13,1.00000000,0.00246120,-0.00000000,0.00246120
72,13,1.00000000,0.00246120,-0.00000000,0.00246120
73,13,1.00000000,0.00246120,-0.00000000,0.00246120
74,13,1.00000000,0.00246120,-0.00000000,0.00246120
75,13,1.00000000,0.00246120,-0.00000000,0.00246120
76,13,1.00000000,0.00246120,-0.00000000,0.00246120
77,13,1.00000000,0.00246120,-0.00000000,0.00246120
78,13,1.00000000,0.00246120,-0.00000000,0.00246120
79,13,1.00000000,0.00246120,-0.00000000,0.00246120
80,13,1.00000000,0.00246120,-0.00000000,0.00246120
81,13,1.00000000,0.00246120,-0.00000000,0.00246120
82,13,1.00000000,0.00246120,-0.00000000,0.00246120
83,13,1.00000000,0.00246120,-0.00000000,0.00246120
84,13,1.00000000,0.00246120,-0.00000000,0.00246120
85,13,1.00000000,0.00246120,-0.00000000,0.00246120
86,13,1.00000000,0.00246120,-0.00000000,0.00246120
87,13,1.00000000,0.00246120,-0.00000000,0.00246120
88,13,1.00000000,0.00246120,-0.00000000,0.00246120
89,13,1.00000000,0.00246120,-0.00000000,0.00246120
90,13,1.00000000,0.00246120,-0.00000000,0.00246120
91,13,1.00000000,0.00246120,-0.00000000,0.00246120
92,13,1.00000000,0.00246120,-0.00000000,0.00246120
93,13,1.00000000,0.00246120,-0.00000000,0.00246120
94,13,1.00000000,0.00246120,-0.00000000,0.00246120
95,13,1.00000000,0.00246120,-0.00000000,0.00246120
96,13,1.00000000,0.00246120,-0.00000000,0.00246120
97,13,1.00000000,0.00246120,-0.00000000,0.00246120
98,13,1.00000000,0.00246120,-0.00000000,0.00246120
99,13,1.00000000,0.00246120,-0.00000000,0.00246120
100,13,1.00000000,0.00246120,-0.00000000,0.00246120
101,13,1.00000000,0.00246120,-0.00000000,0.00246120
102,13,1.00000000,0.00246120,-0.00000000,0.00246120
103,13,1.00000000,0.00246120,-0.00000000,0.00246120
104,13,1.00000000,0.00246120,-0.00000000,0.00246120
105,13,1.00000000,0.00246120,-0.00000000,0.00246120
106,13,1.00000000,0.00246120,-0.00000000,0.00246120
107,13,1.00000000,0.00246120,-0.00000000,0.00246120
108,13,1.00000000,0.00246120,-0.00000000,0.00246120
109,13,1.00000000,0.00246120,-0.00000000,0.00246120
110,13,1.00000000,0.00246120,-0.00000000,0.00246120
111,13,1.00000000,0.00246120,-0.00000000,0.00246120
112,13,1.00000000,0.00246120,-0.00000000,0.00246120
113,13,1.00000000,0.00246120,-0.00000000,0.00246120
114,13,1.00000000,0.00246120,-0.00000000,0.00246120
115,13,1.00000000,0.00246120,-0.00000000,0.00246120
116,13,1.00000000,0.00246120,-0.00000000,0.00246120
117,13,1.00000000,0.00246120,-0.00000000,0.00246120
118,13,1.00000000,0.00246120,-0.00000000,0.00246120
119,13,1.00000000,0.00246120,-0.00000000,0.00246120
120,13,1.00000000,0.00246120,-0.00000000,0.00246120
121,13,1.00000000,0.00246120,-0.00000000,0.00246120
122,13,1.00000000,0.00246120,-0.00000000,0.00246120
123,13,1.00000000,0.00246120,-0.00000000,0.00246120
124,13,1.00000000,0.00246120,-0.00000000,0.00246120
125,13,1.00000000,0.00246120,-0.00000000,0.00246120
126,13,1.00000000,0.00246120,-0.00000000,0.00246120
127,13,1.00000000,0.00246120,-0.00000000,0.00246120
128,13,1.00000000,0.00246120,-0.00000000,0.00246120
129,13,1.00000000,0.00246120,-0.00000000,0.00246120
130,13,1.00000000,0.00246120,-0.00000000,0.00246120
131,13,1.00000000,0.00246120,-0.00000000,0.00246120
132,13,1.00000000,0.00246120,-0.00000000,0.00246120
133,13,1.00000000,0.00246120,-0.00000000,0.00246120
134,13,1.00000000,0.00246120,-0.00000000,0.00246120
135,13,1.00000000,0.00246120,-0.00000000,0.00246120
136,13,1.00000000,0.00246120,-0.00000000,0.00246120
137,13,1.00000000,0.00246120,-0.00000000,0.00246120
138,13,1.00000000,0.00246120,-0.00000000,0.00246120
139,13,1.00000000,0.00246120,-0.00000000,0.00246120
140,13,1.00000000,0.00246120,-0.00000000,0.00246120
141,13,1.00000000,0.00246120,-0.00000000,0.00246120
142,13,1.00000000,0.00246120,-0.00000000,0.00246120
143,13,1.00000000,0.00246120,-0.00000000,0.00246120
144,13,1.00000000,0.00246120,-0.00000000,0.00246120
145,13,1.00000000,0.00246120,-0.00000000,0.00246120
146,13,1.00000000,0.00246120,-0.00000000,0.00246120
147,13,1.00000000,0.00246120,-0.00000000,0.00246120
148,13,1.00000000,0.00246120,-0.00000000,0.00246120
149,13,1.00000000,0.00246120,-0.00000000,0.00246120
150,13,1.00000000,0.00246120,-0.00000000,0.00246120
151,13,1.00000000,0.00246120,-0.00000000,0.00246120
152,13,1.00000000,0.00246120,-0.00000000,0.00246120
153,13,1.00000000,0.00246120,-0.00000000,0.00246120
154,13,1.00000000,0.00246120,-0.00000000,0.00246120
155,13,1.00000000,0.00246120,-0.00000000,0.00246120
156,13,1.00000000,0.00246120,-0.00000000,0.00246120
157,13,1.00000000,0.00246120,-0.00000000,0.00246120
158,13,1.00000000,0.00246120,-0.00000000,0.00246120
159,13,1.00000000,0.00246120,-0.00000000,0.00246120
0,14,1.00000000,0.00257110,0.00000000,0.00257110
1,14,1.00000000,0.00257110,0.00000000,0.00257110
2,14,1.00000000,0.00257110,0.00000000,0.00257110
3,14,1.00000000,0.00257110,0.00000000,0.00257110
4,14,1.00000000,0.00257110,0.00000000,0.00257110
5,14,1.00000000,0.00257110,0.00000000,0.00257110
6,14,1.00000000,0.00257110,0.00000000,0.00257110
7,14,1.00000000,0.00257110,0.00000000,0.00257110
8,14,1.00000000,0.00257110,0.00000000,0.00257110
9,14,1.00000000,0.00257110,0.00000000,0.00257110
10,14,1.00000000,0.00257110,0.00000000,0.00257110
11,14,1.00000000,0.00257110,0.00000000,0.00257110
12,14,1.00000000,0.00257110,0.00000000,0.00257110
13,14,1.00000000,0.00257110,0.00000000,0.00257110
14,14,1.00000000,0.00257110,0.00000000,0.00257110
15,14,1.00000000,0.00257110,0.00000000,0.00257110
16,14,1.00000000,0.00257110,0.00000000,0.00257110
17,14,1.00000000,0.00257110,0.00000000,0.00257110
18,14,1.00000000,0.00257110,0.00000000,0.00257110
19,14,1.00000000,0.00257110,0.00000000,0.00257110
20,14,1.00000000,0.00257110,0.00000000,0.00257110
21,14,1.00000000,0.00257110,0.00000000,0.00257110
22,14,1.00000000,0.00257110,0.00000000,0.00257110
23,14,1.00000000,0.00257110,0.00000000,0.00257110
24,14,1.00000000,0.00257110,0.00000000,0.00257110
25,14,1.00000000,0.00257110,0.00000000,0.00257110
26,14,1.00000000,0.00257110,0.00000000,0.00257110
27,14,1.00000000,0.00257110,0.00000000,0.00257110
28,14,1.00000000,0.00257110,0.00000000,0.00257110
29,14,1.00000000,0.00257110,0.00000000,0.00257110
30,14,1.00000000,0.00257110,0.00000000,0.00257110
31,14,1.00000000,0.00257110,0.00000000,0.00257110
32,14,1.00000000,0.00257110,0.00000000,0.00257110
33,14,1.00000000,0.00257110,0.00000000,0.00257110
34,14,1.00000000,0.00257110,0.00000000,0.00257110
35,14,1.00000000,0.00257110,0.00000000,0.00257110
36,14,1.00000000,0.00257110,0.00000000,0.00257110
37,14,1.00000000,0.00257110,0.00000000,0.00257110
38,14,1.00000000,0.00257110,0.00000000,0.00257110
39,14,1.00000000,0.00257110,0.00000000,0.00257110
40,14,1.00000000,0.00257110,0.00000000,0.00257110
41,14,1.00000000,0.00257110,0.00000000,0.00257110
42,14,1.00000000,0.00257110,0.00000000,0.00257110
43,14,1.00000000,0.00257110,0.00000000,0.00257110
44,14,1.00000000,0.00257110,0.00000000,0.00257110
45,14,1.00000000,0.00257110,0.00000000,0.00257110
46,14,1.00000000,0.00257110,0.00000000,0.00257110
47,14,1.00000000,0.00257110,0.00000000,0.00257110
48,14,1.00000000,0.00257110,0.00000000,0.00257110
49,14,1.00000000,0.00257110,0.00000000,0.00257110
50,14,1.00000000,0.00257110,0.00000000,0.00257110
51,14,1.00000000,0.00257110,0.00000000,0.00257110
52,14,1.00000000,0.00257110,0.00000000,0.00257110
53,14,1.00000000,0.00257110,0.00000000,0.00257110
54,14,1.00000000,0.00257110,0.00000000,0.00257110
55,14,1.00000000,0.00257110,0.00000000,0.00257110
56,14,1.00000000,0.00257110,0.00000000,0.00257110
57,14,1.00000000,0.00257110,0.00000000,0.00257110
58,14,1.00000000,0.00257110,0.00000000,0.00257110
59,14,1.00000000,0.00257110,0.00000000,0.00257110
60,14,1.00000000,0.00257110,0.00000000,0.00257110
61,14,1.00000000,0.00257110,0.00000000,0.00257110
62,14,1.00000000,0.00257110,0.00000000,0.00257110
63,14,1.00000000,0.00257110,0.00000000,0.00257110
64,14,1.00000000,0.00257110,0.00000000,0.00257110
65,14,1.00000000,0.00257110,0.00000000,0.00257110
66,14,1.00000000,0.00257110,0.00000000,0.00257110
67,14,1.00000000,0.00257110,0.00000000,0.00257110
68,14,1.00000000,0.00257110,0.00000000,0.00257110
69,14,1.00000000,0.00257110,0.00000000,0.00257110
70,14,1.00000000,0.00257110,0.00000000,0.00257110
71,14,1.00000000,0.00257110,0.00000000,0.00257110
72,14,1.00000000,0.00257110,0.00000000,0.00257110
73,14,1.00000000,0.00257110,0.00000000,0.00257110
74,14,1.00000000,0.00257110,0.00000000,0.00257110
75,14,1.00000000,0.00257110,0.00000000,0.00257110
76,14,1.00000000,0.00257110,0.00000000,0.00257110
77,14,1.00000000,0.00257110,0.00000000,0.00257110
78,14,1.00000000,0.00257110,0.00000000,0.00257110
79,14,1.00000000,0.00257110,0.00000000,0.00257110
80,14,1.00000000,0.00257110,0.00000000,0.00257110
81,14,1.00000000,0.00257110,0.00000000,0.00257110
82,14,1.00000000,0.00257110,0.00000000,0.00257110
83,14,1.00000000,0.00257110,0.00000000,0.00257110
84,14,1.00000000,0.00257110,0.00000000,0.00257110
85,14,1.00000000,0.00257110,0.00000000,0.00257110
86,14,1.00000000,0.00257110,0.00000000,0.00257110
87,14,1.00000000,0.00257110,0.00000000,0.00257110
88,14,1.00000000,0.00257110,0.00000000,0.00257110
89,14,1.00000000,0.00257110,0.00000000,0.00257110
90,14,1.00000000,0.00257110,0.00000000,0.00257110
91,14,1.00000000,0.00257110,0.00000000,0.00257110
92,14,1.00000000,0.00257110,0.00000000,0.00257110
93,14,1.00000000,0.00257110,0.00000000,0.00257110
94,14,1.00000000,0.00257110,0.00000000,0.00257110
95,14,1.00000000,0.00257110,0.00000000,0.00257110
96,14,1.00000000,0.00257110,0.00000000,0.00257110
97,14,1.00000000,0.00257110,0.00000000,0.00257110
98,14,1.00000000,0.00257110,0.00000000,0.00257110
99,14,1.00000000,0.00257110,0.00000000,0.00257110
100,14,1.00000000,0.00257110,0.00000000,0.00257110
101,14,1.00000000,0.00257110,0.00000000,0.00257110
102,14,1.00000000,0.00257110,0.00000000,0.00257110
103,14,1.00000000,0.00257110,0.00000000,0.00257110
104,14,1.00000000,0.00257110,0.00000000,0.00257110
105,14,1.00000000,0.00257110,0.00000000,0.00257110
106,14,1.00000000,0.00257110,0.00000000,0.00257110
107,14,1.00000000,0.00257110,0.00000000,0.00257110
108,14,1.00000000,0.00257110,0.00000000,0.00257110
109,14,1.00000000,0.00257110,0.00000000,0.00257110
110,14,1.00000000,0.00257110,0.00000000,0.00257110
111,14,1.00000000,0.00257110,0.00000000,0.00257110
112,14,1.00000000,0.00257110,0.00000000,0.00257110
113,14,1.00000000,0.00257110,0.00000000,0.00257110
114,14,1.00000000,0.00257110,0.00000000,0.00257110
115,14,1.00000000,0.00257110,0.00000000,0.00257110
116,14,1.00000000,0.00257110,0.00000000,0.00257110
117,14,1.00000000,0.00257110,0.00000000,0.00257110
118,14,1.00000000,0.00257110,0.00000000,0.00257110
119,14,1.00000000,0.00257110,0.00000000,0.00257110
120,14,1.00000000,0.00257110,0.00000000,0.00257110
121,14,1.00000000,0.00257110,0.00000000,0.00257110
122,14,1.00000000,0.00257110,0.00000000,0.00257110
123,14,1.00000000,0.00257110,0.00000000,0.00257110
124,14,1.00000000,0.00257110,0.00000000,0.00257110
125,14,1.00000000,0.00257110,0.00000000,0.00257110
126,14,1.00000000,0.00257110,0.00000000,0.00257110
127,14,1.00000000,0.00257110,0.00000000,0.00257110
128,14,1.00000000,0.00257110,0.00000000,0.00257110
129,14,1.00000000,0.00257110,0.00000000,0.00257110
130,14,1.00000000,0.00257110,0.00000000,0.00257110
131,14,1.00000000,0.00257110,0.00000000,0.00257110
132,14,1.00000000,0.00257110,0.00000000,0.00257110
133,14,1.00000000,0.00257110,0.00000000,0.00257110
134,14,1.00000000,0.00257110,0.00000000,0.00257110
135,14,1.00000000,0.00257110,0.00000000,0.00257110
136,14,1.00000000,0.00257110,0.00000000,0.00257110
137,14,1.00000000,0.00257110,0.00000000,0.00257110
138,14,1.00000000,0.00257110,0.00000000,0.00257110
139,14,1.00000000,0.00257110,0.00000000,0.00257110
140,14,1.00000000,0.00257110,0.00000000,0.00257110
141,14,1.00000000,0.00257110,0.00000000,0.00257110
142,14,1.00000000,0.00257110,0.00000000,0.00257110
143,14,1.00000000,0.00257110,0.00000000,0.00257110
144,14,1.00000000,0.00257110,0.00000000,0.00257110
145,14,1.00000000,0.00257110,0.00000000,0.00257110
146,14,1.00000000,0.00257110,0.00000000,0.00257110
147,14,1.00000000,0.00257110,0.00000000,0.00257110
148,14,1.00000000,0.00257110,0.00000000,0.00257110
149,14,1.00000000,0.00257110,0.00000000,0.00257110
150,14,1.00000000,0.00257110,0.00000000,0.00257110
151,14,1.00000000,0.00257110,0.00000000,0.00257110
152,14,1.00000000,0.00257110,0.00000000,0.00257110
153,14,1.00000000,0.00257110,0.00000000,0.00257110
154,14,1.00000000,0.00257110,0.00000000,0.00257110
155,14,1.00000000,0.00257110,0.00000000,0.00257110
156,14,1.00000000,0.00257110,0.00000000,0.00257110
157,14,1.00000000,0.00257110,0.00000000,0.00257110
158,14,1.00000000,0.00257110,0.00000000,0.00257110
159,14,1.00000000,0.00257110,0.00000000,0.00257110
0,15,1.00000000,0.00267101,-0.00000000,0.00267101
1,15,1.00000000,0.00267101,-0.00000000,0.00267101
2,15,1.00000000,0.00267101,-0.00000000,0.00267101
3,15,1.00000000,0.00267101,-0.00000000,0.00267101
4,15,1.00000000,0.00267101,-0.00000000,0.00267101
5,15,1.00000000,0.00267101,-0.00000000,0.00267101
6,15,1.00000000,0.00267101,-0.00000000,0.00267101
7,15,1.00000000,0.00267101,-0.00000000,0.00267101
8,15,1.00000000,0.00267101,-0.00000000,0.00267101
9,15,1.00000000,0.00267101,-0.00000000,0.00267101
10,15,1.00000000,0.00267101,-0.00000000,0.00267101
11,15,1.00000000,0.00267101,-0.00000000,0.00267101
12,15,1.00000000,0.00267101,-0.00000000,0.00267101
13,15,1.00000000,0.00267101,-0.00000000,0.00267101
14,15,1.00000000,0.00267101,-0.00000000,0.00267101
15,15,1.00000000,0.00267101,-0.00000000,0.00267101
16,15,1.00000000,0.00267101,-0.00000000,0.00267101
17,15,1.00000000,0.00267101,-0.00000000,0.00267101
18,15,1.00000000,0.00267101,-0.00000000,0.00267101
19,15,1.00000000,0.00267101,-0.00000000,0.00267101
20,15,1.00000000,0.00267101,-0.00000000,0.00267101
21,15,1.00000000,0.00267101,-0.00000000,0.00267101
22,15,1.00000000,0.00267101,-0.00000000,0.00267101
23,15,1.00000000,0.00267101,-0.00000000,0.00267101
24,15,1.00000000,0.00267101,-0.00000000,0.00267101
25,15,1.00000000,0.00267101,-0.00000000,0.00267101
26,15,1.00000000,0.00267101,-0.00000000,0.00267101
27,15,1.00000000,0.00267101,-0.00000000,0.00267101
28,15,1.00000000,0.00267101,-0.00000000,0.00267101
29,15,1.00000000,0.00267101,-0.00000000,0.00267101
30,15,1.00000000,0.00267101,-0.00000000,0.00267101
31,15,1.00000000,0.00267101,-0.00000000,0.00267101
32,15,1.00000000,0.00267101,-0.00000000,0.00267101
33,15,1.00000000,0.00267101,-0.00000000,0.00267101
34,15,1.00000000,0.00267101,-0.00000000,0.00267101
35,15,1.00000000,0.00267101,-0.00000000,0.00267101
36,15,1.00000000,0.00267101,-0.00000000,0.00267101
37,15,1.00000000,0.00267101,-0.00000000,0.00267101
38,15,1.00000000,0.00267101,-0.00000000,0.00267101
39,15,1.00000000,0.00267101,-0.00000000,0.00267101
40,15,1.00000000,0.00267101,-0.00000000,0.00267101
41,15,1.00000000,0.00267101,-0.00000000,0.00267101
42,15,1.00000000,0.00267101,-0.00000000,0.00267101
43,15,1.00000000,0.00267101,-0.00000000,0.00267101
44,15,1.00000000,0.00267101,-0.00000000,0.00267101
45,15,1.00000000,0.00267101,-0.00000000,0.00267101
46,15,1.00000000,0.00267101,-0.00000000,0.00267101
47,15,1.00000000,0.00267101,-0.00000000,0.00267101
48,15,1.00000000,0.00267101,-0.00000000,0.00267101
49,15,1.00000000,0.00267101,-0.00000000,0.00267101
50,15,1.00000000,0.00267101,-0.00000000,0.00267101
51,15,1.00000000,0.00267101,-0.00000000,0.00267101
52,15,1.00000000,0.00267101,-0.00000000,0.00267101
53,15,1.00000000,0.00267101,-0.00000000,0.00267101
54,15,1.00000000,0.00267101,-0.00000000,0.00267101
55,15,1.00000000,0.00267101,-0.00000000,0.00267101
56,15,1.00000000,0.00267101,-0.00000000,0.00267101
57,15,1.00000000,0.00267101,-0.00000000,0.00267101
58,15,1.00000000,0.00267101,-0.00000000,0.00267101
59,15,1.00000000,0.00267101,-0.00000000,0.00267101
60,15,1.00000000,0.00267101,-0.00000000,0.00267101
61,15,1.00000000,0.00267101,-0.00000000,0.00267101
62,15,1.00000000,0.00267101,-0.00000000,0.00267101
63,15,1.00000000,0.00267101,-0.00000000,0.00267101
64,15,1.00000000,0.00267101,-0.00000000,0.00267101
65,15,1.00000000,0.00267101,-0.00000000,0.00267101
66,15,1.00000000,0.00267101,-0.00000000,0.00267101
67,15,1.00000000,0.00267101,-0.00000000,0.00267101
68,15,1.00000000,0.00267101,-0.00000000,0.00267101
69,15,1.00000000,0.00267101,-0.00000000,0.00267101
70,15,1.00000000,0.00267101,-0.00000000,0.00267101
71,15,1.00000000,0.00267101,-0.00000000,0.00267101
72,15,1.00000000,0.00267101,-0.00000000,0.00267101
73,15,1.00000000,0.00267101,-0.00000000,0.00267101
74,15,1.00000000,0.00267101,-0.00000000,0.00267101
75,15,1.00000000,0.00267101,-0.00000000,0.00267101
76,15,1.00000000,0.00267101,-0.00000000,0.00267101
77,15,1.00000000,0.00267101,-0.00000000,0.00267101
78,15,1.00000000,0.00267101,-0.00000000,0.00267101
79,15,1.00000000,0.00267101,-0.00000000,0.00267101
80,15,1.00000000,0.00267101,-0.00000000,0.00267101
81,15,1.00000000,0.00267101,-0.00000000,0.00267101
82,15,1.00000000,0.00267101,-0.00000000,0.00267101
83,15,1.00000000,0.00267101,-0.00000000,0.00267101
84,15,1.00000000,0.00267101,-0.00000000,0.00267101
85,15,1.00000000,0.00267101,-0.00000000,0.00267101
86,15,1.00000000,0.00267101,-0.00000000,0.00267101
87,15,1.00000000,0.00267101,-0.00000000,0.00267101
88,15,1.00000000,0.00267101,-0.00000000,0.00267101
89,15,1.00000000,0.00267101,-0.00000000,0.00267101
90,15,1.00000000,0.00267101,-0.00000000,0.00267101
91,15,1.00000000,0.00267101,-0.00000000,0.00267101
92,15,1.00000000,0.00267101,-0.00000000,0.00267101
93,15,1.00000000,0.00267101,-0.00000000,0.00267101
94,15,1.00000000,0.00267101,-0.00000000,0.00267101
95,15,1.00000000,0.00267101,-0.00000000,0.00267101
96,15,1.00000000,0.00267101,-0.00000000,0.00267101
97,15,1.00000000,0.00267101,-0.00000000,0.00267101
98,15,1.00000000,0.00267101,-0.00000000,0.00267101
99,15,1.00000000,0.00267101,-0.00000000,0.00267101
100,15,1.00000000,0.00267101,-0.00000000,0.00267101
101,15,1.00000000,0.00267101,-0.00000000,0.00267101
102,15,1.00000000,0.00267101,-0.00000000,0.00267101
103,15,1.00000000,0.00267101,-0.00000000,0.00267101
104,15,1.00000000,0.00267101,-0.00000000,0.00267101
105,15,1.00000000,0.00267101,-0.00000000,0.00267101
106,15,1.00000000,0.00267101,-0.00000000,0.00267101
107,15,1.00000000,0.00267101,-0.00000000,0.00267101
108,15,1.00000000,0.00267101,-0.00000000,0.00267101
109,15,1.00000000,0.00267101,-0.00000000,0.00267101
110,15,1.00000000,0.00267101,-0.00000000,0.00267101
111,15,1.00000000,0.00267101,-0.00000000,0.00267101
112,15,1.00000000,0.00267101,-0.00000000,0.00267101
113,15,1.00000000,0.00267101,-0.00000000,0.00267101
114,15,1.00000000,0.00267101,-0.00000000,0.00267101
115,15,1.00000000,0.00267101,-0.00000000,0.00267101
116,15,1.00000000,0.00267101,-0.00000000,0.00267101
117,15,1.00000000,0.00267101,-0.00000000,0.00267101
118,15,1.00000000,0.00267101,-0.00000000,0.00267101
119,15,1.00000000,0.00267101,-0.00000000,0.00267101
120,15,1.00000000,0.00267101,-0.00000000,0.00267101
121,15,1.00000000,0.00267101,-0.00000000,0.00267101
122,15,1.00000000,0.00267101,-0.00000000,0.00267101
123,15,1.00000000,0.00267101,-0.00000000,0.00267101
124,15,1.00000000,0.00267101,-0.00000000,0.00267101
125,15,1.00000000,0.00267101,-0.00000000,0.00267101
126,15,1.00000000,0.00267101,-0.00000000,0.00267101
127,15,1.00000000,0.00267101,-0.00000000,0.00267101
128,15,1.00000000,0.00267101,-0.00000000,0.00267101
129,15,1.00000000,0.00267101,-0.00000000,0.00267101
130,15,1.00000000,0.00267101,-0.00000000,0.00267101
131,15,1.00000000,0.00267101,-0.00000000,0.00267101
132,15,1.00000000,0.00267101,-0.00000000,0.00267101
133,15,1.00000000,0.00267101,-0.00000000,0.00267101
134,15,1.00000000,0.00267101,-0.00000000,0.00267101
135,15,1.00000000,0.00267101,-0.00000000,0.00267101
136,15,1.00000000,0.00267101,-0.00000000,0.00267101
137,15,1.00000000,0.00267101,-0.00000000,0.00267101
138,15,1.00000000,0.00267101,-0.00000000,0.00267101
139,15,1.00000000,0.00267101,-0.00000000,0.00267101
140,15,1.00000000,0.00267101,-0.00000000,0.00267101
141,15,1.00000000,0.00267101,-0.00000000,0.00267101
142,15,1.00000000,0.00267101,-0.00000000,0.00267101
143,15,1.00000000,0.00267101,-0.00000000,0.00267101
144,15,1.00000000,0.00267101,-0.00000000,0.00267101
145,15,1.00000000,0.00267101,-0.00000000,0.00267101
146,15,1.00000000,0.00267101,-0.00000000,0.00267101
147,15,1.00000000,0.00267101,-0.00000000,0.00267101
148,15,1.00000000,0.00267101,-0.00000000,0.00267101
149,15,1.00000000,0.00267101,-0.00000000,0.00267101
150,15,1.00000000,0.00267101,-0.00000000,0.00267101
151,15,1.00000000,0.00267101,-0.00000000,0.00267101
152,15,1.00000000,0.00267101,-0.00000000,0.00267101
153,15,1.00000000,0.00267101,-0.00000000,0.00267101
154,15,1.00000000,0.00267101,-0.00000000,0.00267101
155,15,1.00000000,0.00267101,-0.00000000,0.00267101
156,15,1.00000000,0.00267101,-0.00000000,0.00267101
157,15,1.00000000,0.00267101,-0.00000000,0.00267101
158,15,1.00000000,0.00267101,-0.00000000,0.00267101
159,15,1.00000000,0.00267101,-0.00000000,0.00267101
0,16,1.00000000,0.00276092,0.00000000,0.00276092
1,16,1.00000000,0.00276092,0.00000000,0.00276092
2,16,1.00000000,0.00276092,0.00000000,0.00276092
3,16,1.00000000,0.00276092,0.00000000,0.00276092
4,16,1.00000000,0.00276092,0.00000000,0.00276092
5,16,1.00000000,0.00276092,0.00000000,0.00276092
6,16,1.00000000,0.00276092,0.00000000,0.00276092
7,16,1.00000000,0.00276092,0.00000000,0.00276092
8,16,1.00000000,0.00276092,0.00000000,0.00276092
9,16,1.00000000,0.00276092,0.00000000,0.00276092
10,16,1.00000000,0.00276092,0.00000000,0.00276092
11,16,1.00000000,0.00276092,0.00000000,0.00276092
12,16,1.00000000,0.00276092,0.00000000,0.00276092
13,16,1.00000000,0.00276092,0.00000000,0.00276092
14,16,1.00000000,0.00276092,0.00000000,0.00276092
15,16,1.00000000,0.00276092,0.00000000,0.00276092
16,16,1.00000000,0.00276092,0.00000000,0.00276092
17,16,1.00000000,0.00276092,0.00000000,0.00276092
18,16,1.00000000,0.00276092,0.00000000,0.00276092
19,16,1.00000000,0.00276092,0.00000000,0.00276092
20,16,1.00000000,0.00276092,0.00000000,0.00276092
21,16,1.00000000,0.00276092,0.00000000,0.00276092
22,16,1.00000000,0.00276092,0.00000000,0.00276092
23,16,1.00000000,0.00276092,0.00000000,0.00276092
24,16,1.00000000,0.00276092,0.00000000,0.00276092
25,16,1.00000000,0.00276092,0.00000000,0.00276092
26,16,1.00000000,0.00276092,0.00000000,0.00276092
27,16,1.00000000,0.00276092,0.00000000,0.00276092
28,16,1.00000000,0.00276092,0.00000000,0.00276092
29,16,1.00000000,0.00276092,0.00000000,0.00276092
30,16,1.00000000,0.00276092,0.00000000,0.00276092
31,16,1.00000000,0.00276092,0.00000000,0.00276092
32,16,1.00000000,0.00276092,0.00000000,0.00276092
33,16,1.00000000,0.00276092,0.00000000,0.00276092
34,16,1.00000000,0.00276092,0.00000000,0.00276092
35,16,1.00000000,0.00276092,0.00000000,0.00276092
36,16,1.00000000,0.00276092,0.00000000,0.00276092
37,16,1.00000000,0.00276092,0.00000000,0.00276092
38,16,1.00000000,0.00276092,0.00000000,0.00276092
39,16,1.00000000,0.00276092,0.00000000,0.00276092
40,16,1.00000000,0.00276092,0.00000000,0.00276092
41,16,1.00000000,0.00276092,0.00000000,0.00276092
42,16,1.00000000,0.00276092,0.00000000,0.00276092
43,16,1.00000000,0.00276092,0.00000000,0.00276092
44,16,1.00000000,0.00276092,0.00000000,0.00276092
45,16,1.00000000,0.00276092,0.00000000,0.00276092
46,16,1.00000000,0.00276092,0.00000000,0.00276092
47,16,1.00000000,0.00276092,0.00000000,0.00276092
48,16,1.00000000,0.00276092,0.00000000,0.00276092
49,16,1.00000000,0.00276092,0.00000000,0.00276092
50,16,1.00000000,0.00276092,0.00000000,0.00276092
51,16,1.00000000,0.00276092,0.00000000,0.00276092
52,16,1.00000000,0.00276092,0.00000000,0.00276092
53,16,1.00000000,0.00276092,0.00000000,0.00276092
54,16,1.00000000,0.00276092,0.00000000,0.00276092
55,16,1.00000000,0.00276092,0.00000000,0.00276092
56,16,1.00000000,0.00276092,0.00000000,0.00276092
57,16,1.00000000,0.00276092,0.00000000,0.00276092
58,16,1.00000000,0.00276092,0.00000000,0.00276092
59,16,1.00000000,0.00276092,0.00000000,0.00276092
60,16,1.00000000,0.00276092,0.00000000,0.00276092
61,16,1.00000000,0.00276092,0.00000000,0.00276092
62,16,1.00000000,0.00276092,0.00000000,0.00276092
63,16,1.00000000,0.00276092,0.00000000,0.00276092
64,16,1.00000000,0.00276092,0.00000000,0.00276092
65,16,1.00000000,0.00276092,0.00000000,0.00276092
66,16,1.00000000,0.00276092,0.00000000,0.00276092
67,16,1.00000000,0.00276092,0.00000000,0.00276092
68,16,1.00000000,0.00276092,0.00000000,0.00276092
69,16,1.00000000,0.00276092,0.00000000,0.00276092
70,16,1.00000000,0.00276092,0.00000000,0.00276092
71,16,1.00000000,0.00276092,0.00000000,0.00276092
72,16,1.00000000,0.00276092,0.00000000,0.00276092
73,16,1.00000000,0.00276092,0.00000000,0.00276092
74,16,1.00000000,0.00276092,0.00000000,0.00276092
75,16,1.00000000,0.00276092,0.00000000,0.00276092
76,16,1.00000000,0.00276092,0.00000000,0.00276092
77,16,1.00000000,0.00276092,0.00000000,0.00276092
78,16,1.00000000,0.00276092,0.00000000,0.00276092
79,16,1.00000000,0.00276092,0.00000000,0.00276092
80,16,1.00000000,0.00276092,0.00000000,0.00276092
81,16,1.00000000,0.00276092,0.00000000,0.00276092
82,16,1.00000000,0.00276092,0.00000000,0.00276092
83,16,1.00000000,0.00276092,0.00000000,0.00276092
84,16,1.00000000,0.00276092,0.00000000,0.00276092
85,16,1.00000000,0.00276092,0.00000000,0.00276092
86,16,1.00000000,0.00276092,0.00000000,0.00276092
87,16,1.00000000,0.00276092,0.00000000,0.00276092
88,16,1.00000000,0.00276092,0.00000000,0.00276092
89,16,1.00000000,0.00276092,0.00000000,0.00276092
90,16,1.00000000,0.00276092,0.00000000,0.00276092
91,16,1.00000000,0.00276092,0.00000000,0.00276092
92,16,1.00000000,0.00276092,0.00000000,0.00276092
93,16,1.00000000,0.00276092,0.00000000,0.00276092
94,16,1.00000000,0.00276092,0.00000000,0.00276092
95,16,1.00000000,0.00276092,0.00000000,0.00276092
96,16,1.00000000,0.00276092,0.00000000,0.00276092
97,16,1.00000000,0.00276092,0.00000000,0.00276092
98,16,1.00000000,0.00276092,0.00000000,0.00276092
99,16,1.00000000,0.00276092,0.00000000,0.00276092
100,16,1.00000000,0.00276092,0.00000000,0.00276092
101,16,1.00000000,0.00276092,0.00000000,0.00276092
102,16,1.00000000,0.00276092,0.00000000,0.00276092
103,16,1.00000000,0.00276092,0.00000000,0.00276092
104,16,1.00000000,0.00276092,0.00000000,0.00276092
105,16,1.00000000,0.00276092,0.00000000,0.00276092
106,16,1.00000000,0.00276092,0.00000000,0.00276092
107,16,1.00000000,0.00276092,0.00000000,0.00276092
108,16,1.00000000,0.00276092,0.00000000,0.00276092
109,16,1.00000000,0.00276092,0.00000000,0.00276092
110,16,1.00000000,0.00276092,0.00000000,0.00276092
111,16,1.00000000,0.00276092,0.00000000,0.00276092
112,16,1.00000000,0.00276092,0.00000000,0.00276092
113,16,1.00000000,0.00276092,0.00000000,0.00276092
114,16,1.00000000,0.00276092,0.00000000,0.00276092
115,16,1.00000000,0.00276092,0.00000000,0.00276092
116,16,1.00000000,0.00276092,0.00000000,0.00276092
117,16,1.00000000,0.00276092,0.00000000,0.00276092
118,16,1.00000000,0.00276092,0.00000000,0.00276092
119,16,1.00000000,0.00276092,0.00000000,0.00276092
120,16,1.00000000,0.00276092,0.00000000,0.00276092
121,16,1.00000000,0.00276092,0.00000000,0.00276092
122,16,1.00000000,0.00276092,0.00000000,0.00276092
123,16,1.00000000,0.00276092,0.00000000,0.00276092
124,16,1.00000000,0.00276092,0.00000000,0.00276092
125,16,1.00000000,0.00276092,0.00000000,0.00276092
126,16,1.00000000,0.00276092,0.00000000,0.00276092
127,16,1.00000000,0.00276092,0.00000000,0.00276092
128,16,1.00000000,0.00276092,0.00000000,0.00276092
129,16,1.00000000,0.00276092,0.00000000,0.00276092
130,16,1.00000000,0.00276092,0.00000000,0.00276092
131,16,1.00000000,0.00276092,0.00000000,0.00276092
132,16,1.00000000,0.00276092,0.00000000,0.00276092
133,16,1.00000000,0.00276092,0.00000000,0.00276092
134,16,1.00000000,0.00276092,0.00000000,0.00276092
135,16,1.00000000,0.00276092,0.00000000,0.00276092
136,16,1.00000000,0.00276092,0.00000000,0.00276092
137,16,1.00000000,0.00276092,0.00000000,0.00276092
138,16,1.00000000,0.00276092,0.00000000,0.00276092
139,16,1.00000000,0.00276092,0.00000000,0.00276092
140,16,1.00000000,0.00276092,0.00000000,0.00276092
141,16,1.00000000,0.00276092,0.00000000,0.00276092
142,16,1.00000000,0.00276092,0.00000000,0.00276092
143,16,1.00000000,0.00276092,0.00000000,0.00276092
144,16,1.00000000,0.00276092,0.00000000,0.00276092
145,16,1.00000000,0.00276092,0.00000000,0.00276092
146,16,1.00000000,0.00276092,0.00000000,0.00276092
147,16,1.00000000,0.00276092,0.00000000,0.00276092
148,16,1.00000000,0.00276092,0.00000000,0.00276092
149,16,1.00000000,0.00276092,0.00000000,0.00276092
150,16,1.00000000,0.00276092,0.00000000,0.00276092
151,16,1.00000000,0.00276092,0.00000000,0.00276092
152,16,1.00000000,0.00276092,0.00000000,0.00276092
153,16,1.00000000,0.00276092,0.00000000,0.00276092
154,16,1.00000000,0.00276092,0.00000000,0.00276092
155,16,1.00000000,0.00276092,0.00000000,0.00276092
156,16,1.00000000,0.00276092,0.00000000,0.00276092
157,16,1.00000000,0.00276092,0.00000000,0.00276092
158,16,1.00000000,0.00276092,0.00000000,0.00276092
159,16,1.00000000,0.00276092,0.00000000,0.00276092
0,17,1.00000000,0.00284084,-0.00000000,0.00284084
1,17,1.00000000,0.00284084,-0.00000000,0.00284084
2,17,1.00000000,0.00284084,-0.00000000,0.00284084
3,17,1.00000000,0.00284084,-0.00000000,0.00284084
4,17,1.00000000,0.00284084,-0.00000000,0.00284084
5,17,1.00000000,0.00284084,-0.00000000,0.00284084
6,17,1.00000000,0.00284084,-0.00000000,0.00284084
7,17,1.00000000,0.00284084,-0.00000000,0.00284084
8,17,1.00000000,0.00284084,-0.00000000,0.00284084
9,17,1.00000000,0.00284084,-0.00000000,0.00284084
10,17,1.00000000,0.00284084,-0.00000000,0.00284084
11,17,1.00000000,0.00284084,-0.00000000,0.00284084
12,17,1.00000000,0.00284084,-0.00000000,0.00284084
13,17,1.00000000,0.00284084,-0.00000000,0.00284084
14,17,1.00000000,0.00284084,-0.00000000,0.00284084
15,17,1.00000000,0.00284084,-0.00000000,0.00284084
16,17,1.00000000,0.00284084,-0.00000000,0.00284084
17,17,1.00000000,0.00284084,-0.00000000,0.00284084
18,17,1.00000000,0.00284084,-0.00000000,0.00284084
19,17,1.00000000,0.00284084,-0.00000000,0.00284084
20,17,1.00000000,0.00284084,-0.00000000,0.00284084
21,17,1.00000000,0.00284084,-0.00000000,0.00284084
22,17,1.00000000,0.00284084,-0.00000000,0.00284084
23,17,1.00000000,0.00284084,-0.00000000,0.00284084
24,17,1.00000000,0.00284084,-0.00000000,0.00284084
25,17,1.00000000,0.00284084,-0.00000000,0.00284084
26,17,1.00000000,0.00284084,-0.00000000,0.00284084
27,17,1.00000000,0.00284084,-0.00000000,0.00284084
28,17,1.00000000,0.00284084,-0.00000000,0.00284084
29,17,1.00000000,0.00284084,-0.00000000,0.00284084
30,17,1.00000000,0.00284084,-0.00000000,0.00284084
31,17,1.00000000,0.00284084,-0.00000000,0.00284084
32,17,1.00000000,0.00284084,-0.00000000,0.00284084
33,17,1.00000000,0.00284084,-0.00000000,0.00284084
34,17,1.00000000,0.00284084,-0.00000000,0.00284084
35,17,1.00000000,0.00284084,-0.00000000,0.00284084
36,17,1.00000000,0.00284084,-0.00000000,0.00284084
37,17,1.00000000,0.00284084,-0.00000000,0.00284084
38,17,1.00000000,0.00284084,-0.00000000,0.00284084
39,17,1.00000000,0.00284084,-0.00000000,0.00284084
40,17,1.00000000,0.00284084,-0.00000000,0.00284084
41,17,1.00000000,0.00284084,-0.00000000,0.00284084
42,17,1.00000000,0.00284084,-0.00000000,0.00284084
43,17,1.00000000,0.00284084,-0.00000000,0.00284084
44,17,1.00000000,0.00284084,-0.00000000,0.00284084
45,17,1.00000000,0.00284084,-0.00000000,0.00284084
46,17,1.00000000,0.00284084,-0.00000000,0.00284084
47,17,1.00000000,0.00284084,-0.00000000,0.00284084
48,17,1.00000000,0.00284084,-0.00000000,0.00284084
49,17,1.00000000,0.00284084,-0.00000000,0.00284084
50,17,1.00000000,0.00284084,-0.00000000,0.00284084
51,17,1.00000000,0.00284084,-0.00000000,0.00284084
52,17,1.00000000,0.00284084,-0.00000000,0.00284084
53,17,1.00000000,0.00284084,-0.00000000,0.00284084
54,17,1.00000000,0.00284084,-0.00000000,0.00284084
55,17,1.00000000,0.00284084,-0.00000000,0.00284084
56,17,1.00000000,0.00284084,-0.00000000,0.00284084
57,17,1.00000000,0.00284084,-0.00000000,0.00284084
58,17,1.00000000,0.00284084,-0.00000000,0.00284084
59,17,1.00000000,0.00284084,-0.00000000,0.00284084
60,17,1.00000000,0.00284084,-0.00000000,0.00284084
61,17,1.00000000,0.00284084,-0.00000000,0.00284084
62,17,1.00000000,0.00284084,-0.00000000,0.00284084
63,17,1.00000000,0.00284084,-0.00000000,0.00284084
64,17,1.00000000,0.00284084,-0.00000000,0.00284084
65,17,1.00000000,0.00284084,-0.00000000,0.00284084
66,17,1.00000000,0.00284084,-0.00000000,0.00284084
67,17,1.00000000,0.00284084,-0.00000000,0.00284084
68,17,1.00000000,0.00284084,-0.00000000,0.00284084
69,17,1.00000000,0.00284084,-0.00000000,0.00284084
70,17,1.00000000,0.00284084,-0.00000000,0.00284084
71,17,1.00000000,0.00284084,-0.00000000,0.00284084
72,17,1.00000000,0.00284084,-0.00000000,0.00284084
73,17,1.00000000,0.00284084,-0.00000000,0.00284084
74,17,1.00000000,0.00284084,-0.00000000,0.00284084
75,17,1.00000000,0.00284084,-0.00000000,0.00284084
76,17,1.00000000,0.00284084,-0.00000000,0.00284084
77,17,1.00000000,0.00284084,-0.00000000,0.00284084
78,17,1.00000000,0.00284084,-0.00000000,0.00284084
79,17,1.00000000,0.00284084,-0.00000000,0.00284084
80,17,1.00000000,0.00284084,-0.00000000,0.00284084
81,17,1.00000000,0.00284084,-0.00000000,0.00284084
82,17,1.00000000,0.00284084,-0.00000000,0.00284084
83,17,1.00000000,0.00284084,-0.00000000,0.00284084
84,17,1.00000000,0.00284084,-0.00000000,0.00284084
85,17,1.00000000,0.00284084,-0.00000000,0.00284084
86,17,1.00000000,0.00284084,-0.00000000,0.00284084
87,17,1.00000000,0.00284084,-0.00000000,0.00284084
88,17,1.00000000,0.00284084,-0.00000000,0.00284084
89,17,1.00000000,0.00284084,-0.00000000,0.00284084
90,17,1.00000000,0.00284084,-0.00000000,0.00284084
91,17,1.00000000,0.00284084,-0.00000000,0.00284084
92,17,1.00000000,0.00284084,-0.00000000,0.00284084
93,17,1.00000000,0.00284084,-0.00000000,0.00284084
94,17,1.00000000,0.00284084,-0.00000000,0.00284084
95,17,1.00000000,0.00284084,-0.00000000,0.00284084
96,17,1.00000000,0.00284084,-0.00000000,0.00284084
97,17,1.00000000,0.00284084,-0.00000000,0.00284084
98,17,1.00000000,0.00284084,-0.00000000,0.00284084
99,17,1.00000000,0.00284084,-0.00000000,0.00284084
100,17,1.00000000,0.00284084,-0.00000000,0.00284084
101,17,1.00000000,0.00284084,-0.00000000,0.00284084
102,17,1.00000000,0.00284084,-0.00000000,0.00284084
103,17,1.00000000,0.00284084,-0.00000000,0.00284084
104,17,1.00000000,0.00284084,-0.00000000,0.00284084
105,17,1.00000000,0.00284084,-0.00000000,0.00284084
106,17,1.00000000,0.00284084,-0.00000000,0.00284084
107,17,1.00000000,0.00284084,-0.00000000,0.00284084
108,17,1.00000000,0.00284084,-0.00000000,0.00284084
109,17,1.00000000,0.00284084,-0.00000000,0.00284084
110,17,1.00000000,0.00284084,-0.00000000,0.00284084
111,17,1.00000000,0.00284084,-0.00000000,0.00284084
112,17,1.00000000,0.00284084,-0.00000000,0.00284084
113,17,1.00000000,0.00284084,-0.00000000,0.00284084
114,17,1.00000000,0.00284084,-0.00000000,0.00284084
115,17,1.00000000,0.00284084,-0.00000000,0.00284084
116,17,1.00000000,0.00284084,-0.00000000,0.00284084
117,17,1.00000000,0.00284084,-0.00000000,0.00284084
118,17,1.00000000,0.00284084,-0.00000000,0.00284084
119,17,1.00000000,0.00284084,-0.00000000,0.00284084
120,17,1.00000000,0.00284084,-0.00000000,0.00284084
121,17,1.00000000,0.00284084,-0.00000000,0.00284084
122,17,1.00000000,0.00284084,-0.00000000,0.00284084
123,17,1.00000000,0.00284084,-0.00000000,0.00284084
124,17,1.00000000,0.00284084,-0.00000000,0.00284084
125,17,1.00000000,0.00284084,-0.00000000,0.00284084
126,17,1.00000000,0.00284084,-0.00000000,0.00284084
127,17,1.00000000,0.00284084,-0.00000000,0.00284084
128,17,1.00000000,0.00284084,-0.00000000,0.00284084
129,17,1.00000000,0.00284084,-0.00000000,0.00284084
130,17,1.00000000,0.00284084,-0.00000000,0.00284084
131,17,1.00000000,0.00284084,-0.00000000,0.00284084
132,17,1.00000000,0.00284084,-0.00000000,0.00284084
133,17,1.00000000,0.00284084,-0.00000000,0.00284084
134,17,1.00000000,0.00284084,-0.00000000,0.00284084
135,17,1.00000000,0.00284084,-0.00000000,0.00284084
136,17,1.00000000,0.00284084,-0.00000000,0.00284084
137,17,1.00000000,0.00284084,-0.00000000,0.00284084
138,17,1.00000000,0.00284084,-0.00000000,0.00284084
139,17,1.00000000,0.00284084,-0.00000000,0.00284084
140,17,1.00000000,0.00284084,-0.00000000,0.00284084
141,17,1.00000000,0.00284084,-0.00000000,0.00284084
142,17,1.00000000,0.00284084,-0.00000000,0.00284084
143,17,1.00000000,0.00284084,-0.00000000,0.00284084
144,17,1.00000000,0.00284084,-0.00000000,0.00284084
145,17,1.00000000,0.00284084,-0.00000000,0.00284084
146,17,1.00000000,0.00284084,-0.00000000,0.00284084
147,17,1.00000000,0.00284084,-0.00000000,0.00284084
148,17,1.00000000,0.00284084,-0.00000000,0.00284084
149,17,1.00000000,0.00284084,-0.00000000,0.00284084
150,17,1.00000000,0.00284084,-0.00000000,0.00284084
151,17,1.00000000,0.00284084,-0.00000000,0.00284084
152,17,1.00000000,0.00284084,-0.00000000,0.00284084
153,17,1.00000000,0.00284084,-0.00000000,0.00284084
154,17,1.00000000,0.00284084,-0.00000000,0.00284084
155,17,1.00000000,0.00284084,-0.00000000,0.00284084
156,17,1.00000000,0.00284084,-0.00000000,0.00284084
157,17,1.00000000,0.00284084,-0.00000000,0.00284084
158,17,1.00000000,0.00284084,-0.00000000,0.00284084
159,17,1.00000000,0.00284084,-0.00000000,0.00284084
0,18,1.00000000,0.00291078,0.00000000,0.00291078
1,18,1.00000000,0.00291078,0.00000000,0.00291078
2,18,1.00000000,0.00291078,0.00000000,0.00291078
3,18,1.00000000,0.00291078,0.00000000,0.00291078
4,18,1.00000000,0.00291078,0.00000000,0.00291078
5,18,1.00000000,0.00291078,0.00000000,0.00291078
6,18,1.00000000,0.00291078,0.00000000,0.00291078
7,18,1.00000000,0.00291078,0.00000000,0.00291078
8,18,1.00000000,0.00291078,0.00000000,0.00291078
9,18,1.00000000,0.00291078,0.00000000,0.00291078
10,18,1.00000000,0.00291078,0.00000000,0.00291078
11,18,1.00000000,0.00291078,0.00000000,0.00291078
12,18,1.00000000,0.00291078,0.00000000,0.00291078
13,18,1.00000000,0.00291078,0.00000000,0.00291078
14,18,1.00000000,0.00291078,0.00000000,0.00291078
15,18,1.00000000,0.00291078,0.00000000,0.00291078
16,18,1.00000000,0.00291078,0.00000000,0.00291078
17,18,1.00000000,0.00291078,0.00000000,0.00291078
18,18,1.00000000,0.00291078,0.00000000,0.00291078
19,18,1.00000000,0.00291078,0.00000000,0.00291078
20,18,1.00000000,0.00291078,0.00000000,0.00291078
21,18,1.00000000,0.00291078,0.00000000,0.00291078
22,18,1.00000000,0.00291078,0.00000000,0.00291078
23,18,1.00000000,0.00291078,0.00000000,0.00291078
24,18,1.00000000,0.00291078,0.00000000,0.00291078
25,18,1.00000000,0.00291078,0.00000000,0.00291078
26,18,1.00000000,0.00291078,0.00000000,0.00291078
27,18,1.00000000,0.00291078,0.00000000,0.00291078
28,18,1.00000000,0.00291078,0.00000000,0.00291078
29,18,1.00000000,0.00291078,0.00000000,0.00291078
30,18,1.00000000,0.00291078,0.00000000,0.00291078
31,18,1.00000000,0.00291078,0.00000000,0.00291078
32,18,1.00000000,0.00291078,0.00000000,0.00291078
33,18,1.00000000,0.00291078,0.00000000,0.00291078
34,18,1.00000000,0.00291078,0.00000000,0.00291078
35,18,1.00000000,0.00291078,0.00000000,0.00291078
36,18,1.00000000,0.00291078,0.00000000,0.00291078
37,18,1.00000000,0.00291078,0.00000000,0.00291078
38,18,1.00000000,0.00291078,0.00000000,0.00291078
39,18,1.00000000,0.00291078,0.00000000,0.00291078
40,18,1.00000000,0.00291078,0.00000000,0.00291078
41,18,1.00000000,0.00291078,0.00000000,0.00291078
42,18,1.00000000,0.00291078,0.00000000,0.00291078
43,18,1.00000000,0.00291078,0.00000000,0.00291078
44,18,1.00000000,0.00291078,0.00000000,0.00291078
45,18,1.00000000,0.00291078,0.00000000,0.00291078
46,18,1.00000000,0.00291078,0.00000000,0.00291078
47,18,1.00000000,0.00291078,0.00000000,0.00291078
48,18,1.00000000,0.00291078,0.00000000,0.00291078
49,18,1.00000000,0.00291078,0.00000000,0.00291078
50,18,1.00000000,0.00291078,0.00000000,0.00291078
51,18,1.00000000,0.00291078,0.00000000,0.00291078
52,18,1.00000000,0.00291078,0.00000000,0.00291078
53,18,1.00000000,0.00291078,0.00000000,0.00291078
54,18,1.00000000,0.00291078,0.00000000,0.00291078
55,18,1.00000000,0.00291078,0.00000000,0.00291078
56,18,1.00000000,0.00291078,0.00000000,0.00291078
57,18,1.00000000,0.00291078,0.00000000,0.00291078
58,18,1.00000000,0.00291078,0.00000000,0.00291078
59,18,1.00000000,0.00291078,0.00000000,0.00291078
60,18,1.00000000,0.00291078,0.00000000,0.00291078
61,18,1.00000000,0.00291078,0.00000000,0.00291078
62,18,1.00000000,0.00291078,0.00000000,0.00291078
63,18,1.00000000,0.00291078,0.00000000,0.00291078
64,18,1.00000000,0.00291078,0.00000000,0.00291078
65,18,1.00000000,0.00291078,0.00000000,0.00291078
66,18,1.00000000,0.00291078,0.00000000,0.00291078
67,18,1.00000000,0.00291078,0.00000000,0.00291078
68,18,1.00000000,0.00291078,0.00000000,0.00291078
69,18,1.00000000,0.00291078,0.00000000,0.00291078
70,18,1.00000000,0.00291078,0.00000000,0.00291078
71,18,1.00000000,0.00291078,0.00000000,0.00291078
72,18,1.00000000,0.00291078,0.00000000,0.00291078
73,18,1.00000000,0.00291078,0.00000000,0.00291078
74,18,1.00000000,0.00291078,0.00000000,0.00291078
75,18,1.00000000,0.00291078,0.00000000,0.00291078
76,18,1.00000000,0.00291078,0.00000000,0.00291078
77,18,1.00000000,0.00291078,0.00000000,0.00291078
78,18,1.00000000,0.00291078,0.00000000,0.00291078
79,18,1.00000000,0.00291078,0.00000000,0.00291078
80,18,1.00000000,0.00291078,0.00000000,0.00291078
81,18,1.00000000,0.00291078,0.00000000,0.00291078
82,18,1.00000000,0.00291078,0.00000000,0.00291078
83,18,1.00000000,0.00291078,0.00000000,0.00291078
84,18,1.00000000,0.00291078,0.00000000,0.00291078
85,18,1.00000000,0.00291078,0.00000000,0.00291078
86,18,1.00000000,0.00291078,0.00000000,0.00291078
87,18,1.00000000,0.00291078,0.00000000,0.00291078
88,18,1.00000000,0.00291078,0.00000000,0.00291078
89,18,1.00000000,0.00291078,0.00000000,0.00291078
90,18,1.00000000,0.00291078,0.00000000,0.00291078
91,18,1.00000000,0.00291078,0.00000000,0.00291078
92,18,1.00000000,0.00291078,0.00000000,0.00291078
93,18,1.00000000,0.00291078,0.00000000,0.00291078
94,18,1.00000000,0.00291078,0.00000000,0.00291078
95,18,1.00000000,0.00291078,0.00000000,0.00291078
96,18,1.00000000,0.00291078,0.00000000,0.00291078
97,18,1.00000000,0.00291078,0.00000000,0.00291078
98,18,1.00000000,0.00291078,0.00000000,0.00291078
99,18,1.00000000,0.00291078,0.00000000,0.00291078
100,18,1.00000000,0.00291078,0.00000000,0.00291078
101,18,1.00000000,0.00291078,0.00000000,0.00291078
102,18,1.00000000,0.00291078,0.00000000,0.00291078
103,18,1.00000000,0.00291078,0.00000000,0.00291078
104,18,1.00000000,0.00291078,0.00000000,0.00291078
105,18,1.00000000,0.00291078,0.00000000,0.00291078
106,18,1.00000000,0.00291078,0.00000000,0.00291078
107,18,1.00000000,0.00291078,0.00000000,0.00291078
108,18,1.00000000,0.00291078,0.00000000,0.00291078
109,18,1.00000000,0.00291078,0.00000000,0.00291078
110,18,1.00000000,0.00291078,0.00000000,0.00291078
111,18,1.00000000,0.00291078,0.00000000,0.00291078
112,18,1.00000000,0.00291078,0.00000000,0.00291078
113,18,1.00000000,0.00291078,0.00000000,0.00291078
114,18,1.00000000,0.00291078,0.00000000,0.00291078
115,18,1.00000000,0.00291078,0.00000000,0.00291078
116,18,1.00000000,0.00291078,0.00000000,0.00291078
117,18,1.00000000,0.00291078,0.00000000,0.00291078
118,18,1.00000000,0.00291078,0.00000000,0.00291078
119,18,1.00000000,0.00291078,0.00000000,0.00291078
120,18,1.00000000,0.00291078,0.00000000,0.00291078
121,18,1.00000000,0.00291078,0.00000000,0.00291078
122,18,1.00000000,0.00291078,0.00000000,0.00291078
123,18,1.00000000,0.00291078,0.00000000,0.00291078
124,18,1.00000000,0.00291078,0.00000000,0.00291078
125,18,1.00000000,0.00291078,0.00000000,0.00291078
126,18,1.00000000,0.00291078,0.00000000,0.00291078
127,18,1.00000000,0.00291078,0.00000000,0.00291078
128,18,1.00000000,0.00291078,0.00000000,0.00291078
129,18,1.00000000,0.00291078,0.00000000,0.00291078
130,18,1.00000000,0.00291078,0.00000000,0.00291078
131,18,1.00000000,0.00291078,0.00000000,0.00291078
132,18,1.00000000,0.00291078,0.00000000,0.00291078
133,18,1.00000000,0.00291078,0.00000000,0.00291078
134,18,1.00000000,0.00291078,0.00000000,0.00291078
135,18,1.00000000,0.00291078,0.00000000,0.00291078
136,18,1.00000000,0.00291078,0.00000000,0.00291078
137,18,1.00000000,0.00291078,0.00000000,0.00291078
138,18,1.00000000,0.00291078,0.00000000,0.00291078
139,18,1.00000000,0.00291078,0.00000000,0.00291078
140,18,1.00000000,0.00291078,0.00000000,0.00291078
141,18,1.00000000,0.00291078,0.00000000,0.00291078
142,18,1.00000000,0.00291078,0.00000000,0.00291078
143,18,1.00000000,0.00291078,0.00000000,0.00291078
144,18,1.00000000,0.00291078,0.00000000,0.00291078
145,18,1.00000000,0.00291078,0.00000000,0.00291078
146,18,1.00000000,0.00291078,0.00000000,0.00291078
147,18,1.00000000,0.00291078,0.00000000,0.00291078
148,18,1.00000000,0.00291078,0.00000000,0.00291078
149,18,1.00000000,0.00291078,0.00000000,0.00291078
150,18,1.00000000,0.00291078,0.00000000,0.00291078
151,18,1.00000000,0.00291078,0.00000000,0.00291078
152,18,1.00000000,0.00291078,0.00000000,0.00291078
153,18,1.00000000,0.00291078,0.00000000,0.00291078
154,18,1.00000000,0.00291078,0.00000000,0.00291078
155,18,1.00000000,0.00291078,0.00000000,0.00291078
156,18,1.00000000,0.00291078,0.00000000,0.00291078
157,18,1.00000000,0.00291078,0.00000000,0.00291078
158,18,1.00000000,0.00291078,0.00000000,0.00291078
159,18,1.00000000,0.00291078,0.00000000,0.00291078
0,19,1.00000000,0.00297072,-0.00000000,0.00297072
1,19,1.00000000,0.00297072,-0.00000000,0.00297072
2,19,1.00000000,0.00297072,-0.00000000,0.00297072
3,19,1.00000000,0.00297072,-0.00000000,0.00297072
4,19,1.00000000,0.00297072,-0.00000000,0.00297072
5,19,1.00000000,0.00297072,-0.00000000,0.00297072
6,19,1.00000000,0.00297072,-0.00000000,0.00297072
7,19,1.00000000,0.00297072,-0.00000000,0.00297072
8,19,1.00000000,0.00297072,-0.00000000,0.00297072
9,19,1.00000000,0.00297072,-0.00000000,0.00297072
10,19,1.00000000,0.00297072,-0.00000000,0.00297072
11,19,1.00000000,0.00297072,-0.00000000,0.00297072
12,19,1.00000000,0.00297072,-0.00000000,0.00297072
13,19,1.00000000,0.00297072,-0.00000000,0.00297072
14,19,1.00000000,0.00297072,-0.00000000,0.00297072
15,19,1.00000000,0.00297072,-0.00000000,0.00297072
16,19,1.00000000,0.00297072,-0.00000000,0.00297072
17,19,1.00000000,0.00297072,-0.00000000,0.00297072
18,19,1.00000000,0.00297072,-0.00000000,0.00297072
19,19,1.00000000,0.00297072,-0.00000000,0.00297072
20,19,1.00000000,0.00297072,-0.00000000,0.00297072
21,19,1.00000000,0.00297072,-0.00000000,0.00297072
22,19,1.00000000,0.00297072,-0.00000000,0.00297072
23,19,1.00000000,0.00297072,-0.00000000,0.00297072
24,19,1.00000000,0.00297072,-0.00000000,0.00297072
25,19,1.00000000,0.00297072,-0.00000000,0.00297072
26,19,1.00000000,0.00297072,-0.00000000,0.00297072
27,19,1.00000000,0.00297072,-0.00000000,0.00297072
28,19,1.00000000,0.00297072,-0.00000000,0.00297072
29,19,1.00000000,0.00297072,-0.00000000,0.00297072
30,19,1.00000000,0.00297072,-0.00000000,0.00297072
31,19,1.00000000,0.00297072,-0.00000000,0.00297072
32,19,1.00000000,0.00297072,-0.00000000,0.00297072
33,19,1.00000000,0.00297072,-0.00000000,0.00297072
34,19,1.00000000,0.00297072,-0.00000000,0.00297072
35,19,1.00000000,0.00297072,-0.00000000,0.00297072
36,19,1.00000000,0.00297072,-0.00000000,0.00297072
37,19,1.00000000,0.00297072,-0.00000000,0.00297072
38,19,1.00000000,0.00297072,-0.00000000,0.00297072
39,19,1.00000000,0.00297072,-0.00000000,0.00297072
40,19,1.00000000,0.00297072,-0.00000000,0.00297072
41,19,1.00000000,0.00297072,-0.00000000,0.00297072
42,19,1.00000000,0.00297072,-0.00000000,0.00297072
43,19,1.00000000,0.00297072,-0.00000000,0.00297072
44,19,1.00000000,0.00297072,-0.00000000,0.00297072
45,19,1.00000000,0.00297072,-0.00000000,0.00297072
46,19,1.00000000,0.00297072,-0.00000000,0.00297072
47,19,1.00000000,0.00297072,-0.00000000,0.00297072
48,19,1.00000000,0.00297072,-0.00000000,0.00297072
49,19,1.00000000,0.00297072,-0.00000000,0.00297072
50,19,1.00000000,0.00297072,-0.00000000,0.00297072
51,19,1.00000000,0.00297072,-0.00000000,0.00297072
52,19,1.00000000,0.00297072,-0.00000000,0.00297072
53,19,1.00000000,0.00297072,-0.00000000,0.00297072
54,19,1.00000000,0.00297072,-0.00000000,0.00297072
55,19,1.00000000,0.00297072,-0.00000000,0.00297072
56,19,1.00000000,0.00297072,-0.00000000,0.00297072
57,19,1.00000000,0.00297072,-0.00000000,0.00297072
58,19,1.00000000,0.00297072,-0.00000000,0.00297072
59,19,1.00000000,0.00297072,-0.00000000,0.00297072
60,19,1.00000000,0.00297072,-0.00000000,0.00297072
61,19,1.00000000,0.00297072,-0.00000000,0.00297072
62,19,1.00000000,0.00297072,-0.00000000,0.00297072
63,19,1.00000000,0.00297072,-0.00000000,0.00297072
64,19,1.00000000,0.00297072,-0.00000000,0.00297072
65,19,1.00000000,0.00297072,-0.00000000,0.00297072
66,19,1.00000000,0.00297072,-0.00000000,0.00297072
67,19,1.00000000,0.00297072,-0.00000000,0.00297072
68,19,1.00000000,0.00297072,-0.00000000,0.00297072
69,19,1.00000000,0.00297072,-0.00000000,0.00297072
70,19,1.00000000,0.00297072,-0.00000000,0.00297072
71,19,1.00000000,0.00297072,-0.00000000,0.00297072
72,19,1.00000000,0.00297072,-0.00000000,0.00297072
73,19,1.00000000,0.00297072,-0.00000000,0.00297072
74,19,1.00000000,0.00297072,-0.00000000,0.00297072
75,19,1.00000000,0.00297072,-0.00000000,0.00297072
76,19,1.00000000,0.00297072,-0.00000000,0.00297072
77,19,1.00000000,0.00297072,-0.00000000,0.00297072
78,19,1.00000000,0.00297072,-0.00000000,0.00297072
79,19,1.00000000,0.00297072,-0.00000000,0.00297072
80,19,1.00000000,0.00297072,-0.00000000,0.00297072
81,19,1.00000000,0.00297072,-0.00000000,0.00297072
82,19,1.00000000,0.00297072,-0.00000000,0.00297072
83,19,1.00000000,0.00297072,-0.00000000,0.00297072
84,19,1.00000000,0.00297072,-0.00000000,0.00297072
85,19,1.00000000,0.00297072,-0.00000000,0.00297072
86,19,1.00000000,0.00297072,-0.00000000,0.00297072
87,19,1.00000000,0.00297072,-0.00000000,0.00297072
88,19,1.00000000,0.00297072,-0.00000000,0.00297072
89,19,1.00000000,0.00297072,-0.00000000,0.00297072
90,19,1.00000000,0.00297072,-0.00000000,0.00297072
91,19,1.00000000,0.00297072,-0.00000000,0.00297072
92,19,1.00000000,0.00297072,-0.00000000,0.00297072
93,19,1.00000000,0.00297072,-0.00000000,0.00297072
94,19,1.00000000,0.00297072,-0.00000000,0.00297072
95,19,1.00000000,0.00297072,-0.00000000,0.00297072
96,19,1.00000000,0.00297072,-0.00000000,0.00297072
97,19,1.00000000,0.00297072,-0.00000000,0.00297072
98,19,1.00000000,0.00297072,-0.00000000,0.00297072
99,19,1.00000000,0.00297072,-0.00000000,0.00297072
100,19,1.00000000,0.00297072,-0.00000000,0.00297072
101,19,1.00000000,0.00297072,-0.00000000,0.00297072
102,19,1.00000000,0.00297072,-0.00000000,0.00297072
103,19,1.00000000,0.00297072,-0.00000000,0.00297072
104,19,1.00000000,0.00297072,-0.00000000,0.00297072
105,19,1.00000000,0.00297072,-0.00000000,0.00297072
106,19,1.00000000,0.00297072,-0.00000000,0.00297072
107,19,1.00000000,0.00297072,-0.00000000,0.00297072
108,19,1.00000000,0.00297072,-0.00000000,0.00297072
109,19,1.00000000,0.00297072,-0.00000000,0.00297072
110,19,1.00000000,0.00297072,-0.00000000,0.00297072
111,19,1.00000000,0.00297072,-0.00000000,0.00297072
112,19,1.00000000,0.00297072,-0.00000000,0.00297072
113,19,1.00000000,0.00297072,-0.00000000,0.00297072
114,19,1.00000000,0.00297072,-0.00000000,0.00297072
115,19,1.00000000,0.00297072,-0.00000000,0.00297072
116,19,1.00000000,0.00297072,-0.00000000,0.00297072
117,19,1.00000000,0.00297072,-0.00000000,0.00297072
118,19,1.00000000,0.00297072,-0.00000000,0.00297072
119,19,1.00000000,0.00297072,-0.00000000,0.00297072
120,19,1.00000000,0.00297072,-0.00000000,0.00297072
121,19,1.00000000,0.00297072,-0.00000000,0.00297072
122,19,1.00000000,0.00297072,-0.00000000,0.00297072
123,19,1.00000000,0.00297072,-0.00000000,0.00297072
124,19,1.00000000,0.00297072,-0.00000000,0.00297072
125,19,1.00000000,0.00297072,-0.00000000,0.00297072
126,19,1.00000000,0.00297072,-0.00000000,0.00297072
127,19,1.00000000,0.00297072,-0.00000000,0.00297072
128,19,1.00000000,0.00297072,-0.00000000,0.00297072
129,19,1.00000000,0.00297072,-0.00000000,0.00297072
130,19,1.00000000,0.00297072,-0.00000000,0.00297072
131,19,1.00000000,0.00297072,-0.00000000,0.00297072
132,19,1.00000000,0.00297072,-0.00000000,0.00297072
133,19,1.00000000,0.00297072,-0.00000000,0.00297072
134,19,1.00000000,0.00297072,-0.00000000,0.00297072
135,19,1.00000000,0.00297072,-0.00000000,0.00297072
136,19,1.00000000,0.00297072,-0.00000000,0.00297072
137,19,1.00000000,0.00297072,-0.00000000,0.00297072
138,19,1.00000000,0.00297072,-0.00000000,0.00297072
139,19,1.00000000,0.00297072,-0.00000000,0.00297072
140,19,1.00000000,0.00297072,-0.00000000,0.00297072
141,19,1.00000000,0.00297072,-0.00000000,0.00297072
142,19,1.00000000,0.00297072,-0.00000000,0.00297072
143,19,1.00000000,0.00297072,-0.00000000,0.00297072
144,19,1.00000000,0.00297072,-0.00000000,0.00297072
145,19,1.00000000,0.00297072,-0.00000000,0.00297072
146,19,1.00000000,0.00297072,-0.00000000,0.00297072
147,19,1.00000000,0.00297072,-0.00000000,0.00297072
148,19,1.00000000,0.00297072,-0.00000000,0.00297072
149,19,1.00000000,0.00297072,-0.00000000,0.00297072
150,19,1.00000000,0.00297072,-0.00000000,0.00297072
151,19,1.00000000,0.00297072,-0.00000000,0.00297072
152,19,1.00000000,0.00297072,-0.00000000,0.00297072
153,19,1.00000000,0.00297072,-0.00000000,0.00297072
154,19,1.00000000,0.00297072,-0.00000000,0.00297072
155,19,1.00000000,0.00297072,-0.00000000,0.00297072
156,19,1.00000000,0.00297072,-0.00000000,0.00297072
157,19,1.00000000,0.00297072,-0.00000000,0.00297072
158,19,1.00000000,0.00297072,-0.00000000,0.00297072
159,19,1.00000000,0.00297072,-0.00000000,0.00297072
0,20,1.00000000,0.00302067,0.00000000,0.00302067
1,20,1.00000000,0.00302067,0.00000000,0.00302067
2,20,1.00000000,0.00302067,0.00000000,0.00302067
3,20,1.00000000,0.00302067,0.00000000,0.00302067
4,20,1.00000000,0.00302067,0.00000000,0.00302067
5,20,1.00000000,0.00302067,0.00000000,0.00302067
6,20,1.00000000,0.00302067,0.00000000,0.00302067
7,20,1.00000000,0.00302067,0.00000000,0.00302067
8,20,1.00000000,0.00302067,0.00000000,0.00302067
9,20,1.00000000,0.00302067,0.00000000,0.00302067
10,20,1.00000000,0.00302067,0.00000000,0.00302067
11,20,1.00000000,0.00302067,0.00000000,0.00302067
12,20,1.00000000,0.00302067,0.00000000,0.00302067
13,20,1.00000000,0.00302067,0.00000000,0.00302067
14,20,1.00000000,0.00302067,0.00000000,0.00302067
15,20,1.00000000,0.00302067,0.00000000,0.00302067
16,20,1.00000000,0.00302067,0.00000000,0.00302067
17,20,1.00000000,0.00302067,0.00000000,0.00302067
18,20,1.00000000,0.00302067,0.00000000,0.00302067
19,20,1.00000000,0.00302067,0.00000000,0.00302067
20,20,1.00000000,0.00302067,0.00000000,0.00302067
21,20,1.00000000,0.00302067,0.00000000,0.00302067
22,20,1.00000000,0.00302067,0.00000000,0.00302067
23,20,1.00000000,0.00302067,0.00000000,0.00302067
24,20,1.00000000,0.00302067,0.00000000,0.00302067
25,20,1.00000000,0.00302067,0.00000000,0.00302067
26,20,1.00000000,0.00302067,0.00000000,0.00302067
27,20,1.00000000,0.00302067,0.00000000,0.00302067
28,20,1.00000000,0.00302067,0.00000000,0.00302067
29,20,1.00000000,0.00302067,0.00000000,0.00302067
30,20,1.00000000,0.00302067,0.00000000,0.00302067
31,20,1.00000000,0.00302067,0.00000000,0.00302067
32,20,1.00000000,0.00302067,0.00000000,0.00302067
33,20,1.00000000,0.00302067,0.00000000,0.00302067
34,20,1.00000000,0.00302067,0.00000000,0.00302067
35,20,1.00000000,0.00302067,0.00000000,0.00302067
36,20,1.00000000,0.00302067,0.00000000,0.00302067
37,20,1.00000000,0.00302067,0.00000000,0.00302067
38,20,1.00000000,0.00302067,0.00000000,0.00302067
39,20,1.00000000,0.00302067,0.00000000,0.00302067
40,20,1.00000000,0.00302067,0.00000000,0.00302067
41,20,1.00000000,0.00302067,0.00000000,0.00302067
42,20,1.00000000,0.00302067,0.00000000,0.00302067
43,20,1.00000000,0.00302067,0.00000000,0.00302067
44,20,1.00000000,0.00302067,0.00000000,0.00302067
45,20,1.00000000,0.00302067,0.00000000,0.00302067
46,20,1.00000000,0.00302067,0.00000000,0.00302067
47,20,1.00000000,0.00302067,0.00000000,0.00302067
48,20,1.00000000,0.00302067,0.00000000,0.00302067
49,20,1.00000000,0.00302067,0.00000000,0.00302067
50,20,1.00000000,0.00302067,0.00000000,0.00302067
51,20,1.00000000,0.00302067,0.00000000,0.00302067
52,20,1.00000000,0.00302067,0.00000000,0.00302067
53,20,1.00000000,0.00302067,0.00000000,0.00302067
54,20,1.00000000,0.00302067,0.00000000,0.00302067
55,20,1.00000000,0.00302067,0.00000000,0.00302067
56,20,1.00000000,0.00302067,0.00000000,0.00302067
57,20,1.00000000,0.00302067,0.00000000,0.00302067
58,20,1.00000000,0.00302067,0.00000000,0.00302067
59,20,1.00000000,0.00302067,0.00000000,0.00302067
60,20,1.00000000,0.00302067,0.00000000,0.00302067
61,20,1.00000000,0.00302067,0.00000000,0.00302067
62,20,1.00000000,0.00302067,0.00000000,0.00302067
63,20,1.00000000,0.00302067,0.00000000,0.00302067
64,20,1.00000000,0.00302067,0.00000000,0.00302067
65,20,1.00000000,0.00302067,0.00000000,0.00302067
66,20,1.00000000,0.00302067,0.00000000,0.00302067
67,20,1.00000000,0.00302067,0.00000000,0.00302067
68,20,1.00000000,0.00302067,0.00000000,0.00302067
69,20,1.00000000,0.00302067,0.00000000,0.00302067
70,20,1.00000000,0.00302067,0.00000000,0.00302067
71,20,1.00000000,0.00302067,0.00000000,0.00302067
72,20,1.00000000,0.00302067,0.00000000,0.00302067
73,20,1.00000000,0.00302067,0.00000000,0.00302067
74,20,1.00000000,0.00302067,0.00000000,0.00302067
75,20,1.00000000,0.00302067,0.00000000,0.00302067
76,20,1.00000000,0.00302067,0.00000000,0.00302067
77,20,1.00000000,0.00302067,0.00000000,0.00302067
78,20,1.00000000,0.00302067,0.00000000,0.00302067
79,20,1.00000000,0.00302067,0.00000000,0.00302067
80,20,1.00000000,0.00302067,0.00000000,0.00302067
81,20,1.00000000,0.00302067,0.00000000,0.00302067
82,20,1.00000000,0.00302067,0.00000000,0.00302067
83,20,1.00000000,0.00302067,0.00000000,0.00302067
84,20,1.00000000,0.00302067,0.00000000,0.00302067
85,20,1.00000000,0.00302067,0.00000000,0.00302067
86,20,1.00000000,0.00302067,0.00000000,0.00302067
87,20,1.00000000,0.00302067,0.00000000,0.00302067
88,20,1.00000000,0.00302067,0.00000000,0.00302067
89,20,1.00000000,0.00302067,0.00000000,0.00302067
90,20,1.00000000,0.00302067,0.00000000,0.00302067
91,20,1.00000000,0.00302067,0.00000000,0.00302067
92,20,1.00000000,0.00302067,0.00000000,0.00302067
93,20,1.00000000,0.00302067,0.00000000,0.00302067
94,20,1.00000000,0.00302067,0.00000000,0.00302067
95,20,1.00000000,0.00302067,0.00000000,0.00302067
96,20,1.00000000,0.00302067,0.00000000,0.00302067
97,20,1.00000000,0.00302067,0.00000000,0.00302067
98,20,1.00000000,0.00302067,0.00000000,0.00302067
99,20,1.00000000,0.00302067,0.00000000,0.00302067
100,20,1.00000000,0.00302067,0.00000000,0.00302067
101,20,1.00000000,0.00302067,0.00000000,0.00302067
102,20,1.00000000,0.00302067,0.00000000,0.00302067
103,20,1.00000000,0.00302067,0.00000000,0.00302067
104,20,1.00000000,0.00302067,0.00000000,0.00302067
105,20,1.00000000,0.00302067,0.00000000,0.00302067
106,20,1.00000000,0.00302067,0.00000000,0.00302067
107,20,1.00000000,0.00302067,0.00000000,0.00302067
108,20,1.00000000,0.00302067,0.00000000,0.00302067
109,20,1.00000000,0.00302067,0.00000000,0.00302067
110,20,1.00000000,0.00302067,0.00000000,0.00302067
111,20,1.00000000,0.00302067,0.00000000,0.00302067
112,20,1.00000000,0.00302067,0.00000000,0.00302067
113,20,1.00000000,0.00302067,0.00000000,0.00302067
114,20,1.00000000,0.00302067,0.00000000,0.00302067
115,20,1.00000000,0.00302067,0.00000000,0.00302067
116,20,1.00000000,0.00302067,0.00000000,0.00302067
117,20,1.00000000,0.00302067,0.00000000,0.00302067
118,20,1.00000000,0.00302067,0.00000000,0.00302067
119,20,1.00000000,0.00302067,0.00000000,0.00302067
120,20,1.00000000,0.00302067,0.00000000,0.00302067
121,20,1.00000000,0.00302067,0.00000000,0.00302067
122,20,1.00000000,0.00302067,0.00000000,0.00302067
123,20,1.00000000,0.00302067,0.00000000,0.00302067
124,20,1.00000000,0.00302067,0.00000000,0.00302067
125,20,1.00000000,0.00302067,0.00000000,0.00302067
126,20,1.00000000,0.00302067,0.00000000,0.00302067
127,20,1.00000000,0.00302067,0.00000000,0.00302067
128,20,1.00000000,0.00302067,0.00000000,0.00302067
129,20,1.00000000,0.00302067,0.00000000,0.00302067
130,20,1.00000000,0.00302067,0.00000000,0.00302067
131,20,1.00000000,0.00302067,0.00000000,0.00302067
132,20,1.00000000,0.00302067,0.00000000,0.00302067
133,20,1.00000000,0.00302067,0.00000000,0.00302067
134,20,1.00000000,0.00302067,0.00000000,0.00302067
135,20,1.00000000,0.00302067,0.00000000,0.00302067
136,20,1.00000000,0.00302067,0.00000000,0.00302067
137,20,1.00000000,0.00302067,0.00000000,0.00302067
138,20,1.00000000,0.00302067,0.00000000,0.00302067
139,20,1.00000000,0.00302067,0.00000000,0.00302067
140,20,1.00000000,0.00302067,0.00000000,0.00302067
141,20,1.00000000,0.00302067,0.00000000,0.00302067
142,20,1.00000000,0.00302067,0.00000000,0.00302067
143,20,1.00000000,0.00302067,0.00000000,0.00302067
144,20,1.00000000,0.00302067,0.00000000,0.00302067
145,20,1.00000000,0.00302067,0.00000000,0.00302067
146,20,1.00000000,0.00302067,0.00000000,0.00302067
147,20,1.00000000,0.00302067,0.00000000,0.00302067
148,20,1.00000000,0.00302067,0.00000000,0.00302067
149,20,1.00000000,0.00302067,0.00000000,0.00302067
150,20,1.00000000,0.00302067,0.00000000,0.00302067
151,20,1.00000000,0.00302067,0.00000000,0.00302067
152,20,1.00000000,0.00302067,0.00000000,0.00302067
153,20,1.00000000,0.00302067,0.00000000,0.00302067
154,20,1.00000000,0.00302067,0.00000000,0.00302067
155,20,1.00000000,0.00302067,0.00000000,0.00302067
156,20,1.00000000,0.00302067,0.00000000,0.00302067
157,20,1.00000000,0.00302067,0.00000000,0.00302067
158,20,1.00000000,0.00302067,0.00000000,0.00302067
159,20,1.00000000,0.00302067,0.00000000,0.00302067
0,21,1.00000000,0.00306063,-0.00000000,0.00306063
1,21,1.00000000,0.00306063,-0.00000000,0.00306063
2,21,1.00000000,0.00306063,-0.00000000,0.00306063
3,21,1.00000000,0.00306063,-0.00000000,0.00306063
4,21,1.00000000,0.00306063,-0.00000000,0.00306063
5,21,1.00000000,0.00306063,-0.00000000,0.00306063
6,21,1.00000000,0.00306063,-0.00000000,0.00306063
7,21,1.00000000,0.00306063,-0.00000000,0.00306063
8,21,1.00000000,0.00306063,-0.00000000,0.00306063
9,21,1.00000000,0.00306063,-0.00000000,0.00306063
10,21,1.00000000,0.00306063,-0.00000000,0.00306063
11,21,1.00000000,0.00306063,-0.00000000,0.00306063
12,21,1.00000000,0.00306063,-0.00000000,0.00306063
13,21,1.00000000,0.00306063,-0.00000000,0.00306063
14,21,1.00000000,0.00306063,-0.00000000,0.00306063
15,21,1.00000000,0.00306063,-0.00000000,0.00306063
16,21,1.00000000,0.00306063,-0.00000000,0.00306063
17,21,1.00000000,0.00306063,-0.00000000,0.00306063
18,21,1.00000000,0.00306063,-0.00000000,0.00306063
19,21,1.00000000,0.00306063,-0.00000000,0.00306063
20,21,1.00000000,0.00306063,-0.00000000,0.00306063
21,21,1.00000000,0.00306063,-0.00000000,0.00306063
22,21,1.00000000,0.00306063,-0.00000000,0.00306063
23,21,1.00000000,0.00306063,-0.00000000,0.00306063
24,21,1.00000000,0.00306063,-0.00000000,0.00306063
25,21,1.00000000,0.00306063,-0.00000000,0.00306063
26,21,1.00000000,0.00306063,-0.00000000,0.00306063
27,21,1.00000000,0.00306063,-0.00000000,0.00306063
28,21,1.00000000,0.00306063,-0.00000000,0.00306063
29,21,1.00000000,0.00306063,-0.00000000,0.00306063
30,21,1.00000000,0.00306063,-0.00000000,0.00306063
31,21,1.00000000,0.00306063,-0.00000000,0.00306063
32,21,1.00000000,0.00306063,-0.00000000,0.00306063
33,21,1.00000000,0.00306063,-0.00000000,0.00306063
34,21,1.00000000,0.00306063,-0.00000000,0.00306063
35,21,1.00000000,0.00306063,-0.00000000,0.00306063
36,21,1.00000000,0.00306063,-0.00000000,0.00306063
37,21,1.00000000,0.00306063,-0.00000000,0.00306063
38,21,1.00000000,0.00306063,-0.00000000,0.00306063
39,21,1.00000000,0.00306063,-0.00000000,0.00306063
40,21,1.00000000,0.00306063,-0.00000000,0.00306063
41,21,1.00000000,0.00306063,-0.00000000,0.00306063
42,21,1.00000000,0.00306063,-0.00000000,0.00306063
43,21,1.00000000,0.00306063,-0.00000000,0.00306063
44,21,1.00000000,0.00306063,-0.00000000,0.00306063
45,21,1.00000000,0.00306063,-0.00000000,0.00306063
46,21,1.00000000,0.00306063,-0.00000000,0.00306063
47,21,1.00000000,0.00306063,-0.00000000,0.00306063
48,21,1.00000000,0.00306063,-0.00000000,0.00306063
49,21,1.00000000,0.00306063,-0.00000000,0.00306063
50,21,1.00000000,0.00306063,-0.00000000,0.00306063
51,21,1.00000000,0.00306063,-0.00000000,0.00306063
52,21,1.00000000,0.00306063,-0.00000000,0.00306063
53,21,1.00000000,0.00306063,-0.00000000,0.00306063
54,21,1.00000000,0.00306063,-0.00000000,0.00306063
55,21,1.00000000,0.00306063,-0.00000000,0.00306063
56,21,1.00000000,0.00306063,-0.00000000,0.00306063
57,21,1.00000000,0.00306063,-0.00000000,0.00306063
58,21,1.00000000,0.00306063,-0.00000000,0.00306063
59,21,1.00000000,0.00306063,-0.00000000,0.00306063
60,21,1.00000000,0.00306063,-0.00000000,0.00306063
61,21,1.00000000,0.00306063,-0.00000000,0.00306063
62,21,1.00000000,0.00306063,-0.00000000,0.00306063
63,21,1.00000000,0.00306063,-0.00000000,0.00306063
64,21,1.00000000,0.00306063,-0.00000000,0.00306063
65,21,1.00000000,0.00306063,-0.00000000,0.00306063
66,21,1.00000000,0.00306063,-0.00000000,0.00306063
67,21,1.00000000,0.00306063,-0.00000000,0.00306063
68,21,1.00000000,0.00306063,-0.00000000,0.00306063
69,21,1.00000000,0.00306063,-0.00000000,0.00306063
70,21,1.00000000,0.00306063,-0.00000000,0.00306063
71,21,1.00000000,0.00306063,-0.00000000,0.00306063
72,21,1.00000000,0.00306063,-0.00000000,0.00306063
73,21,1.00000000,0.00306063,-0.00000000,0.00306063
74,21,1.00000000,0.00306063,-0.00000000,0.00306063
75,21,1.00000000,0.00306063,-0.00000000,0.00306063
76,21,1.00000000,0.00306063,-0.00000000,0.00306063
77,21,1.00000000,0.00306063,-0.00000000,0.00306063
78,21,1.00000000,0.00306063,-0.00000000,0.00306063
79,21,1.00000000,0.00306063,-0.00000000,0.00306063
80,21,1.00000000,0.00306063,-0.00000000,0.00306063
81,21,1.00000000,0.00306063,-0.00000000,0.00306063
82,21,1.00000000,0.00306063,-0.00000000,0.00306063
83,21,1.00000000,0.00306063,-0.00000000,0.00306063
84,21,1.00000000,0.00306063,-0.00000000,0.00306063
85,21,1.00000000,0.00306063,-0.00000000,0.00306063
86,21,1.00000000,0.00306063,-0.00000000,0.00306063
87,21,1.00000000,0.00306063,-0.00000000,0.00306063
88,21,1.00000000,0.00306063,-0.00000000,0.00306063
89,21,1.00000000,0.00306063,-0.00000000,0.00306063
90,21,1.00000000,0.00306063,-0.00000000,0.00306063
91,21,1.00000000,0.00306063,-0.00000000,0.00306063
92,21,1.00000000,0.00306063,-0.00000000,0.00306063
93,21,1.00000000,0.00306063,-0.00000000,0.00306063
94,21,1.00000000,0.00306063,-0.00000000,0.00306063
95,21,1.00000000,0.00306063,-0.00000000,0.00306063
96,21,1.00000000,0.00306063,-0.00000000,0.00306063
97,21,1.00000000,0.00306063,-0.00000000,0.00306063
98,21,1.00000000,0.00306063,-0.00000000,0.00306063
99,21,1.00000000,0.00306063,-0.00000000,0.00306063
100,21,1.00000000,0.00306063,-0.00000000,0.00306063
101,21,1.00000000,0.00306063,-0.00000000,0.00306063
102,21,1.00000000,0.00306063,-0.00000000,0.00306063
103,21,1.00000000,0.00306063,-0.00000000,0.00306063
104,21,1.00000000,0.00306063,-0.00000000,0.00306063
105,21,1.00000000,0.00306063,-0.00000000,0.00306063
106,21,1.00000000,0.00306063,-0.00000000,0.00306063
107,21,1.00000000,0.00306063,-0.00000000,0.00306063
108,21,1.00000000,0.00306063,-0.00000000,0.00306063
109,21,1.00000000,0.00306063,-0.00000000,0.00306063
110,21,1.00000000,0.00306063,-0.00000000,0.00306063
111,21,1.00000000,0.00306063,-0.00000000,0.00306063
112,21,1.00000000,0.00306063,-0.00000000,0.00306063
113,21,1.00000000,0.00306063,-0.00000000,0.00306063
114,21,1.00000000,0.00306063,-0.00000000,0.00306063
115,21,1.00000000,0.00306063,-0.00000000,0.00306063
116,21,1.00000000,0.00306063,-0.00000000,0.00306063
117,21,1.00000000,0.00306063,-0.00000000,0.00306063
118,21,1.00000000,0.00306063,-0.00000000,0.00306063
119,21,1.00000000,0.00306063,-0.00000000,0.00306063
120,21,1.00000000,0.00306063,-0.00000000,0.00306063
121,21,1.00000000,0.00306063,-0.00000000,0.00306063
122,21,1.00000000,0.00306063,-0.00000000,0.00306063
123,21,1.00000000,0.00306063,-0.00000000,0.00306063
124,21,1.00000000,0.00306063,-0.00000000,0.00306063
125,21,1.00000000,0.00306063,-0.00000000,0.00306063
126,21,1.00000000,0.00306063,-0.00000000,0.00306063
127,21,1.00000000,0.00306063,-0.00000000,0.00306063
128,21,1.00000000,0.00306063,-0.00000000,0.00306063
129,21,1.00000000,0.00306063,-0.00000000,0.00306063
130,21,1.00000000,0.00306063,-0.00000000,0.00306063
131,21,1.00000000,0.00306063,-0.00000000,0.00306063
132,21,1.00000000,0.00306063,-0.00000000,0.00306063
133,21,1.00000000,0.00306063,-0.00000000,0.00306063
134,21,1.00000000,0.00306063,-0.00000000,0.00306063
135,21,1.00000000,0.00306063,-0.00000000,0.00306063
136,21,1.00000000,0.00306063,-0.00000000,0.00306063
137,21,1.00000000,0.00306063,-0.00000000,0.00306063
138,21,1.00000000,0.00306063,-0.00000000,0.00306063
139,21,1.00000000,0.00306063,-0.00000000,0.00306063
140,21,1.00000000,0.00306063,-0.00000000,0.00306063
141,21,1.00000000,0.00306063,-0.00000000,0.00306063
142,21,1.00000000,0.00306063,-0.00000000,0.00306063
143,21,1.00000000,0.00306063,-0.00000000,0.00306063
144,21,1.00000000,0.00306063,-0.00000000,0.00306063
145,21,1.00000000,0.00306063,-0.00000000,0.00306063
146,21,1.00000000,0.00306063,-0.00000000,0.00306063
147,21,1.00000000,0.00306063,-0.00000000,0.00306063
148,21,1.00000000,0.00306063,-0.00000000,0.00306063
149,21,1.00000000,0.00306063,-0.00000000,0.00306063
150,21,1.00000000,0.00306063,-0.00000000,0.00306063
151,21,1.00000000,0.00306063,-0.00000000,0.00306063
152,21,1.00000000,0.00306063,-0.00000000,0.00306063
153,21,1.00000000,0.00306063,-0.00000000,0.00306063
154,21,1.00000000,0.00306063,-0.00000000,0.00306063
155,21,1.00000000,0.00306063,-0.00000000,0.00306063
156,21,1.00000000,0.00306063,-0.00000000,0.00306063
157,21,1.00000000,0.00306063,-0.00000000,0.00306063
158,21,1.00000000,0.00306063,-0.00000000,0.00306063
159,21,1.00000000,0.00306063,-0.00000000,0.00306063
0,22,1.00000000,0.00309060,0.00000000,0.00309060
1,22,1.00000000,0.00309060,0.00000000,0.00309060
2,22,1.00000000,0.00309060,0.00000000,0.00309060
3,22,1.00000000,0.00309060,0.00000000,0.00309060
4,22,1.00000000,0.00309060,0.00000000,0.00309060
5,22,1.00000000,0.00309060,0.00000000,0.00309060
6,22,1.00000000,0.00309060,0.00000000,0.00309060
7,22,1.00000000,0.00309060,0.00000000,0.00309060
8,22,1.00000000,0.00309060,0.00000000,0.00309060
9,22,1.00000000,0.00309060,0.00000000,0.00309060
10,22,1.00000000,0.00309060,0.00000000,0.00309060
11,22,1.00000000,0.00309060,0.00000000,0.00309060
12,22,1.00000000,0.00309060,0.00000000,0.00309060
13,22,1.00000000,0.00309060,0.00000000,0.00309060
14,22,1.00000000,0.00309060,0.00000000,0.00309060
15,22,1.00000000,0.00309060,0.00000000,0.00309060
16,22,1.00000000,0.00309060,0.00000000,0.00309060
17,22,1.00000000,0.00309060,0.00000000,0.00309060
18,22,1.00000000,0.00309060,0.00000000,0.00309060
19,22,1.00000000,0.00309060,0.00000000,0.00309060
20,22,1.00000000,0.00309060,0.00000000,0.00309060
21,22,1.00000000,0.00309060,0.00000000,0.00309060
22,22,1.00000000,0.00309060,0.00000000,0.00309060
23,22,1.00000000,0.00309060,0.00000000,0.00309060
24,22,1.00000000,0.00309060,0.00000000,0.00309060
25,22,1.00000000,0.00309060,0.00000000,0.00309060
26,22,1.00000000,0.00309060,0.00000000,0.00309060
27,22,1.00000000,0.00309060,0.00000000,0.00309060
28,22,1.00000000,0.00309060,0.00000000,0.00309060
29,22,1.00000000,0.00309060,0.00000000,0.00309060
30,22,1.00000000,0.00309060,0.00000000,0.00309060
31,22,1.00000000,0.00309060,0.00000000,0.00309060
32,22,1.00000000,0.00309060,0.00000000,0.00309060
33,22,1.00000000,0.00309060,0.00000000,0.00309060
34,22,1.00000000,0.00309060,0.00000000,0.00309060
35,22,1.00000000,0.00309060,0.00000000,0.00309060
36,22,1.00000000,0.00309060,0.00000000,0.00309060
37,22,1.00000000,0.00309060,0.00000000,0.00309060
38,22,1.00000000,0.00309060,0.00000000,0.00309060
39,22,1.00000000,0.00309060,0.00000000,0.00309060
40,22,1.00000000,0.00309060,0.00000000,0.00309060
41,22,1.00000000,0.00309060,0.00000000,0.00309060
42,22,1.00000000,0.00309060,0.00000000,0.00309060
43,22,1.00000000,0.00309060,0.00000000,0.00309060
44,22,1.00000000,0.00309060,0.00000000,0.00309060
45,22,1.00000000,0.00309060,0.00000000,0.00309060
46,22,1.00000000,0.00309060,0.00000000,0.00309060
47,22,1.00000000,0.00309060,0.00000000,0.00309060
48,22,1.00000000,0.00309060,0.00000000,0.00309060
49,22,1.00000000,0.00309060,0.00000000,0.00309060
50,22,1.00000000,0.00309060,0.00000000,0.00309060
51,22,1.00000000,0.00309060,0.00000000,0.00309060
52,22,1.00000000,0.00309060,0.00000000,0.00309060
53,22,1.00000000,0.00309060,0.00000000,0.00309060
54,22,1.00000000,0.00309060,0.00000000,0.00309060
55,22,1.00000000,0.00309060,0.00000000,0.00309060
56,22,1.00000000,0.00309060,0.00000000,0.00309060
57,22,1.00000000,0.00309060,0.00000000,0.00309060
58,22,1.00000000,0.00309060,0.00000000,0.00309060
59,22,1.00000000,0.00309060,0.00000000,0.00309060
60,22,1.00000000,0.00309060,0.00000000,0.00309060
61,22,1.00000000,0.00309060,0.00000000,0.00309060
62,22,1.00000000,0.00309060,0.00000000,0.00309060
63,22,1.00000000,0.00309060,0.00000000,0.00309060
64,22,1.00000000,0.00309060,0.00000000,0.00309060
65,22,1.00000000,0.00309060,0.00000000,0.00309060
66,22,1.00000000,0.00309060,0.00000000,0.00309060
67,22,1.00000000,0.00309060,0.00000000,0.00309060
68,22,1.00000000,0.00309060,0.00000000,0.00309060
69,22,1.00000000,0.00309060,0.00000000,0.00309060
70,22,1.00000000,0.00309060,0.00000000,0.00309060
71,22,1.00000000,0.00309060,0.00000000,0.00309060
72,22,1.00000000,0.00309060,0.00000000,0.00309060
73,22,1.00000000,0.00309060,0.00000000,0.00309060
74,22,1.00000000,0.00309060,0.00000000,0.00309060
75,22,1.00000000,0.00309060,0.00000000,0.00309060
76,22,1.00000000,0.00309060,0.00000000,0.00309060
77,22,1.00000000,0.00309060,0.00000000,0.00309060
78,22,1.00000000,0.00309060,0.00000000,0.00309060
79,22,1.00000000,0.00309060,0.00000000,0.00309060
80,22,1.00000000,0.00309060,0.00000000,0.00309060
81,22,1.00000000,0.00309060,0.00000000,0.00309060
82,22,1.00000000,0.00309060,0.00000000,0.00309060
83,22,1.00000000,0.00309060,0.00000000,0.00309060
84,22,1.00000000,0.00309060,0.00000000,0.00309060
85,22,1.00000000,0.00309060,0.00000000,0.00309060
86,22,1.00000000,0.00309060,0.00000000,0.00309060
87,22,1.00000000,0.00309060,0.00000000,0.00309060
88,22,1.00000000,0.00309060,0.00000000,0.00309060
89,22,1.00000000,0.00309060,0.00000000,0.00309060
90,22,1.00000000,0.00309060,0.00000000,0.00309060
91,22,1.00000000,0.00309060,0.00000000,0.00309060
92,22,1.00000000,0.00309060,0.00000000,0.00309060
93,22,1.00000000,0.00309060,0.00000000,0.00309060
94,22,1.00000000,0.00309060,0.00000000,0.00309060
95,22,1.00000000,0.00309060,0.00000000,0.00309060
96,22,1.00000000,0.00309060,0.00000000,0.00309060
97,22,1.00000000,0.00309060,0.00000000,0.00309060
98,22,1.00000000,0.00309060,0.00000000,0.00309060
99,22,1.00000000,0.00309060,0.00000000,0.00309060
100,22,1.00000000,0.00309060,0.00000000,0.00309060
101,22,1.00000000,0.00309060,0.00000000,0.00309060
102,22,1.00000000,0.00309060,0.00000000,0.00309060
103,22,1.00000000,0.00309060,0.00000000,0.00309060
104,22,1.00000000,0.00309060,0.00000000,0.00309060
105,22,1.00000000,0.00309060,0.00000000,0.00309060
106,22,1.00000000,0.00309060,0.00000000,0.00309060
107,22,1.00000000,0.00309060,0.00000000,0.00309060
108,22,1.00000000,0.00309060,0.00000000,0.00309060
109,22,1.00000000,0.00309060,0.00000000,0.00309060
110,22,1.00000000,0.00309060,0.00000000,0.00309060
111,22,1.00000000,0.00309060,0.00000000,0.00309060
112,22,1.00000000,0.00309060,0.00000000,0.00309060
113,22,1.00000000,0.00309060,0.00000000,0.00309060
114,22,1.00000000,0.00309060,0.00000000,0.00309060
115,22,1.00000000,0.00309060,0.00000000,0.00309060
116,22,1.00000000,0.00309060,0.00000000,0.00309060
117,22,1.00000000,0.00309060,0.00000000,0.00309060
118,22,1.00000000,0.00309060,0.00000000,0.00309060
119,22,1.00000000,0.00309060,0.00000000,0.00309060
120,22,1.00000000,0.00309060,0.00000000,0.00309060
121,22,1.00000000,0.00309060,0.00000000,0.00309060
122,22,1.00000000,0.00309060,0.00000000,0.00309060
123,22,1.00000000,0.00309060,0.00000000,0.00309060
124,22,1.00000000,0.00309060,0.00000000,0.00309060
125,22,1.00000000,0.00309060,0.00000000,0.00309060
126,22,1.00000000,0.00309060,0.00000000,0.00309060
127,22,1.00000000,0.00309060,0.00000000,0.00309060
128,22,1.00000000,0.00309060,0.00000000,0.00309060
129,22,1.00000000,0.00309060,0.00000000,0.00309060
130,22,1.00000000,0.00309060,0.00000000,0.00309060
131,22,1.00000000,0.00309060,0.00000000,0.00309060
132,22,1.00000000,0.00309060,0.00000000,0.00309060
133,22,1.00000000,0.00309060,0.00000000,0.00309060
134,22,1.00000000,0.00309060,0.00000000,0.00309060
135,22,1.00000000,0.00309060,0.00000000,0.00309060
136,22,1.00000000,0.00309060,0.00000000,0.00309060
137,22,1.00000000,0.00309060,0.00000000,0.00309060
138,22,1.00000000,0.00309060,0.00000000,0.00309060
139,22,1.00000000,0.00309060,0.00000000,0.00309060
140,22,1.00000000,0.00309060,0.00000000,0.00309060
141,22,1.00000000,0.00309060,0.00000000,0.00309060
142,22,1.00000000,0.00309060,0.00000000,0.00309060
143,22,1.00000000,0.00309060,0.00000000,0.00309060
144,22,1.00000000,0.00309060,0.00000000,0.00309060
145,22,1.00000000,0.00309060,0.00000000,0.00309060
146,22,1.00000000,0.00309060,0.00000000,0.00309060
147,22,1.00000000,0.00309060,0.00000000,0.00309060
148,22,1.00000000,0.00309060,0.00000000,0.00309060
149,22,1.00000000,0.00309060,0.00000000,0.00309060
150,22,1.00000000,0.00309060,0.00000000,0.00309060
151,22,1.00000000,0.00309060,0.00000000,0.00309060
152,22,1.00000000,0.00309060,0.00000000,0.00309060
153,22,1.00000000,0.00309060,0.00000000,0.00309060
154,22,1.00000000,0.00309060,0.00000000,0.00309060
155,22,1.00000000,0.00309060,0.00000000,0.00309060
156,22,1.00000000,0.00309060,0.00000000,0.00309060
157,22,1.00000000,0.00309060,0.00000000,0.00309060
158,22,1.00000000,0.00309060,0.00000000,0.00309060
159,22,1.00000000,0.00309060,0.00000000,0.00309060
0,23,1.00000000,0.00311058,-0.00000000,0.00311058
1,23,1.00000000,0.00311058,-0.00000000,0.00311058
2,23,1.00000000,0.00311058,-0.00000000,0.00311058
3,23,1.00000000,0.00311058,-0.00000000,0.00311058
4,23,1.00000000,0.00311058,-0.00000000,0.00311058
5,23,1.00000000,0.00311058,-0.00000000,0.00311058
6,23,1.00000000,0.00311058,-0.00000000,0.00311058
7,23,1.00000000,0.00311058,-0.00000000,0.00311058
8,23,1.00000000,0.00311058,-0.00000000,0.00311058
9,23,1.00000000,0.00311058,-0.00000000,0.00311058
10,23,1.00000000,0.00311058,-0.00000000,0.00311058
11,23,1.00000000,0.00311058,-0.00000000,0.00311058
12,23,1.00000000,0.00311058,-0.00000000,0.00311058
13,23,1.00000000,0.00311058,-0.00000000,0.00311058
14,23,1.00000000,0.00311058,-0.00000000,0.00311058
15,23,1.00000000,0.00311058,-0.00000000,0.00311058
16,23,1.00000000,0.00311058,-0.00000000,0.00311058
17,23,1.00000000,0.00311058,-0.00000000,0.00311058
18,23,1.00000000,0.00311058,-0.00000000,0.00311058
19,23,1.00000000,0.00311058,-0.00000000,0.00311058
20,23,1.00000000,0.00311058,-0.00000000,0.00311058
21,23,1.00000000,0.00311058,-0.00000000,0.00311058
22,23,1.00000000,0.00311058,-0.00000000,0.00311058
23,23,1.00000000,0.00311058,-0.00000000,0.00311058
24,23,1.00000000,0.00311058,-0.00000000,0.00311058
25,23,1.00000000,0.00311058,-0.00000000,0.00311058
26,23,1.00000000,0.00311058,-0.00000000,0.00311058
27,23,1.00000000,0.00311058,-0.00000000,0.00311058
28,23,1.00000000,0.00311058,-0.00000000,0.00311058
29,23,1.00000000,0.00311058,-0.00000000,0.00311058
30,23,1.00000000,0.00311058,-0.00000000,0.00311058
31,23,1.00000000,0.00311058,-0.00000000,0.00311058
32,23,1.00000000,0.00311058,-0.00000000,0.00311058
33,23,1.00000000,0.00311058,-0.00000000,0.00311058
34,23,1.00000000,0.00311058,-0.00000000,0.00311058
35,23,1.00000000,0.00311058,-0.00000000,0.00311058
36,23,1.00000000,0.00311058,-0.00000000,0.00311058
37,23,1.00000000,0.00311058,-0.00000000,0.00311058
38,23,1.00000000,0.00311058,-0.00000000,0.00311058
39,23,1.00000000,0.00311058,-0.00000000,0.00311058
40,23,1.00000000,0.00311058,-0.00000000,0.00311058
41,23,1.00000000,0.00311058,-0.00000000,0.00311058
42,23,1.00000000,0.00311058,-0.00000000,0.00311058
43,23,1.00000000,0.00311058,-0.00000000,0.00311058
44,23,1.00000000,0.00311058,-0.00000000,0.00311058
45,23,1.00000000,0.00311058,-0.00000000,0.00311058
46,23,1.00000000,0.00311058,-0.00000000,0.00311058
47,23,1.00000000,0.00311058,-0.00000000,0.00311058
48,23,1.00000000,0.00311058,-0.00000000,0.00311058
49,23,1.00000000,0.00311058,-0.00000000,0.00311058
50,23,1.00000000,0.00311058,-0.00000000,0.00311058
51,23,1.00000000,0.00311058,-0.00000000,0.00311058
52,23,1.00000000,0.00311058,-0.00000000,0.00311058
53,23,1.00000000,0.00311058,-0.00000000,0.00311058
54,23,1.00000000,0.00311058,-0.00000000,0.00311058
55,23,1.00000000,0.00311058,-0.00000000,0.00311058
56,23,1.00000000,0.00311058,-0.00000000,0.00311058
57,23,1.00000000,0.00311058,-0.00000000,0.00311058
58,23,1.00000000,0.00311058,-0.00000000,0.00311058
59,23,1.00000000,0.00311058,-0.00000000,0.00311058
60,23,1.00000000,0.00311058,-0.00000000,0.00311058
61,23,1.00000000,0.00311058,-0.00000000,0.00311058
62,23,1.00000000,0.00311058,-0.00000000,0.00311058
63,23,1.00000000,0.00311058,-0.00000000,0.00311058
64,23,1.00000000,0.00311058,-0.00000000,0.00311058
65,23,1.00000000,0.00311058,-0.00000000,0.00311058
66,23,1.00000000,0.00311058,-0.00000000,0.00311058
67,23,1.00000000,0.00311058,-0.00000000,0.00311058
68,23,1.00000000,0.00311058,-0.00000000,0.00311058
69,23,1.00000000,0.00311058,-0.00000000,0.00311058
70,23,1.00000000,0.00311058,-0.00000000,0.00311058
71,23,1.00000000,0.00311058,-0.00000000,0.00311058
72,23,1.00000000,0.00311058,-0.00000000,0.00311058
73,23,1.00000000,0.00311058,-0.00000000,0.00311058
74,23,1.00000000,0.00311058,-0.00000000,0.00311058
75,23,1.00000000,0.00311058,-0.00000000,0.00311058
76,23,1.00000000,0.00311058,-0.00000000,0.00311058
77,23,1.00000000,0.00311058,-0.00000000,0.00311058
78,23,1.00000000,0.00311058,-0.00000000,0.00311058
79,23,1.00000000,0.00311058,-0.00000000,0.00311058
80,23,1.00000000,0.00311058,-0.00000000,0.00311058
81,23,1.00000000,0.00311058,-0.00000000,0.00311058
82,23,1.00000000,0.00311058,-0.00000000,0.00311058
83,23,1.00000000,0.00311058,-0.00000000,0.00311058
84,23,1.00000000,0.00311058,-0.00000000,0.00311058
85,23,1.00000000,0.00311058,-0.00000000,0.00311058
86,23,1.00000000,0.00311058,-0.00000000,0.00311058
87,23,1.00000000,0.00311058,-0.00000000,0.00311058
88,23,1.00000000,0.00311058,-0.00000000,0.00311058
89,23,1.00000000,0.00311058,-0.00000000,0.00311058
90,23,1.00000000,0.00311058,-0.00000000,0.00311058
91,23,1.00000000,0.00311058,-0.00000000,0.00311058
92,23,1.00000000,0.00311058,-0.00000000,0.00311058
93,23,1.00000000,0.00311058,-0.00000000,0.00311058
94,23,1.00000000,0.00311058,-0.00000000,0.00311058
95,23,1.00000000,0.00311058,-0.00000000,0.00311058
96,23,1.00000000,0.00311058,-0.00000000,0.00311058
97,23,1.00000000,0.00311058,-0.00000000,0.00311058
98,23,1.00000000,0.00311058,-0.00000000,0.00311058
99,23,1.00000000,0.00311058,-0.00000000,0.00311058
100,23,1.00000000,0.00311058,-0.00000000,0.00311058
101,23,1.00000000,0.00311058,-0.00000000,0.00311058
102,23,1.00000000,0.00311058,-0.00000000,0.00311058
103,23,1.00000000,0.00311058,-0.00000000,0.00311058
104,23,1.00000000,0.00311058,-0.00000000,0.00311058
105,23,1.00000000,0.00311058,-0.00000000,0.00311058
106,23,1.00000000,0.00311058,-0.00000000,0.00311058
107,23,1.00000000,0.00311058,-0.00000000,0.00311058
108,23,1.00000000,0.00311058,-0.00000000,0.00311058
109,23,1.00000000,0.00311058,-0.00000000,0.00311058
110,23,1.00000000,0.00311058,-0.00000000,0.00311058
111,23,1.00000000,0.00311058,-0.00000000,0.00311058
112,23,1.00000000,0.00311058,-0.00000000,0.00311058
113,23,1.00000000,0.00311058,-0.00000000,0.00311058
114,23,1.00000000,0.00311058,-0.00000000,0.00311058
115,23,1.00000000,0.00311058,-0.00000000,0.00311058
116,23,1.00000000,0.00311058,-0.00000000,0.00311058
117,23,1.00000000,0.00311058,-0.00000000,0.00311058
118,23,1.00000000,0.00311058,-0.00000000,0.00311058
119,23,1.00000000,0.00311058,-0.00000000,0.00311058
120,23,1.00000000,0.00311058,-0.00000000,0.00311058
121,23,1.00000000,0.00311058,-0.00000000,0.00311058
122,23,1.00000000,0.00311058,-0.00000000,0.00311058
123,23,1.00000000,0.00311058,-0.00000000,0.00311058
124,23,1.00000000,0.00311058,-0.00000000,0.00311058
125,23,1.00000000,0.00311058,-0.00000000,0.00311058
126,23,1.00000000,0.00311058,-0.00000000,0.00311058
127,23,1.00000000,0.00311058,-0.00000000,0.00311058
128,23,1.00000000,0.00311058,-0.00000000,0.00311058
129,23,1.00000000,0.00311058,-0.00000000,0.00311058
130,23,1.00000000,0.00311058,-0.00000000,0.00311058
131,23,1.00000000,0.00311058,-0.00000000,0.00311058
132,23,1.00000000,0.00311058,-0.00000000,0.00311058
133,23,1.00000000,0.00311058,-0.00000000,0.00311058
134,23,1.00000000,0.00311058,-0.00000000,0.00311058
135,23,1.00000000,0.00311058,-0.00000000,0.00311058
136,23,1.00000000,0.00311058,-0.00000000,0.00311058
137,23,1.00000000,0.00311058,-0.00000000,0.00311058
138,23,1.00000000,0.00311058,-0.00000000,0.00311058
139,23,1.00000000,0.00311058,-0.00000000,0.00311058
140,23,1.00000000,0.00311058,-0.00000000,0.00311058
141,23,1.00000000,0.00311058,-0.00000000,0.00311058
142,23,1.00000000,0.00311058,-0.00000000,0.00311058
143,23,1.00000000,0.00311058,-0.00000000,0.00311058
144,23,1.00000000,0.00311058,-0.00000000,0.00311058
145,23,1.00000000,0.00311058,-0.00000000,0.00311058
146,23,1.00000000,0.00311058,-0.00000000,0.00311058
147,23,1.00000000,0.00311058,-0.00000000,0.00311058
148,23,1.00000000,0.00311058,-0.00000000,0.00311058
149,23,1.00000000,0.00311058,-0.00000000,0.00311058
150,23,1.00000000,0.00311058,-0.00000000,0.00311058
151,23,1.00000000,0.00311058,-0.00000000,0.00311058
152,23,1.00000000,0.00311058,-0.00000000,0.00311058
153,23,1.00000000,0.00311058,-0.00000000,0.00311058
154,23,1.00000000,0.00311058,-0.00000000,0.00311058
155,23,1.00000000,0.00311058,-0.00000000,0.00311058
156,23,1.00000000,0.00311058,-0.00000000,0.00311058
157,23,1.00000000,0.00311058,-0.00000000,0.00311058
158,23,1.00000000,0.00311058,-0.00000000,0.00311058
159,23,1.00000000,0.00311058,-0.00000000,0.00311058
0,24,1.00000000,0.00312057,0.00000000,0.00312057
1,24,1.00000000,0.00312057,0.00000000,0.00312057
2,24,1.00000000,0.00312057,0.00000000,0.00312057
3,24,1.00000000,0.00312057,0.00000000,0.00312057
4,24,1.00000000,0.00312057,0.00000000,0.00312057
5,24,1.00000000,0.00312057,0.00000000,0.00312057
6,24,1.00000000,0.00312057,0.00000000,0.00312057
7,24,1.00000000,0.00312057,0.00000000,0.00312057
8,24,1.00000000,0.00312057,0.00000000,0.00312057
9,24,1.00000000,0.00312057,0.00000000,0.00312057
10,24,1.00000000,0.00312057,0.00000000,0.00312057
11,24,1.00000000,0.00312057,0.00000000,0.00312057
12,24,1.00000000,0.00312057,0.00000000,0.00312057
13,24,1.00000000,0.00312057,0.00000000,0.00312057
14,24,1.00000000,0.00312057,0.00000000,0.00312057
15,24,1.00000000,0.00312057,0.00000000,0.00312057
16,24,1.00000000,0.00312057,0.00000000,0.00312057
17,24,1.00000000,0.00312057,0.00000000,0.00312057
18,24,1.00000000,0.00312057,0.00000000,0.00312057
19,24,1.00000000,0.00312057,0.00000000,0.00312057
20,24,1.00000000,0.00312057,0.00000000,0.00312057
21,24,1.00000000,0.00312057,0.00000000,0.00312057
22,24,1.00000000,0.00312057,0.00000000,0.00312057
23,24,1.00000000,0.00312057,0.00000000,0.00312057
24,24,1.00000000,0.00312057,0.00000000,0.00312057
25,24,1.00000000,0.00312057,0.00000000,0.00312057
26,24,1.00000000,0.00312057,0.00000000,0.00312057
27,24,1.00000000,0.00312057,0.00000000,0.00312057
28,24,1.00000000,0.00312057,0.00000000,0.00312057
29,24,1.00000000,0.00312057,0.00000000,0.00312057
30,24,1.00000000,0.00312057,0.00000000,0.00312057
31,24,1.00000000,0.00312057,0.00000000,0.00312057
32,24,1.00000000,0.00312057,0.00000000,0.00312057
33,24,1.00000000,0.00312057,0.00000000,0.00312057
34,24,1.00000000,0.00312057,0.00000000,0.00312057
35,24,1.00000000,0.00312057,0.00000000,0.00312057
36,24,1.00000000,0.00312057,0.00000000,0.00312057
37,24,1.00000000,0.00312057,0.00000000,0.00312057
38,24,1.00000000,0.00312057,0.00000000,0.00312057
39,24,1.00000000,0.00312057,0.00000000,0.00312057
40,24,1.00000000,0.00312057,0.00000000,0.00312057
41,24,1.00000000,0.00312057,0.00000000,0.00312057
42,24,1.00000000,0.00312057,0.00000000,0.00312057
43,24,1.00000000,0.00312057,0.00000000,0.00312057
44,24,1.00000000,0.00312057,0.00000000,0.00312057
45,24,1.00000000,0.00312057,0.00000000,0.00312057
46,24,1.00000000,0.00312057,0.00000000,0.00312057
47,24,1.00000000,0.00312057,0.00000000,0.00312057
48,24,1.00000000,0.00312057,0.00000000,0.00312057
49,24,1.00000000,0.00312057,0.00000000,0.00312057
50,24,1.00000000,0.00312057,0.00000000,0.00312057
51,24,1.00000000,0.00312057,0.00000000,0.00312057
52,24,1.00000000,0.00312057,0.00000000,0.00312057
53,24,1.00000000,0.00312057,0.00000000,0.00312057
54,24,1.00000000,0.00312057,0.00000000,0.00312057
55,24,1.00000000,0.00312057,0.00000000,0.00312057
56,24,1.00000000,0.00312057,0.00000000,0.00312057
57,24,1.00000000,0.00312057,0.00000000,0.00312057
58,24,1.00000000,0.00312057,0.00000000,0.00312057
59,24,1.00000000,0.00312057,0.00000000,0.00312057
60,24,1.00000000,0.00312057,0.00000000,0.00312057
61,24,1.00000000,0.00312057,0.00000000,0.00312057
62,24,1.00000000,0.00312057,0.00000000,0.00312057
63,24,1.00000000,0.00312057,0.00000000,0.00312057
64,24,1.00000000,0.00312057,0.00000000,0.00312057
65,24,1.00000000,0.00312057,0.00000000,0.00312057
66,24,1.00000000,0.00312057,0.00000000,0.00312057
67,24,1.00000000,0.00312057,0.00000000,0.00312057
68,24,1.00000000,0.00312057,0.00000000,0.00312057
69,24,1.00000000,0.00312057,0.00000000,0.00312057
70,24,1.00000000,0.00312057,0.00000000,0.00312057
71,24,1.00000000,0.00312057,0.00000000,0.00312057
72,24,1.00000000,0.00312057,0.00000000,0.00312057
73,24,1.00000000,0.00312057,0.00000000,0.00312057
74,24,1.00000000,0.00312057,0.00000000,0.00312057
75,24,1.00000000,0.00312057,0.00000000,0.00312057
76,24,1.00000000,0.00312057,0.00000000,0.00312057
77,24,1.00000000,0.00312057,0.00000000,0.00312057
78,24,1.00000000,0.00312057,0.00000000,0.00312057
79,24,1.00000000,0.00312057,0.00000000,0.00312057
80,24,1.00000000,0.00312057,0.00000000,0.00312057
81,24,1.00000000,0.00312057,0.00000000,0.00312057
82,24,1.00000000,0.00312057,0.00000000,0.00312057
83,24,1.00000000,0.00312057,0.00000000,0.00312057
84,24,1.00000000,0.00312057,0.00000000,0.00312057
85,24,1.00000000,0.00312057,0.00000000,0.00312057
86,24,1.00000000,0.00312057,0.00000000,0.00312057
87,24,1.00000000,0.00312057,0.00000000,0.00312057
88,24,1.00000000,0.00312057,0.00000000,0.00312057
89,24,1.00000000,0.00312057,0.00000000,0.00312057
90,24,1.00000000,0.00312057,0.00000000,0.00312057
91,24,1.00000000,0.00312057,0.00000000,0.00312057
92,24,1.00000000,0.00312057,0.00000000,0.00312057
93,24,1.00000000,0.00312057,0.00000000,0.00312057
94,24,1.00000000,0.00312057,0.00000000,0.00312057
95,24,1.00000000,0.00312057,0.00000000,0.00312057
96,24,1.00000000,0.00312057,0.00000000,0.00312057
97,24,1.00000000,0.00312057,0.00000000,0.00312057
98,24,1.00000000,0.00312057,0.00000000,0.00312057
99,24,1.00000000,0.00312057,0.00000000,0.00312057
100,24,1.00000000,0.00312057,0.00000000,0.00312057
101,24,1.00000000,0.00312057,0.00000000,0.00312057
102,24,1.00000000,0.00312057,0.00000000,0.00312057
103,24,1.00000000,0.00312057,0.00000000,0.00312057
104,24,1.00000000,0.00312057,0.00000000,0.00312057
105,24,1.00000000,0.00312057,0.00000000,0.00312057
106,24,1.00000000,0.00312057,0.00000000,0.00312057
107,24,1.00000000,0.00312057,0.00000000,0.00312057
108,24,1.00000000,0.00312057,0.00000000,0.00312057
109,24,1.00000000,0.00312057,0.00000000,0.00312057
110,24,1.00000000,0.00312057,0.00000000,0.00312057
111,24,1.00000000,0.00312057,0.00000000,0.00312057
112,24,1.00000000,0.00312057,0.00000000,0.00312057
113,24,1.00000000,0.00312057,0.00000000,0.00312057
114,24,1.00000000,0.00312057,0.00000000,0.00312057
115,24,1.00000000,0.00312057,0.00000000,0.00312057
116,24,1.00000000,0.00312057,0.00000000,0.00312057
117,24,1.00000000,0.00312057,0.00000000,0.00312057
118,24,1.00000000,0.00312057,0.00000000,0.00312057
119,24,1.00000000,0.00312057,0.00000000,0.00312057
120,24,1.00000000,0.00312057,0.00000000,0.00312057
121,24,1.00000000,0.00312057,0.00000000,0.00312057
122,24,1.00000000,0.00312057,0.00000000,0.00312057
123,24,1.00000000,0.00312057,0.00000000,0.00312057
124,24,1.00000000,0.00312057,0.00000000,0.00312057
125,24,1.00000000,0.00312057,0.00000000,0.00312057
126,24,1.00000000,0.00312057,0.00000000,0.00312057
127,24,1.00000000,0.00312057,0.00000000,0.00312057
128,24,1.00000000,0.00312057,0.00000000,0.00312057
129,24,1.00000000,0.00312057,0.00000000,0.00312057
130,24,1.00000000,0.00312057,0.00000000,0.00312057
131,24,1.00000000,0.00312057,0.00000000,0.00312057
132,24,1.00000000,0.00312057,0.00000000,0.00312057
133,24,1.00000000,0.00312057,0.00000000,0.00312057
134,24,1.00000000,0.00312057,0.00000000,0.00312057
135,24,1.00000000,0.00312057,0.00000000,0.00312057
136,24,1.00000000,0.00312057,0.00000000,0.00312057
137,24,1.00000000,0.00312057,0.00000000,0.00312057
138,24,1.00000000,0.00312057,0.00000000,0.00312057
139,24,1.00000000,0.00312057,0.00000000,0.00312057
140,24,1.00000000,0.00312057,0.00000000,0.00312057
141,24,1.00000000,0.00312057,0.00000000,0.00312057
142,24,1.00000000,0.00312057,0.00000000,0.00312057
143,24,1.00000000,0.00312057,0.00000000,0.00312057
144,24,1.00000000,0.00312057,0.00000000,0.00312057
145,24,1.00000000,0.00312057,0.00000000,0.00312057
146,24,1.00000000,0.00312057,0.00000000,0.00312057
147,24,1.00000000,0.00312057,0.00000000,0.00312057
148,24,1.00000000,0.00312057,0.00000000,0.00312057
149,24,1.00000000,0.00312057,0.00000000,0.00312057
150,24,1.00000000,0.00312057,0.00000000,0.00312057
151,24,1.00000000,0.00312057,0.00000000,0.00312057
152,24,1.00000000,0.00312057,0.00000000,0.00312057
153,24,1.00000000,0.00312057,0.00000000,0.00312057
154,24,1.00000000,0.00312057,0.00000000,0.00312057
155,24,1.00000000,0.00312057,0.00000000,0.00312057
156,24,1.00000000,0.00312057,0.00000000,0.00312057
157,24,1.00000000,0.00312057,0.00000000,0.00312057
158,24,1.00000000,0.00312057,0.00000000,0.00312057
159,24,1.00000000,0.00312057,0.00000000,0.00312057
0,25,1.00000000,0.00312057,-0.00000000,0.00312057
1,25,1.00000000,0.00312057,-0.00000000,0.00312057
2,25,1.00000000,0.00312057,-0.00000000,0.00312057
3,25,1.00000000,0.00312057,-0.00000000,0.00312057
4,25,1.00000000,0.00312057,-0.00000000,0.00312057
5,25,1.00000000,0.00312057,-0.00000000,0.00312057
6,25,1.00000000,0.00312057,-0.00000000,0.00312057
7,25,1.00000000,0.00312057,-0.00000000,0.00312057
8,25,1.00000000,0.00312057,-0.00000000,0.00312057
9,25,1.00000000,0.00312057,-0.00000000,0.00312057
10,25,1.00000000,0.00312057,-0.00000000,0.00312057
11,25,1.00000000,0.00312057,-0.00000000,0.00312057
12,25,1.00000000,0.00312057,-0.00000000,0.00312057
13,25,1.00000000,0.00312057,-0.00000000,0.00312057
14,25,1.00000000,0.00312057,-0.00000000,0.00312057
15,25,1.00000000,0.00312057,-0.00000000,0.00312057
16,25,1.00000000,0.00312057,-0.00000000,0.00312057
17,25,1.00000000,0.00312057,-0.00000000,0.00312057
18,25,1.00000000,0.00312057,-0.00000000,0.00312057
19,25,1.00000000,0.00312057,-0.00000000,0.00312057
20,25,1.00000000,0.00312057,-0.00000000,0.00312057
21,25,1.00000000,0.00312057,-0.00000000,0.00312057
22,25,1.00000000,0.00312057,-0.00000000,0.00312057
23,25,1.00000000,0.00312057,-0.00000000,0.00312057
24,25,1.00000000,0.00312057,-0.00000000,0.00312057
25,25,1.00000000,0.00312057,-0.00000000,0.00312057
26,25,1.00000000,0.00312057,-0.00000000,0.00312057
27,25,1.00000000,0.00312057,-0.00000000,0.00312057
28,25,1.00000000,0.00312057,-0.00000000,0.00312057
29,25,1.00000000,0.00312057,-0.00000000,0.00312057
30,25,1.00000000,0.00312057,-0.00000000,0.00312057
31,25,1.00000000,0.00312057,-0.00000000,0.00312057
32,25,1.00000000,0.00312057,-0.00000000,0.00312057
33,25,1.00000000,0.00312057,-0.00000000,0.00312057
34,25,1.00000000,0.00312057,-0.00000000,0.00312057
35,25,1.00000000,0.00312057,-0.00000000,0.00312057
36,25,1.00000000,0.00312057,-0.00000000,0.00312057
37,25,1.00000000,0.00312057,-0.00000000,0.00312057
38,25,1.00000000,0.00312057,-0.00000000,0.00312057
39,25,1.00000000,0.00312057,-0.00000000,0.00312057
40,25,1.00000000,0.00312057,-0.00000000,0.00312057
41,25,1.00000000,0.00312057,-0.00000000,0.00312057
42,25,1.00000000,0.00312057,-0.00000000,0.00312057
43,25,1.00000000,0.00312057,-0.00000000,0.00312057
44,25,1.00000000,0.00312057,-0.00000000,0.00312057
45,25,1.00000000,0.00312057,-0.00000000,0.00312057
46,25,1.00000000,0.00312057,-0.00000000,0.00312057
47,25,1.00000000,0.00312057,-0.00000000,0.00312057
48,25,1.00000000,0.00312057,-0.00000000,0.00312057
49,25,1.00000000,0.00312057,-0.00000000,0.00312057
50,25,1.00000000,0.00312057,-0.00000000,0.00312057
51,25,1.00000000,0.00312057,-0.00000000,0.00312057
52,25,1.00000000,0.00312057,-0.00000000,0.00312057
53,25,1.00000000,0.00312057,-0.00000000,0.00312057
54,25,1.00000000,0.00312057,-0.00000000,0.00312057
55,25,1.00000000,0.00312057,-0.00000000,0.00312057
56,25,1.00000000,0.00312057,-0.00000000,0.00312057
57,25,1.00000000,0.00312057,-0.00000000,0.00312057
58,25,1.00000000,0.00312057,-0.00000000,0.00312057
59,25,1.00000000,0.00312057,-0.00000000,0.00312057
60,25,1.00000000,0.00312057,-0.00000000,0.00312057
61,25,1.00000000,0.00312057,-0.00000000,0.00312057
62,25,1.00000000,0.00312057,-0.00000000,0.00312057
63,25,1.00000000,0.00312057,-0.00000000,0.00312057
64,25,1.00000000,0.00312057,-0.00000000,0.00312057
65,25,1.00000000,0.00312057,-0.00000000,0.00312057
66,25,1.00000000,0.00312057,-0.00000000,0.00312057
67,25,1.00000000,0.00312057,-0.00000000,0.00312057
68,25,1.00000000,0.00312057,-0.00000000,0.00312057
69,25,1.00000000,0.00312057,-0.00000000,0.00312057
70,25,1.00000000,0.00312057,-0.00000000,0.00312057
71,25,1.00000000,0.00312057,-0.00000000,0.00312057
72,25,1.00000000,0.00312057,-0.00000000,0.00312057
73,25,1.00000000,0.00312057,-0.00000000,0.00312057
74,25,1.00000000,0.00312057,-0.00000000,0.00312057
75,25,1.00000000,0.00312057,-0.00000000,0.00312057
76,25,1.00000000,0.00312057,-0.00000000,0.00312057
77,25,1.00000000,0.00312057,-0.00000000,0.00312057
78,25,1.00000000,0.00312057,-0.00000000,0.00312057
79,25,1.00000000,0.00312057,-0.00000000,0.00312057
80,25,1.00000000,0.00312057,-0.00000000,0.00312057
81,25,1.00000000,0.00312057,-0.00000000,0.00312057
82,25,1.00000000,0.00312057,-0.00000000,0.00312057
83,25,1.00000000,0.00312057,-0.00000000,0.00312057
84,25,1.00000000,0.00312057,-0.00000000,0.00312057
85,25,1.00000000,0.00312057,-0.00000000,0.00312057
86,25,1.00000000,0.00312057,-0.00000000,0.00312057
87,25,1.00000000,0.00312057,-0.00000000,0.00312057
88,25,1.00000000,0.00312057,-0.00000000,0.00312057
89,25,1.00000000,0.00312057,-0.00000000,0.00312057
90,25,1.00000000,0.00312057,-0.00000000,0.00312057
91,25,1.00000000,0.00312057,-0.00000000,0.00312057
92,25,1.00000000,0.00312057,-0.00000000,0.00312057
93,25,1.00000000,0.00312057,-0.00000000,0.00312057
94,25,1.00000000,0.00312057,-0.00000000,0.00312057
95,25,1.00000000,0.00312057,-0.00000000,0.00312057
96,25,1.00000000,0.00312057,-0.00000000,0.00312057
97,25,1.00000000,0.00312057,-0.00000000,0.00312057
98,25,1.00000000,0.00312057,-0.00000000,0.00312057
99,25,1.00000000,0.00312057,-0.00000000,0.00312057
100,25,1.00000000,0.00312057,-0.00000000,0.00312057
101,25,1.00000000,0.00312057,-0.00000000,0.00312057
102,25,1.00000000,0.00312057,-0.00000000,0.00312057
103,25,1.00000000,0.00312057,-0.00000000,0.00312057
104,25,1.00000000,0.00312057,-0.00000000,0.00312057
105,25,1.00000000,0.00312057,-0.00000000,0.00312057
106,25,1.00000000,0.00312057,-0.00000000,0.00312057
107,25,1.00000000,0.00312057,-0.00000000,0.00312057
108,25,1.00000000,0.00312057,-0.00000000,0.00312057
109,25,1.00000000,0.00312057,-0.00000000,0.00312057
110,25,1.00000000,0.00312057,-0.00000000,0.00312057
111,25,1.00000000,0.00312057,-0.00000000,0.00312057
112,25,1.00000000,0.00312057,-0.00000000,0.00312057
113,25,1.00000000,0.00312057,-0.00000000,0.00312057
114,25,1.00000000,0.00312057,-0.00000000,0.00312057
115,25,1.00000000,0.00312057,-0.00000000,0.00312057
116,25,1.00000000,0.00312057,-0.00000000,0.00312057
117,25,1.00000000,0.00312057,-0.00000000,0.00312057
118,25,1.00000000,0.00312057,-0.00000000,0.00312057
119,25,1.00000000,0.00312057,-0.00000000,0.00312057
120,25,1.00000000,0.00312057,-0.00000000,0.00312057
121,25,1.00000000,0.00312057,-0.00000000,0.00312057
122,25,1.00000000,0.00312057,-0.00000000,0.00312057
123,25,1.00000000,0.00312057,-0.00000000,0.00312057
124,25,1.00000000,0.00312057,-0.00000000,0.00312057
125,25,1.00000000,0.00312057,-0.00000000,0.00312057
126,25,1.00000000,0.00312057,-0.00000000,0.00312057
127,25,1.00000000,0.00312057,-0.00000000,0.00312057
128,25,1.00000000,0.00312057,-0.00000000,0.00312057
129,25,1.00000000,0.00312057,-0.00000000,0.00312057
130,25,1.00000000,0.00312057,-0.00000000,0.00312057
131,25,1.00000000,0.00312057,-0.00000000,0.00312057
132,25,1.00000000,0.00312057,-0.00000000,0.00312057
133,25,1.00000000,0.00312057,-0.00000000,0.00312057
134,25,1.00000000,0.00312057,-0.00000000,0.00312057
135,25,1.00000000,0.00312057,-0.00000000,0.00312057
136,25,1.00000000,0.00312057,-0.00000000,0.00312057
137,25,1.00000000,0.00312057,-0.00000000,0.00312057
138,25,1.00000000,0.00312057,-0.00000000,0.00312057
139,25,1.00000000,0.00312057,-0.00000000,0.00312057
140,25,1.00000000,0.00312057,-0.00000000,0.00312057
141,25,1.00000000,0.00312057,-0.00000000,0.00312057
142,25,1.00000000,0.00312057,-0.00000000,0.00312057
143,25,1.00000000,0.00312057,-0.00000000,0.00312057
144,25,1.00000000,0.00312057,-0.00000000,0.00312057
145,25,1.00000000,0.00312057,-0.00000000,0.00312057
146,25,1.00000000,0.00312057,-0.00000000,0.00312057
147,25,1.00000000,0.00312057,-0.00000000,0.00312057
148,25,1.00000000,0.00312057,-0.00000000,0.00312057
149,25,1.00000000,0.00312057,-0.00000000,0.00312057
150,25,1.00000000,0.00312057,-0.00000000,0.00312057
151,25,1.00000000,0.00312057,-0.00000000,0.00312057
152,25,1.00000000,0.00312057,-0.00000000,0.00312057
153,25,1.00000000,0.00312057,-0.00000000,0.00312057
154,25,1.00000000,0.00312057,-0.00000000,0.00312057
155,25,1.00000000,0.00312057,-0.00000000,0.00312057
156,25,1.00000000,0.00312057,-0.00000000,0.00312057
157,25,1.00000000,0.00312057,-0.00000000,0.00312057
158,25,1.00000000,0.00312057,-0.00000000,0.00312057
159,25,1.00000000,0.00312057,-0.00000000,0.00312057
0,26,1.00000000,0.00311058,0.00000000,0.00311058
1,26,1.00000000,0.00311058,0.00000000,0.00311058
2,26,1.00000000,0.00311058,0.00000000,0.00311058
3,26,1.00000000,0.00311058,0.00000000,0.00311058
4,26,1.00000000,0.00311058,0.00000000,0.00311058
5,26,1.00000000,0.00311058,0.00000000,0.00311058
6,26,1.00000000,0.00311058,0.00000000,0.00311058
7,26,1.00000000,0.00311058,0.00000000,0.00311058
8,26,1.00000000,0.00311058,0.00000000,0.00311058
9,26,1.00000000,0.00311058,0.00000000,0.00311058
10,26,1.00000000,0.00311058,0.00000000,0.00311058
11,26,1.00000000,0.00311058,0.00000000,0.00311058
12,26,1.00000000,0.00311058,0.00000000,0.00311058
13,26,1.00000000,0.00311058,0.00000000,0.00311058
14,26,1.00000000,0.00311058,0.00000000,0.00311058
15,26,1.00000000,0.00311058,0.00000000,0.00311058
16,26,1.00000000,0.00311058,0.00000000,0.00311058
17,26,1.00000000,0.00311058,0.00000000,0.00311058
18,26,1.00000000,0.00311058,0.00000000,0.00311058
19,26,1.00000000,0.00311058,0.00000000,0.00311058
20,26,1.00000000,0.00311058,0.00000000,0.00311058
21,26,1.00000000,0.00311058,0.00000000,0.00311058
22,26,1.00000000,0.00311058,0.00000000,0.00311058
23,26,1.00000000,0.00311058,0.00000000,0.00311058
24,26,1.00000000,0.00311058,0.00000000,0.00311058
25,26,1.00000000,0.00311058,0.00000000,0.00311058
26,26,1.00000000,0.00311058,0.00000000,0.00311058
27,26,1.00000000,0.00311058,0.00000000,0.00311058
28,26,1.00000000,0.00311058,0.00000000,0.00311058
29,26,1.00000000,0.00311058,0.00000000,0.00311058
30,26,1.00000000,0.00311058,0.00000000,0.00311058
31,26,1.00000000,0.00311058,0.00000000,0.00311058
32,26,1.00000000,0.00311058,0.00000000,0.00311058
33,26,1.00000000,0.00311058,0.00000000,0.00311058
34,26,1.00000000,0.00311058,0.00000000,0.00311058
35,26,1.00000000,0.00311058,0.00000000,0.00311058
36,26,1.00000000,0.00311058,0.00000000,0.00311058
37,26,1.00000000,0.00311058,0.00000000,0.00311058
38,26,1.00000000,0.00311058,0.00000000,0.00311058
39,26,1.00000000,0.00311058,0.00000000,0.00311058
40,26,1.00000000,0.00311058,0.00000000,0.00311058
41,26,1.00000000,0.00311058,0.00000000,0.00311058
42,26,1.00000000,0.00311058,0.00000000,0.00311058
43,26,1.00000000,0.00311058,0.00000000,0.00311058
44,26,1.00000000,0.00311058,0.00000000,0.00311058
45,26,1.00000000,0.00311058,0.00000000,0.00311058
46,26,1.00000000,0.00311058,0.00000000,0.00311058
47,26,1.00000000,0.00311058,0.00000000,0.00311058
48,26,1.00000000,0.00311058,0.00000000,0.00311058
49,26,1.00000000,0.00311058,0.00000000,0.00311058
50,26,1.00000000,0.00311058,0.00000000,0.00311058
51,26,1.00000000,0.00311058,0.00000000,0.00311058
52,26,1.00000000,0.00311058,0.00000000,0.00311058
53,26,1.00000000,0.00311058,0.00000000,0.00311058
54,26,1.00000000,0.00311058,0.00000000,0.00311058
55,26,1.00000000,0.00311058,0.00000000,0.00311058
56,26,1.00000000,0.00311058,0.00000000,0.00311058
57,26,1.00000000,0.00311058,0.00000000,0.00311058
58,26,1.00000000,0.00311058,0.00000000,0.00311058
59,26,1.00000000,0.00311058,0.00000000,0.00311058
60,26,1.00000000,0.00311058,0.00000000,0.00311058
61,26,1.00000000,0.00311058,0.00000000,0.00311058
62,26,1.00000000,0.00311058,0.00000000,0.00311058
63,26,1.00000000,0.00311058,0.00000000,0.00311058
64,26,1.00000000,0.00311058,0.00000000,0.00311058
65,26,1.00000000,0.00311058,0.00000000,0.00311058
66,26,1.00000000,0.00311058,0.00000000,0.00311058
67,26,1.00000000,0.00311058,0.00000000,0.00311058
68,26,1.00000000,0.00311058,0.00000000,0.00311058
69,26,1.00000000,0.00311058,0.00000000,0.00311058
70,26,1.00000000,0.00311058,0.00000000,0.00311058
71,26,1.00000000,0.00311058,0.00000000,0.00311058
72,26,1.00000000,0.00311058,0.00000000,0.00311058
73,26,1.00000000,0.00311058,0.00000000,0.00311058
74,26,1.00000000,0.00311058,0.00000000,0.00311058
75,26,1.00000000,0.00311058,0.00000000,0.00311058
76,26,1.00000000,0.00311058,0.00000000,0.00311058
77,26,1.00000000,0.00311058,0.00000000,0.00311058
78,26,1.00000000,0.00311058,0.00000000,0.00311058
79,26,1.00000000,0.00311058,0.00000000,0.00311058
80,26,1.00000000,0.00311058,0.00000000,0.00311058
81,26,1.00000000,0.00311058,0.00000000,0.00311058
82,26,1.00000000,0.00311058,0.00000000,0.00311058
83,26,1.00000000,0.00311058,0.00000000,0.00311058
84,26,1.00000000,0.00311058,0.00000000,0.00311058
85,26,1.00000000,0.00311058,0.00000000,0.00311058
86,26,1.00000000,0.00311058,0.00000000,0.00311058
87,26,1.00000000,0.00311058,0.00000000,0.00311058
88,26,1.00000000,0.00311058,0.00000000,0.00311058
89,26,1.00000000,0.00311058,0.00000000,0.00311058
90,26,1.00000000,0.00311058,0.00000000,0.00311058
91,26,1.00000000,0.00311058,0.00000000,0.00311058
92,26,1.00000000,0.00311058,0.00000000,0.00311058
93,26,1.00000000,0.00311058,0.00000000,0.00311058
94,26,1.00000000,0.00311058,0.00000000,0.00311058
95,26,1.00000000,0.00311058,0.00000000,0.00311058
96,26,1.00000000,0.00311058,0.00000000,0.00311058
97,26,1.00000000,0.00311058,0.00000000,0.00311058
98,26,1.00000000,0.00311058,0.00000000,0.00311058
99,26,1.00000000,0.00311058,0.00000000,0.00311058
100,26,1.00000000,0.00311058,0.00000000,0.00311058
101,26,1.00000000,0.00311058,0.00000000,0.00311058
102,26,1.00000000,0.00311058,0.00000000,0.00311058
103,26,1.00000000,0.00311058,0.00000000,0.00311058
104,26,1.00000000,0.00311058,0.00000000,0.00311058
105,26,1.00000000,0.00311058,0.00000000,0.00311058
106,26,1.00000000,0.00311058,0.00000000,0.00311058
107,26,1.00000000,0.00311058,0.00000000,0.00311058
108,26,1.00000000,0.00311058,0.00000000,0.00311058
109,26,1.00000000,0.00311058,0.00000000,0.00311058
110,26,1.00000000,0.00311058,0.00000000,0.00311058
111,26,1.00000000,0.00311058,0.00000000,0.00311058
112,26,1.00000000,0.00311058,0.00000000,0.00311058
113,26,1.00000000,0.00311058,0.00000000,0.00311058
114,26,1.00000000,0.00311058,0.00000000,0.00311058
115,26,1.00000000,0.00311058,0.00000000,0.00311058
116,26,1.00000000,0.00311058,0.00000000,0.00311058
117,26,1.00000000,0.00311058,0.00000000,0.00311058
118,26,1.00000000,0.00311058,0.00000000,0.00311058
119,26,1.00000000,0.00311058,0.00000000,0.00311058
120,26,1.00000000,0.00311058,0.00000000,0.00311058
121,26,1.00000000,0.00311058,0.00000000,0.00311058
122,26,1.00000000,0.00311058,0.00000000,0.00311058
123,26,1.00000000,0.00311058,0.00000000,0.00311058
124,26,1.00000000,0.00311058,0.00000000,0.00311058
125,26,1.00000000,0.00311058,0.00000000,0.00311058
126,26,1.00000000,0.00311058,0.00000000,0.00311058
127,26,1.00000000,0.00311058,0.00000000,0.00311058
128,26,1.00000000,0.00311058,0.00000000,0.00311058
129,26,1.00000000,0.00311058,0.00000000,0.00311058
130,26,1.00000000,0.00311058,0.00000000,0.00311058
131,26,1.00000000,0.00311058,0.00000000,0.00311058
132,26,1.00000000,0.00311058,0.00000000,0.00311058
133,26,1.00000000,0.00311058,0.00000000,0.00311058
134,26,1.00000000,0.00311058,0.00000000,0.00311058
135,26,1.00000000,0.00311058,0.00000000,0.00311058
136,26,1.00000000,0.00311058,0.00000000,0.00311058
137,26,1.00000000,0.00311058,0.00000000,0.00311058
138,26,1.00000000,0.00311058,0.00000000,0.00311058
139,26,1.00000000,0.00311058,0.00000000,0.00311058
140,26,1.00000000,0.00311058,0.00000000,0.00311058
141,26,1.00000000,0.00311058,0.00000000,0.00311058
142,26,1.00000000,0.00311058,0.00000000,0.00311058
143,26,1.00000000,0.00311058,0.00000000,0.00311058
144,26,1.00000000,0.00311058,0.00000000,0.00311058
145,26,1.00000000,0.00311058,0.00000000,0.00311058
146,26,1.00000000,0.00311058,0.00000000,0.00311058
147,26,1.00000000,0.00311058,0.00000000,0.00311058
148,26,1.00000000,0.00311058,0.00000000,0.00311058
149,26,1.00000000,0.00311058,0.00000000,0.00311058
150,26,1.00000000,0.00311058,0.00000000,0.00311058
151,26,1.00000000,0.00311058,0.00000000,0.00311058
152,26,1.00000000,0.00311058,0.00000000,0.00311058
153,26,1.00000000,0.00311058,0.00000000,0.00311058
154,26,1.00000000,0.00311058,0.00000000,0.00311058
155,26,1.00000000,0.00311058,0.00000000,0.00311058
156,26,1.00000000,0.00311058,0.00000000,0.00311058
157,26,1.00000000,0.00311058,0.00000000,0.00311058
158,26,1.00000000,0.00311058,0.00000000,0.00311058
159,26,1.00000000,0.00311058,0.00000000,0.00311058
0,27,1.00000000,0.00309060,-0.00000000,0.00309060
1,27,1.00000000,0.00309060,-0.00000000,0.00309060
2,27,1.00000000,0.00309060,-0.00000000,0.00309060
3,27,1.00000000,0.00309060,-0.00000000,0.00309060
4,27,1.00000000,0.00309060,-0.00000000,0.00309060
5,27,1.00000000,0.00309060,-0.00000000,0.00309060
6,27,1.00000000,0.00309060,-0.00000000,0.00309060
7,27,1.00000000,0.00309060,-0.00000000,0.00309060
8,27,1.00000000,0.00309060,-0.00000000,0.00309060
9,27,1.00000000,0.00309060,-0.00000000,0.00309060
10,27,1.00000000,0.00309060,-0.00000000,0.00309060
11,27,1.00000000,0.00309060,-0.00000000,0.00309060
12,27,1.00000000,0.00309060,-0.00000000,0.00309060
13,27,1.00000000,0.00309060,-0.00000000,0.00309060
14,27,1.00000000,0.00309060,-0.00000000,0.00309060
15,27,1.00000000,0.00309060,-0.00000000,0.00309060
16,27,1.00000000,0.00309060,-0.00000000,0.00309060
17,27,1.00000000,0.00309060,-0.00000000,0.00309060
18,27,1.00000000,0.00309060,-0.00000000,0.00309060
19,27,1.00000000,0.00309060,-0.00000000,0.00309060
20,27,1.00000000,0.00309060,-0.00000000,0.00309060
21,27,1.00000000,0.00309060,-0.00000000,0.00309060
22,27,1.00000000,0.00309060,-0.00000000,0.00309060
23,27,1.00000000,0.00309060,-0.00000000,0.00309060
24,27,1.00000000,0.00309060,-0.00000000,0.00309060
25,27,1.00000000,0.00309060,-0.00000000,0.00309060
26,27,1.00000000,0.00309060,-0.00000000,0.00309060
27,27,1.00000000,0.00309060,-0.00000000,0.00309060
28,27,1.00000000,0.00309060,-0.00000000,0.00309060
29,27,1.00000000,0.00309060,-0.00000000,0.00309060
30,27,1.00000000,0.00309060,-0.00000000,0.00309060
31,27,1.00000000,0.00309060,-0.00000000,0.00309060
32,27,1.00000000,0.00309060,-0.00000000,0.00309060
33,27,1.00000000,0.00309060,-0.00000000,0.00309060
34,27,1.00000000,0.00309060,-0.00000000,0.00309060
35,27,1.00000000,0.00309060,-0.00000000,0.00309060
36,27,1.00000000,0.00309060,-0.00000000,0.00309060
37,27,1.00000000,0.00309060,-0.00000000,0.00309060
38,27,1.00000000,0.00309060,-0.00000000,0.00309060
39,27,1.00000000,0.00309060,-0.00000000,0.00309060
40,27,1.00000000,0.00309060,-0.00000000,0.00309060
41,27,1.00000000,0.00309060,-0.00000000,0.00309060
42,27,1.00000000,0.00309060,-0.00000000,0.00309060
43,27,1.00000000,0.00309060,-0.00000000,0.00309060
44,27,1.00000000,0.00309060,-0.00000000,0.00309060
45,27,1.00000000,0.00309060,-0.00000000,0.00309060
46,27,1.00000000,0.00309060,-0.00000000,0.00309060
47,27,1.00000000,0.00309060,-0.00000000,0.00309060
48,27,1.00000000,0.00309060,-0.00000000,0.00309060
49,27,1.00000000,0.00309060,-0.00000000,0.00309060
50,27,1.00000000,0.00309060,-0.00000000,0.00309060
51,27,1.00000000,0.00309060,-0.00000000,0.00309060
52,27,1.00000000,0.00309060,-0.00000000,0.00309060
53,27,1.00000000,0.00309060,-0.00000000,0.00309060
54,27,1.00000000,0.00309060,-0.00000000,0.00309060
55,27,1.00000000,0.00309060,-0.00000000,0.00309060
56,27,1.00000000,0.00309060,-0.00000000,0.00309060
57,27,1.00000000,0.00309060,-0.00000000,0.00309060
58,27,1.00000000,0.00309060,-0.00000000,0.00309060
59,27,1.00000000,0.00309060,-0.00000000,0.00309060
60,27,1.00000000,0.00309060,-0.00000000,0.00309060
61,27,1.00000000,0.00309060,-0.00000000,0.00309060
62,27,1.00000000,0.00309060,-0.00000000,0.00309060
63,27,1.00000000,0.00309060,-0.00000000,0.00309060
64,27,1.00000000,0.00309060,-0.00000000,0.00309060
65,27,1.00000000,0.00309060,-0.00000000,0.00309060
66,27,1.00000000,0.00309060,-0.00000000,0.00309060
67,27,1.00000000,0.00309060,-0.00000000,0.00309060
68,27,1.00000000,0.00309060,-0.00000000,0.00309060
69,27,1.00000000,0.00309060,-0.00000000,0.00309060
70,27,1.00000000,0.00309060,-0.00000000,0.00309060
71,27,1.00000000,0.00309060,-0.00000000,0.00309060
72,27,1.00000000,0.00309060,-0.00000000,0.00309060
73,27,1.00000000,0.00309060,-0.00000000,0.00309060
74,27,1.00000000,0.00309060,-0.00000000,0.00309060
75,27,1.00000000,0.00309060,-0.00000000,0.00309060
76,27,1.00000000,0.00309060,-0.00000000,0.00309060
77,27,1.00000000,0.00309060,-0.00000000,0.00309060
78,27,1.00000000,0.00309060,-0.00000000,0.00309060
79,27,1.00000000,0.00309060,-0.00000000,0.00309060
80,27,1.00000000,0.00309060,-0.00000000,0.00309060
81,27,1.00000000,0.00309060,-0.00000000,0.00309060
82,27,1.00000000,0.00309060,-0.00000000,0.00309060
83,27,1.00000000,0.00309060,-0.00000000,0.00309060
84,27,1.00000000,0.00309060,-0.00000000,0.00309060
85,27,1.00000000,0.00309060,-0.00000000,0.00309060
86,27,1.00000000,0.00309060,-0.00000000,0.00309060
87,27,1.00000000,0.00309060,-0.00000000,0.00309060
88,27,1.00000000,0.00309060,-0.00000000,0.00309060
89,27,1.00000000,0.00309060,-0.00000000,0.00309060
90,27,1.00000000,0.00309060,-0.00000000,0.00309060
91,27,1.00000000,0.00309060,-0.00000000,0.00309060
92,27,1.00000000,0.00309060,-0.00000000,0.00309060
93,27,1.00000000,0.00309060,-0.00000000,0.00309060
94,27,1.00000000,0.00309060,-0.00000000,0.00309060
95,27,1.00000000,0.00309060,-0.00000000,0.00309060
96,27,1.00000000,0.00309060,-0.00000000,0.00309060
97,27,1.00000000,0.00309060,-0.00000000,0.00309060
98,27,1.00000000,0.00309060,-0.00000000,0.00309060
99,27,1.00000000,0.00309060,-0.00000000,0.00309060
100,27,1.00000000,0.00309060,-0.00000000,0.00309060
101,27,1.00000000,0.00309060,-0.00000000,0.00309060
102,27,1.00000000,0.00309060,-0.00000000,0.00309060
103,27,1.00000000,0.00309060,-0.00000000,0.00309060
104,27,1.00000000,0.00309060,-0.00000000,0.00309060
105,27,1.00000000,0.00309060,-0.00000000,0.00309060
106,27,1.00000000,0.00309060,-0.00000000,0.00309060
107,27,1.00000000,0.00309060,-0.00000000,0.00309060
108,27,1.00000000,0.00309060,-0.00000000,0.00309060
109,27,1.00000000,0.00309060,-0.00000000,0.00309060
110,27,1.00000000,0.00309060,-0.00000000,0.00309060
111,27,1.00000000,0.00309060,-0.00000000,0.00309060
112,27,1.00000000,0.00309060,-0.00000000,0.00309060
113,27,1.00000000,0.00309060,-0.00000000,0.00309060
114,27,1.00000000,0.00309060,-0.00000000,0.00309060
115,27,1.00000000,0.00309060,-0.00000000,0.00309060
116,27,1.00000000,0.00309060,-0.00000000,0.00309060
117,27,1.00000000,0.00309060,-0.00000000,0.00309060
118,27,1.00000000,0.00309060,-0.00000000,0.00309060
119,27,1.00000000,0.00309060,-0.00000000,0.00309060
120,27,1.00000000,0.00309060,-0.00000000,0.00309060
121,27,1.00000000,0.00309060,-0.00000000,0.00309060
122,27,1.00000000,0.00309060,-0.00000000,0.00309060
123,27,1.00000000,0.00309060,-0.00000000,0.00309060
124,27,1.00000000,0.00309060,-0.00000000,0.00309060
125,27,1.00000000,0.00309060,-0.00000000,0.00309060
126,27,1.00000000,0.00309060,-0.00000000,0.00309060
127,27,1.00000000,0.00309060,-0.00000000,0.00309060
128,27,1.00000000,0.00309060,-0.00000000,0.00309060
129,27,1.00000000,0.00309060,-0.00000000,0.00309060
130,27,1.00000000,0.00309060,-0.00000000,0.00309060
131,27,1.00000000,0.00309060,-0.00000000,0.00309060
132,27,1.00000000,0.00309060,-0.00000000,0.00309060
133,27,1.00000000,0.00309060,-0.00000000,0.00309060
134,27,1.00000000,0.00309060,-0.00000000,0.00309060
135,27,1.00000000,0.00309060,-0.00000000,0.00309060
136,27,1.00000000,0.00309060,-0.00000000,0.00309060
137,27,1.00000000,0.00309060,-0.00000000,0.00309060
138,27,1.00000000,0.00309060,-0.00000000,0.00309060
139,27,1.00000000,0.00309060,-0.00000000,0.00309060
140,27,1.00000000,0.00309060,-0.00000000,0.00309060
141,27,1.00000000,0.00309060,-0.00000000,0.00309060
142,27,1.00000000,0.00309060,-0.00000000,0.00309060
143,27,1.00000000,0.00309060,-0.00000000,0.00309060
144,27,1.00000000,0.00309060,-0.00000000,0.00309060
145,27,1.00000000,0.00309060,-0.00000000,0.00309060
146,27,1.00000000,0.00309060,-0.00000000,0.00309060
147,27,1.00000000,0.00309060,-0.00000000,0.00309060
148,27,1.00000000,0.00309060,-0.00000000,0.00309060
149,27,1.00000000,0.00309060,-0.00000000,0.00309060
150,27,1.00000000,0.00309060,-0.00000000,0.00309060
151,27,1.00000000,0.00309060,-0.00000000,0.00309060
152,27,1.00000000,0.00309060,-0.00000000,0.00309060
153,27,1.00000000,0.00309060,-0.00000000,0.00309060
154,27,1.00000000,0.00309060,-0.00000000,0.00309060
155,27,1.00000000,0.00309060,-0.00000000,0.00309060
156,27,1.00000000,0.00309060,-0.00000000,0.00309060
157,27,1.00000000,0.00309060,-0.00000000,0.00309060
158,27,1.00000000,0.00309060,-0.00000000,0.00309060
159,27,1.00000000,0.00309060,-0.00000000,0.00309060
0,28,1.00000000,0.00306063,0.00000000,0.00306063
1,28,1.00000000,0.00306063,0.00000000,0.00306063
2,28,1.00000000,0.00306063,0.00000000,0.00306063
3,28,1.00000000,0.00306063,0.00000000,0.00306063
4,28,1.00000000,0.00306063,0.00000000,0.00306063
5,28,1.00000000,0.00306063,0.00000000,0.00306063
6,28,1.00000000,0.00306063,0.00000000,0.00306063
7,28,1.00000000,0.00306063,0.00000000,0.00306063
8,28,1.00000000,0.00306063,0.00000000,0.00306063
9,28,1.00000000,0.00306063,0.00000000,0.00306063
10,28,1.00000000,0.00306063,0.00000000,0.00306063
11,28,1.00000000,0.00306063,0.00000000,0.00306063
12,28,1.00000000,0.00306063,0.00000000,0.00306063
13,28,1.00000000,0.00306063,0.00000000,0.00306063
14,28,1.00000000,0.00306063,0.00000000,0.00306063
15,28,1.00000000,0.00306063,0.00000000,0.00306063
16,28,1.00000000,0.00306063,0.00000000,0.00306063
17,28,1.00000000,0.00306063,0.00000000,0.00306063
18,28,1.00000000,0.00306063,0.00000000,0.00306063
19,28,1.00000000,0.00306063,0.00000000,0.00306063
20,28,1.00000000,0.00306063,0.00000000,0.00306063
21,28,1.00000000,0.00306063,0.00000000,0.00306063
22,28,1.00000000,0.00306063,0.00000000,0.00306063
23,28,1.00000000,0.00306063,0.00000000,0.00306063
24,28,1.00000000,0.00306063,0.00000000,0.00306063
25,28,1.00000000,0.00306063,0.00000000,0.00306063
26,28,1.00000000,0.00306063,0.00000000,0.00306063
27,28,1.00000000,0.00306063,0.00000000,0.00306063
28,28,1.00000000,0.00306063,0.00000000,0.00306063
29,28,1.00000000,0.00306063,0.00000000,0.00306063
30,28,1.00000000,0.00306063,0.00000000,0.00306063
31,28,1.00000000,0.00306063,0.00000000,0.00306063
32,28,1.00000000,0.00306063,0.00000000,0.00306063
33,28,1.00000000,0.00306063,0.00000000,0.00306063
34,28,1.00000000,0.00306063,0.00000000,0.00306063
35,28,1.00000000,0.00306063,0.00000000,0.00306063
36,28,1.00000000,0.00306063,0.00000000,0.00306063
37,28,1.00000000,0.00306063,0.00000000,0.00306063
38,28,1.00000000,0.00306063,0.00000000,0.00306063
39,28,1.00000000,0.00306063,0.00000000,0.00306063
40,28,1.00000000,0.00306063,0.00000000,0.00306063
41,28,1.00000000,0.00306063,0.00000000,0.00306063
42,28,1.00000000,0.00306063,0.00000000,0.00306063
43,28,1.00000000,0.00306063,0.00000000,0.00306063
44,28,1.00000000,0.00306063,0.00000000,0.00306063
45,28,1.00000000,0.00306063,0.00000000,0.00306063
46,28,1.00000000,0.00306063,0.00000000,0.00306063
47,28,1.00000000,0.00306063,0.00000000,0.00306063
48,28,1.00000000,0.00306063,0.00000000,0.00306063
49,28,1.00000000,0.00306063,0.00000000,0.00306063
50,28,1.00000000,0.00306063,0.00000000,0.00306063
51,28,1.00000000,0.00306063,0.00000000,0.00306063
52,28,1.00000000,0.00306063,0.00000000,0.00306063
53,28,1.00000000,0.00306063,0.00000000,0.00306063
54,28,1.00000000,0.00306063,0.00000000,0.00306063
55,28,1.00000000,0.00306063,0.00000000,0.00306063
56,28,1.00000000,0.00306063,0.00000000,0.00306063
57,28,1.00000000,0.00306063,0.00000000,0.00306063
58,28,1.00000000,0.00306063,0.00000000,0.00306063
59,28,1.00000000,0.00306063,0.00000000,0.00306063
60,28,1.00000000,0.00306063,0.00000000,0.00306063
61,28,1.00000000,0.00306063,0.00000000,0.00306063
62,28,1.00000000,0.00306063,0.00000000,0.00306063
63,28,1.00000000,0.00306063,0.00000000,0.00306063
64,28,1.00000000,0.00306063,0.00000000,0.00306063
65,28,1.00000000,0.00306063,0.00000000,0.00306063
66,28,1.00000000,0.00306063,0.00000000,0.00306063
67,28,1.00000000,0.00306063,0.00000000,0.00306063
68,28,1.00000000,0.00306063,0.00000000,0.00306063
69,28,1.00000000,0.00306063,0.00000000,0.00306063
70,28,1.00000000,0.00306063,0.00000000,0.00306063
71,28,1.00000000,0.00306063,0.00000000,0.00306063
72,28,1.00000000,0.00306063,0.00000000,0.00306063
73,28,1.00000000,0.00306063,0.00000000,0.00306063
74,28,1.00000000,0.00306063,0.00000000,0.00306063
75,28,1.00000000,0.00306063,0.00000000,0.00306063
76,28,1.00000000,0.00306063,0.00000000,0.00306063
77,28,1.00000000,0.00306063,0.00000000,0.00306063
78,28,1.00000000,0.00306063,0.00000000,0.00306063
79,28,1.00000000,0.00306063,0.00000000,0.00306063
80,28,1.00000000,0.00306063,0.00000000,0.00306063
81,28,1.00000000,0.00306063,0.00000000,0.00306063
82,28,1.00000000,0.00306063,0.00000000,0.00306063
83,28,1.00000000,0.00306063,0.00000000,0.00306063
84,28,1.00000000,0.00306063,0.00000000,0.00306063
85,28,1.00000000,0.00306063,0.00000000,0.00306063
86,28,1.00000000,0.00306063,0.00000000,0.00306063
87,28,1.00000000,0.00306063,0.00000000,0.00306063
88,28,1.00000000,0.00306063,0.00000000,0.00306063
89,28,1.00000000,0.00306063,0.00000000,0.00306063
90,28,1.00000000,0.00306063,0.00000000,0.00306063
91,28,1.00000000,0.00306063,0.00000000,0.00306063
92,28,1.00000000,0.00306063,0.00000000,0.00306063
93,28,1.00000000,0.00306063,0.00000000,0.00306063
94,28,1.00000000,0.00306063,0.00000000,0.00306063
95,28,1.00000000,0.00306063,0.00000000,0.00306063
96,28,1.00000000,0.00306063,0.00000000,0.00306063
97,28,1.00000000,0.00306063,0.00000000,0.00306063
98,28,1.00000000,0.00306063,0.00000000,0.00306063
99,28,1.00000000,0.00306063,0.00000000,0.00306063
100,28,1.00000000,0.00306063,0.00000000,0.00306063
101,28,1.00000000,0.00306063,0.00000000,0.00306063
102,28,1.00000000,0.00306063,0.00000000,0.00306063
103,28,1.00000000,0.00306063,0.00000000,0.00306063
104,28,1.00000000,0.00306063,0.00000000,0.00306063
105,28,1.00000000,0.00306063,0.00000000,0.00306063
106,28,1.00000000,0.00306063,0.00000000,0.00306063
107,28,1.00000000,0.00306063,0.00000000,0.00306063
108,28,1.00000000,0.00306063,0.00000000,0.00306063
109,28,1.00000000,0.00306063,0.00000000,0.00306063
110,28,1.00000000,0.00306063,0.00000000,0.00306063
111,28,1.00000000,0.00306063,0.00000000,0.00306063
112,28,1.00000000,0.00306063,0.00000000,0.00306063
113,28,1.00000000,0.00306063,0.00000000,0.00306063
114,28,1.00000000,0.00306063,0.00000000,0.00306063
115,28,1.00000000,0.00306063,0.00000000,0.00306063
116,28,1.00000000,0.00306063,0.00000000,0.00306063
117,28,1.00000000,0.00306063,0.00000000,0.00306063
118,28,1.00000000,0.00306063,0.00000000,0.00306063
119,28,1.00000000,0.00306063,0.00000000,0.00306063
120,28,1.00000000,0.00306063,0.00000000,0.00306063
121,28,1.00000000,0.00306063,0.00000000,0.00306063
122,28,1.00000000,0.00306063,0.00000000,0.00306063
123,28,1.00000000,0.00306063,0.00000000,0.00306063
124,28,1.00000000,0.00306063,0.00000000,0.00306063
125,28,1.00000000,0.00306063,0.00000000,0.00306063
126,28,1.00000000,0.00306063,0.00000000,0.00306063
127,28,1.00000000,0.00306063,0.00000000,0.00306063
128,28,1.00000000,0.00306063,0.00000000,0.00306063
129,28,1.00000000,0.00306063,0.00000000,0.00306063
130,28,1.00000000,0.00306063,0.00000000,0.00306063
131,28,1.00000000,0.00306063,0.00000000,0.00306063
132,28,1.00000000,0.00306063,0.00000000,0.00306063
133,28,1.00000000,0.00306063,0.00000000,0.00306063
134,28,1.00000000,0.00306063,0.00000000,0.00306063
135,28,1.00000000,0.00306063,0.00000000,0.00306063
136,28,1.00000000,0.00306063,0.00000000,0.00306063
137,28,1.00000000,0.00306063,0.00000000,0.00306063
138,28,1.00000000,0.00306063,0.00000000,0.00306063
139,28,1.00000000,0.00306063,0.00000000,0.00306063
140,28,1.00000000,0.00306063,0.00000000,0.00306063
141,28,1.00000000,0.00306063,0.00000000,0.00306063
142,28,1.00000000,0.00306063,0.00000000,0.00306063
143,28,1.00000000,0.00306063,0.00000000,0.00306063
144,28,1.00000000,0.00306063,0.00000000,0.00306063
145,28,1.00000000,0.00306063,0.00000000,0.00306063
146,28,1.00000000,0.00306063,0.00000000,0.00306063
147,28,1.00000000,0.00306063,0.00000000,0.00306063
148,28,1.00000000,0.00306063,0.00000000,0.00306063
149,28,1.00000000,0.00306063,0.00000000,0.00306063
150,28,1.00000000,0.00306063,0.00000000,0.00306063
151,28,1.00000000,0.00306063,0.00000000,0.00306063
152,28,1.00000000,0.00306063,0.00000000,0.00306063
153,28,1.00000000,0.00306063,0.00000000,0.00306063
154,28,1.00000000,0.00306063,0.00000000,0.00306063
155,28,1.00000000,0.00306063,0.00000000,0.00306063
156,28,1.00000000,0.00306063,0.00000000,0.00306063
157,28,1.00000000,0.00306063,0.00000000,0.00306063
158,28,1.00000000,0.00306063,0.00000000,0.00306063
159,28,1.00000000,0.00306063,0.00000000,0.00306063
0,29,1.00000000,0.00302067,-0.00000000,0.00302067
1,29,1.00000000,0.00302067,-0.00000000,0.00302067
2,29,1.00000000,0.00302067,-0.00000000,0.00302067
3,29,1.00000000,0.00302067,-0.00000000,0.00302067
4,29,1.00000000,0.00302067,-0.00000000,0.00302067
5,29,1.00000000,0.00302067,-0.00000000,0.00302067
6,29,1.00000000,0.00302067,-0.00000000,0.00302067
7,29,1.00000000,0.00302067,-0.00000000,0.00302067
8,29,1.00000000,0.00302067,-0.00000000,0.00302067
9,29,1.00000000,0.00302067,-0.00000000,0.00302067
10,29,1.00000000,0.00302067,-0.00000000,0.00302067
11,29,1.00000000,0.00302067,-0.00000000,0.00302067
12,29,1.00000000,0.00302067,-0.00000000,0.00302067
13,29,1.00000000,0.00302067,-0.00000000,0.00302067
14,29,1.00000000,0.00302067,-0.00000000,0.00302067
15,29,1.00000000,0.00302067,-0.00000000,0.00302067
16,29,1.00000000,0.00302067,-0.00000000,0.00302067
17,29,1.00000000,0.00302067,-0.00000000,0.00302067
18,29,1.00000000,0.00302067,-0.00000000,0.00302067
19,29,1.00000000,0.00302067,-0.00000000,0.00302067
20,29,1.00000000,0.00302067,-0.00000000,0.00302067
21,29,1.00000000,0.00302067,-0.00000000,0.00302067
22,29,1.00000000,0.00302067,-0.00000000,0.00302067
23,29,1.00000000,0.00302067,-0.00000000,0.00302067
24,29,1.00000000,0.00302067,-0.00000000,0.00302067
25,29,1.00000000,0.00302067,-0.00000000,0.00302067
26,29,1.00000000,0.00302067,-0.00000000,0.00302067
27,29,1.00000000,0.00302067,-0.00000000,0.00302067
28,29,1.00000000,0.00302067,-0.00000000,0.00302067
29,29,1.00000000,0.00302067,-0.00000000,0.00302067
30,29,1.00000000,0.00302067,-0.00000000,0.00302067
31,29,1.00000000,0.00302067,-0.00000000,0.00302067
32,29,1.00000000,0.00302067,-0.00000000,0.00302067
33,29,1.00000000,0.00302067,-0.00000000,0.00302067
34,29,1.00000000,0.00302067,-0.00000000,0.00302067
35,29,1.00000000,0.00302067,-0.00000000,0.00302067
36,29,1.00000000,0.00302067,-0.00000000,0.00302067
37,29,1.00000000,0.00302067,-0.00000000,0.00302067
38,29,1.00000000,0.00302067,-0.00000000,0.00302067
39,29,1.00000000,0.00302067,-0.00000000,0.00302067
40,29,1.00000000,0.00302067,-0.00000000,0.00302067
41,29,1.00000000,0.00302067,-0.00000000,0.00302067
42,29,1.00000000,0.00302067,-0.00000000,0.00302067
43,29,1.00000000,0.00302067,-0.00000000,0.00302067
44,29,1.00000000,0.00302067,-0.00000000,0.00302067
45,29,1.00000000,0.00302067,-0.00000000,0.00302067
46,29,1.00000000,0.00302067,-0.00000000,0.00302067
47,29,1.00000000,0.00302067,-0.00000000,0.00302067
48,29,1.00000000,0.00302067,-0.00000000,0.00302067
49,29,1.00000000,0.00302067,-0.00000000,0.00302067
50,29,1.00000000,0.00302067,-0.00000000,0.00302067
51,29,1.00000000,0.00302067,-0.00000000,0.00302067
52,29,1.00000000,0.00302067,-0.00000000,0.00302067
53,29,1.00000000,0.00302067,-0.00000000,0.00302067
54,29,1.00000000,0.00302067,-0.00000000,0.00302067
55,29,1.00000000,0.00302067,-0.00000000,0.00302067
56,29,1.00000000,0.00302067,-0.00000000,0.00302067
57,29,1.00000000,0.00302067,-0.00000000,0.00302067
58,29,1.00000000,0.00302067,-0.00000000,0.00302067
59,29,1.00000000,0.00302067,-0.00000000,0.00302067
60,29,1.00000000,0.00302067,-0.00000000,0.00302067
61,29,1.00000000,0.00302067,-0.00000000,0.00302067
62,29,1.00000000,0.00302067,-0.00000000,0.00302067
63,29,1.00000000,0.00302067,-0.00000000,0.00302067
64,29,1.00000000,0.00302067,-0.00000000,0.00302067
65,29,1.00000000,0.00302067,-0.00000000,0.00302067
66,29,1.00000000,0.00302067,-0.00000000,0.00302067
67,29,1.00000000,0.00302067,-0.00000000,0.00302067
68,29,1.00000000,0.00302067,-0.00000000,0.00302067
69,29,1.00000000,0.00302067,-0.00000000,0.00302067
70,29,1.00000000,0.00302067,-0.00000000,0.00302067
71,29,1.00000000,0.00302067,-0.00000000,0.00302067
72,29,1.00000000,0.00302067,-0.00000000,0.00302067
73,29,1.00000000,0.00302067,-0.00000000,0.00302067
74,29,1.00000000,0.00302067,-0.00000000,0.00302067
75,29,1.00000000,0.00302067,-0.00000000,0.00302067
76,29,1.00000000,0.00302067,-0.00000000,0.00302067
77,29,1.00000000,0.00302067,-0.00000000,0.00302067
78,29,1.00000000,0.00302067,-0.00000000,0.00302067
79,29,1.00000000,0.00302067,-0.00000000,0.00302067
80,29,1.00000000,0.00302067,-0.00000000,0.00302067
81,29,1.00000000,0.00302067,-0.00000000,0.00302067
82,29,1.00000000,0.00302067,-0.00000000,0.00302067
83,29,1.00000000,0.00302067,-0.00000000,0.00302067
84,29,1.00000000,0.00302067,-0.00000000,0.00302067
85,29,1.00000000,0.00302067,-0.00000000,0.00302067
86,29,1.00000000,0.00302067,-0.00000000,0.00302067
87,29,1.00000000,0.00302067,-0.00000000,0.00302067
88,29,1.00000000,0.00302067,-0.00000000,0.00302067
89,29,1.00000000,0.00302067,-0.00000000,0.00302067
90,29,1.00000000,0.00302067,-0.00000000,0.00302067
91,29,1.00000000,0.00302067,-0.00000000,0.00302067
92,29,1.00000000,0.00302067,-0.00000000,0.00302067
93,29,1.00000000,0.00302067,-0.00000000,0.00302067
94,29,1.00000000,0.00302067,-0.00000000,0.00302067
95,29,1.00000000,0.00302067,-0.00000000,0.00302067
96,29,1.00000000,0.00302067,-0.00000000,0.00302067
97,29,1.00000000,0.00302067,-0.00000000,0.00302067
98,29,1.00000000,0.00302067,-0.00000000,0.00302067
99,29,1.00000000,0.00302067,-0.00000000,0.00302067
100,29,1.00000000,0.00302067,-0.00000000,0.00302067
101,29,1.00000000,0.00302067,-0.00000000,0.00302067
102,29,1.00000000,0.00302067,-0.00000000,0.00302067
103,29,1.00000000,0.00302067,-0.00000000,0.00302067
104,29,1.00000000,0.00302067,-0.00000000,0.00302067
105,29,1.00000000,0.00302067,-0.00000000,0.00302067
106,29,1.00000000,0.00302067,-0.00000000,0.00302067
107,29,1.00000000,0.00302067,-0.00000000,0.00302067
108,29,1.00000000,0.00302067,-0.00000000,0.00302067
109,29,1.00000000,0.00302067,-0.00000000,0.00302067
110,29,1.00000000,0.00302067,-0.00000000,0.00302067
111,29,1.00000000,0.00302067,-0.00000000,0.00302067
112,29,1.00000000,0.00302067,-0.00000000,0.00302067
113,29,1.00000000,0.00302067,-0.00000000,0.00302067
114,29,1.00000000,0.00302067,-0.00000000,0.00302067
115,29,1.00000000,0.00302067,-0.00000000,0.00302067
116,29,1.00000000,0.00302067,-0.00000000,0.00302067
117,29,1.00000000,0.00302067,-0.00000000,0.00302067
118,29,1.00000000,0.00302067,-0.00000000,0.00302067
119,29,1.00000000,0.00302067,-0.00000000,0.00302067
120,29,1.00000000,0.00302067,-0.00000000,0.00302067
121,29,1.00000000,0.00302067,-0.00000000,0.00302067
122,29,1.00000000,0.00302067,-0.00000000,0.00302067
123,29,1.00000000,0.00302067,-0.00000000,0.00302067
124,29,1.00000000,0.00302067,-0.00000000,0.00302067
125,29,1.00000000,0.00302067,-0.00000000,0.00302067
126,29,1.00000000,0.00302067,-0.00000000,0.00302067
127,29,1.00000000,0.00302067,-0.00000000,0.00302067
128,29,1.00000000,0.00302067,-0.00000000,0.00302067
129,29,1.00000000,0.00302067,-0.00000000,0.00302067
130,29,1.00000000,0.00302067,-0.00000000,0.00302067
131,29,1.00000000,0.00302067,-0.00000000,0.00302067
132,29,1.00000000,0.00302067,-0.00000000,0.00302067
133,29,1.00000000,0.00302067,-0.00000000,0.00302067
134,29,1.00000000,0.00302067,-0.00000000,0.00302067
135,29,1.00000000,0.00302067,-0.00000000,0.00302067
136,29,1.00000000,0.00302067,-0.00000000,0.00302067
137,29,1.00000000,0.00302067,-0.00000000,0.00302067
138,29,1.00000000,0.00302067,-0.00000000,0.00302067
139,29,1.00000000,0.00302067,-0.00000000,0.00302067
140,29,1.00000000,0.00302067,-0.00000000,0.00302067
141,29,1.00000000,0.00302067,-0.00000000,0.00302067
142,29,1.00000000,0.00302067,-0.00000000,0.00302067
143,29,1.00000000,0.00302067,-0.00000000,0.00302067
144,29,1.00000000,0.00302067,-0.00000000,0.00302067
145,29,1.00000000,0.00302067,-0.00000000,0.00302067
146,29,1.00000000,0.00302067,-0.00000000,0.00302067
147,29,1.00000000,0.00302067,-0.00000000,0.00302067
148,29,1.00000000,0.00302067,-0.00000000,0.00302067
149,29,1.00000000,0.00302067,-0.00000000,0.00302067
150,29,1.00000000,0.00302067,-0.00000000,0.00302067
151,29,1.00000000,0.00302067,-0.00000000,0.00302067
152,29,1.00000000,0.00302067,-0.00000000,0.00302067
153,29,1.00000000,0.00302067,-0.00000000,0.00302067
154,29,1.00000000,0.00302067,-0.00000000,0.00302067
155,29,1.00000000,0.00302067,-0.00000000,0.00302067
156,29,1.00000000,0.00302067,-0.00000000,0.00302067
157,29,1.00000000,0.00302067,-0.00000000,0.00302067
158,29,1.00000000,0.00302067,-0.00000000,0.00302067
159,29,1.00000000,0.00302067,-0.00000000,0.00302067
0,30,1.00000000,0.00297072,0.00000000,0.00297072
1,30,1.00000000,0.00297072,0.00000000,0.00297072
2,30,1.00000000,0.00297072,0.00000000,0.00297072
3,30,1.00000000,0.00297072,0.00000000,0.00297072
4,30,1.00000000,0.00297072,0.00000000,0.00297072
5,30,1.00000000,0.00297072,0.00000000,0.00297072
6,30,1.00000000,0.00297072,0.00000000,0.00297072
7,30,1.00000000,0.00297072,0.00000000,0.00297072
8,30,1.00000000,0.00297072,0.00000000,0.00297072
9,30,1.00000000,0.00297072,0.00000000,0.00297072
10,30,1.00000000,0.00297072,0.00000000,0.00297072
11,30,1.00000000,0.00297072,0.00000000,0.00297072
12,30,1.00000000,0.00297072,0.00000000,0.00297072
13,30,1.00000000,0.00297072,0.00000000,0.00297072
14,30,1.00000000,0.00297072,0.00000000,0.00297072
15,30,1.00000000,0.00297072,0.00000000,0.00297072
16,30,1.00000000,0.00297072,0.00000000,0.00297072
17,30,1.00000000,0.00297072,0.00000000,0.00297072
18,30,1.00000000,0.00297072,0.00000000,0.00297072
19,30,1.00000000,0.00297072,0.00000000,0.00297072
20,30,1.00000000,0.00297072,0.00000000,0.00297072
21,30,1.00000000,0.00297072,0.00000000,0.00297072
22,30,1.00000000,0.00297072,0.00000000,0.00297072
23,30,1.00000000,0.00297072,0.00000000,0.00297072
24,30,1.00000000,0.00297072,0.00000000,0.00297072
25,30,1.00000000,0.00297072,0.00000000,0.00297072
26,30,1.00000000,0.00297072,0.00000000,0.00297072
27,30,1.00000000,0.00297072,0.00000000,0.00297072
28,30,1.00000000,0.00297072,0.00000000,0.00297072
29,30,1.00000000,0.00297072,0.00000000,0.00297072
30,30,1.00000000,0.00297072,0.00000000,0.00297072
31,30,1.00000000,0.00297072,0.00000000,0.00297072
32,30,1.00000000,0.00297072,0.00000000,0.00297072
33,30,1.00000000,0.00297072,0.00000000,0.00297072
34,30,1.00000000,0.00297072,0.00000000,0.00297072
35,30,1.00000000,0.00297072,0.00000000,0.00297072
36,30,1.00000000,0.00297072,0.00000000,0.00297072
37,30,1.00000000,0.00297072,0.00000000,0.00297072
38,30,1.00000000,0.00297072,0.00000000,0.00297072
39,30,1.00000000,0.00297072,0.00000000,0.00297072
40,30,1.00000000,0.00297072,0.00000000,0.00297072
41,30,1.00000000,0.00297072,0.00000000,0.00297072
42,30,1.00000000,0.00297072,0.00000000,0.00297072
43,30,1.00000000,0.00297072,0.00000000,0.00297072
44,30,1.00000000,0.00297072,0.00000000,0.00297072
45,30,1.00000000,0.00297072,0.00000000,0.00297072
46,30,1.00000000,0.00297072,0.00000000,0.00297072
47,30,1.00000000,0.00297072,0.00000000,0.00297072
48,30,1.00000000,0.00297072,0.00000000,0.00297072
49,30,1.00000000,0.00297072,0.00000000,0.00297072
50,30,1.00000000,0.00297072,0.00000000,0.00297072
51,30,1.00000000,0.00297072,0.00000000,0.00297072
52,30,1.00000000,0.00297072,0.00000000,0.00297072
53,30,1.00000000,0.00297072,0.00000000,0.00297072
54,30,1.00000000,0.00297072,0.00000000,0.00297072
55,30,1.00000000,0.00297072,0.00000000,0.00297072
56,30,1.00000000,0.00297072,0.00000000,0.00297072
57,30,1.00000000,0.00297072,0.00000000,0.00297072
58,30,1.00000000,0.00297072,0.00000000,0.00297072
59,30,1.00000000,0.00297072,0.00000000,0.00297072
60,30,1.00000000,0.00297072,0.00000000,0.00297072
61,30,1.00000000,0.00297072,0.00000000,0.00297072
62,30,1.00000000,0.00297072,0.00000000,0.00297072
63,30,1.00000000,0.00297072,0.00000000,0.00297072
64,30,1.00000000,0.00297072,0.00000000,0.00297072
65,30,1.00000000,0.00297072,0.00000000,0.00297072
66,30,1.00000000,0.00297072,0.00000000,0.00297072
67,30,1.00000000,0.00297072,0.00000000,0.00297072
68,30,1.00000000,0.00297072,0.00000000,0.00297072
69,30,1.00000000,0.00297072,0.00000000,0.00297072
70,30,1.00000000,0.00297072,0.00000000,0.00297072
71,30,1.00000000,0.00297072,0.00000000,0.00297072
72,30,1.00000000,0.00297072,0.00000000,0.00297072
73,30,1.00000000,0.00297072,0.00000000,0.00297072
74,30,1.00000000,0.00297072,0.00000000,0.00297072
75,30,1.00000000,0.00297072,0.00000000,0.00297072
76,30,1.00000000,0.00297072,0.00000000,0.00297072
77,30,1.00000000,0.00297072,0.00000000,0.00297072
78,30,1.00000000,0.00297072,0.00000000,0.00297072
79,30,1.00000000,0.00297072,0.00000000,0.00297072
80,30,1.00000000,0.00297072,0.00000000,0.00297072
81,30,1.00000000,0.00297072,0.00000000,0.00297072
82,30,1.00000000,0.00297072,0.00000000,0.00297072
83,30,1.00000000,0.00297072,0.00000000,0.00297072
84,30,1.00000000,0.00297072,0.00000000,0.00297072
85,30,1.00000000,0.00297072,0.00000000,0.00297072
86,30,1.00000000,0.00297072,0.00000000,0.00297072
87,30,1.00000000,0.00297072,0.00000000,0.00297072
88,30,1.00000000,0.00297072,0.00000000,0.00297072
89,30,1.00000000,0.00297072,0.00000000,0.00297072
90,30,1.00000000,0.00297072,0.00000000,0.00297072
91,30,1.00000000,0.00297072,0.00000000,0.00297072
92,30,1.00000000,0.00297072,0.00000000,0.00297072
93,30,1.00000000,0.00297072,0.00000000,0.00297072
94,30,1.00000000,0.00297072,0.00000000,0.00297072
95,30,1.00000000,0.00297072,0.00000000,0.00297072
96,30,1.00000000,0.00297072,0.00000000,0.00297072
97,30,1.00000000,0.00297072,0.00000000,0.00297072
98,30,1.00000000,0.00297072,0.00000000,0.00297072
99,30,1.00000000,0.00297072,0.00000000,0.00297072
100,30,1.00000000,0.00297072,0.00000000,0.00297072
101,30,1.00000000,0.00297072,0.00000000,0.00297072
102,30,1.00000000,0.00297072,0.00000000,0.00297072
103,30,1.00000000,0.00297072,0.00000000,0.00297072
104,30,1.00000000,0.00297072,0.00000000,0.00297072
105,30,1.00000000,0.00297072,0.00000000,0.00297072
106,30,1.00000000,0.00297072,0.00000000,0.00297072
107,30,1.00000000,0.00297072,0.00000000,0.00297072
108,30,1.00000000,0.00297072,0.00000000,0.00297072
109,30,1.00000000,0.00297072,0.00000000,0.00297072
110,30,1.00000000,0.00297072,0.00000000,0.00297072
111,30,1.00000000,0.00297072,0.00000000,0.00297072
112,30,1.00000000,0.00297072,0.00000000,0.00297072
113,30,1.00000000,0.00297072,0.00000000,0.00297072
114,30,1.00000000,0.00297072,0.00000000,0.00297072
115,30,1.00000000,0.00297072,0.00000000,0.00297072
116,30,1.00000000,0.00297072,0.00000000,0.00297072
117,30,1.00000000,0.00297072,0.00000000,0.00297072
118,30,1.00000000,0.00297072,0.00000000,0.00297072
119,30,1.00000000,0.00297072,0.00000000,0.00297072
120,30,1.00000000,0.00297072,0.00000000,0.00297072
121,30,1.00000000,0.00297072,0.00000000,0.00297072
122,30,1.00000000,0.00297072,0.00000000,0.00297072
123,30,1.00000000,0.00297072,0.00000000,0.00297072
124,30,1.00000000,0.00297072,0.00000000,0.00297072
125,30,1.00000000,0.00297072,0.00000000,0.00297072
126,30,1.00000000,0.00297072,0.00000000,0.00297072
127,30,1.00000000,0.00297072,0.00000000,0.00297072
128,30,1.00000000,0.00297072,0.00000000,0.00297072
129,30,1.00000000,0.00297072,0.00000000,0.00297072
130,30,1.00000000,0.00297072,0.00000000,0.00297072
131,30,1.00000000,0.00297072,0.00000000,0.00297072
132,30,1.00000000,0.00297072,0.00000000,0.00297072
133,30,1.00000000,0.00297072,0.00000000,0.00297072
134,30,1.00000000,0.00297072,0.00000000,0.00297072
135,30,1.00000000,0.00297072,0.00000000,0.00297072
136,30,1.00000000,0.00297072,0.00000000,0.00297072
137,30,1.00000000,0.00297072,0.00000000,0.00297072
138,30,1.00000000,0.00297072,0.00000000,0.00297072
139,30,1.00000000,0.00297072,0.00000000,0.00297072
140,30,1.00000000,0.00297072,0.00000000,0.00297072
141,30,1.00000000,0.00297072,0.00000000,0.00297072
142,30,1.00000000,0.00297072,0.00000000,0.00297072
143,30,1.00000000,0.00297072,0.00000000,0.00297072
144,30,1.00000000,0.00297072,0.00000000,0.00297072
145,30,1.00000000,0.00297072,0.00000000,0.00297072
146,30,1.00000000,0.00297072,0.00000000,0.00297072
147,30,1.00000000,0.00297072,0.00000000,0.00297072
148,30,1.00000000,0.00297072,0.00000000,0.00297072
149,30,1.00000000,0.00297072,0.00000000,0.00297072
150,30,1.00000000,0.00297072,0.00000000,0.00297072
151,30,1.00000000,0.00297072,0.00000000,0.00297072
152,30,1.00000000,0.00297072,0.00000000,0.00297072
153,30,1.00000000,0.00297072,0.00000000,0.00297072
154,30,1.00000000,0.00297072,0.00000000,0.00297072
155,30,1.00000000,0.00297072,0.00000000,0.00297072
156,30,1.00000000,0.00297072,0.00000000,0.00297072
157,30,1.00000000,0.00297072,0.00000000,0.00297072
158,30,1.00000000,0.00297072,0.00000000,0.00297072
159,30,1.00000000,0.00297072,0.00000000,0.00297072
0,31,1.00000000,0.00291078,-0.00000000,0.00291078
1,31,1.00000000,0.00291078,-0.00000000,0.00291078
2,31,1.00000000,0.00291078,-0.00000000,0.00291078
3,31,1.00000000,0.00291078,-0.00000000,0.00291078
4,31,1.00000000,0.00291078,-0.00000000,0.00291078
5,31,1.00000000,0.00291078,-0.00000000,0.00291078
6,31,1.00000000,0.00291078,-0.00000000,0.00291078
7,31,1.00000000,0.00291078,-0.00000000,0.00291078
8,31,1.00000000,0.00291078,-0.00000000,0.00291078
9,31,1.00000000,0.00291078,-0.00000000,0.00291078
10,31,1.00000000,0.00291078,-0.00000000,0.00291078
11,31,1.00000000,0.00291078,-0.00000000,0.00291078
12,31,1.00000000,0.00291078,-0.00000000,0.00291078
13,31,1.00000000,0.00291078,-0.00000000,0.00291078
14,31,1.00000000,0.00291078,-0.00000000,0.00291078
15,31,1.00000000,0.00291078,-0.00000000,0.00291078
16,31,1.00000000,0.00291078,-0.00000000,0.00291078
17,31,1.00000000,0.00291078,-0.00000000,0.00291078
18,31,1.00000000,0.00291078,-0.00000000,0.00291078
19,31,1.00000000,0.00291078,-0.00000000,0.00291078
20,31,1.00000000,0.00291078,-0.00000000,0.00291078
21,31,1.00000000,0.00291078,-0.00000000,0.00291078
22,31,1.00000000,0.00291078,-0.00000000,0.00291078
23,31,1.00000000,0.00291078,-0.00000000,0.00291078
24,31,1.00000000,0.00291078,-0.00000000,0.00291078
25,31,1.00000000,0.00291078,-0.00000000,0.00291078
26,31,1.00000000,0.00291078,-0.00000000,0.00291078
27,31,1.00000000,0.00291078,-0.00000000,0.00291078
28,31,1.00000000,0.00291078,-0.00000000,0.00291078
29,31,1.00000000,0.00291078,-0.00000000,0.00291078
30,31,1.00000000,0.00291078,-0.00000000,0.00291078
31,31,1.00000000,0.00291078,-0.00000000,0.00291078
32,31,1.00000000,0.00291078,-0.00000000,0.00291078
33,31,1.00000000,0.00291078,-0.00000000,0.00291078
34,31,1.00000000,0.00291078,-0.00000000,0.00291078
35,31,1.00000000,0.00291078,-0.00000000,0.00291078
36,31,1.00000000,0.00291078,-0.00000000,0.00291078
37,31,1.00000000,0.00291078,-0.00000000,0.00291078
38,31,1.00000000,0.00291078,-0.00000000,0.00291078
39,31,1.00000000,0.00291078,-0.00000000,0.00291078
40,31,1.00000000,0.00291078,-0.00000000,0.00291078
41,31,1.00000000,0.00291078,-0.00000000,0.00291078
42,31,1.00000000,0.00291078,-0.00000000,0.00291078
43,31,1.00000000,0.00291078,-0.00000000,0.00291078
44,31,1.00000000,0.00291078,-0.00000000,0.00291078
45,31,1.00000000,0.00291078,-0.00000000,0.00291078
46,31,1.00000000,0.00291078,-0.00000000,0.00291078
47,31,1.00000000,0.00291078,-0.00000000,0.00291078
48,31,1.00000000,0.00291078,-0.00000000,0.00291078
49,31,1.00000000,0.00291078,-0.00000000,0.00291078
50,31,1.00000000,0.00291078,-0.00000000,0.00291078
51,31,1.00000000,0.00291078,-0.00000000,0.00291078
52,31,1.00000000,0.00291078,-0.00000000,0.00291078
53,31,1.00000000,0.00291078,-0.00000000,0.00291078
54,31,1.00000000,0.00291078,-0.00000000,0.00291078
55,31,1.00000000,0.00291078,-0.00000000,0.00291078
56,31,1.00000000,0.00291078,-0.00000000,0.00291078
57,31,1.00000000,0.00291078,-0.00000000,0.00291078
58,31,1.00000000,0.00291078,-0.00000000,0.00291078
59,31,1.00000000,0.00291078,-0.00000000,0.00291078
60,31,1.00000000,0.00291078,-0.00000000,0.00291078
61,31,1.00000000,0.00291078,-0.00000000,0.00291078
62,31,1.00000000,0.00291078,-0.00000000,0.00291078
63,31,1.00000000,0.00291078,-0.00000000,0.00291078
64,31,1.00000000,0.00291078,-0.00000000,0.00291078
65,31,1.00000000,0.00291078,-0.00000000,0.00291078
66,31,1.00000000,0.00291078,-0.00000000,0.00291078
67,31,1.00000000,0.00291078,-0.00000000,0.00291078
68,31,1.00000000,0.00291078,-0.00000000,0.00291078
69,31,1.00000000,0.00291078,-0.00000000,0.00291078
70,31,1.00000000,0.00291078,-0.00000000,0.00291078
71,31,1.00000000,0.00291078,-0.00000000,0.00291078
72,31,1.00000000,0.00291078,-0.00000000,0.00291078
73,31,1.00000000,0.00291078,-0.00000000,0.00291078
74,31,1.00000000,0.00291078,-0.00000000,0.00291078
75,31,1.00000000,0.00291078,-0.00000000,0.00291078
76,31,1.00000000,0.00291078,-0.00000000,0.00291078
77,31,1.00000000,0.00291078,-0.00000000,0.00291078
78,31,1.00000000,0.00291078,-0.00000000,0.00291078
79,31,1.00000000,0.00291078,-0.00000000,0.00291078
80,31,1.00000000,0.00291078,-0.00000000,0.00291078
81,31,1.00000000,0.00291078,-0.00000000,0.00291078
82,31,1.00000000,0.00291078,-0.00000000,0.00291078
83,31,1.00000000,0.00291078,-0.00000000,0.00291078
84,31,1.00000000,0.00291078,-0.00000000,0.00291078
85,31,1.00000000,0.00291078,-0.00000000,0.00291078
86,31,1.00000000,0.00291078,-0.00000000,0.00291078
87,31,1.00000000,0.00291078,-0.00000000,0.00291078
88,31,1.00000000,0.00291078,-0.00000000,0.00291078
89,31,1.00000000,0.00291078,-0.00000000,0.00291078
90,31,1.00000000,0.00291078,-0.00000000,0.00291078
91,31,1.00000000,0.00291078,-0.00000000,0.00291078
92,31,1.00000000,0.00291078,-0.00000000,0.00291078
93,31,1.00000000,0.00291078,-0.00000000,0.00291078
94,31,1.00000000,0.00291078,-0.00000000,0.00291078
95,31,1.00000000,0.00291078,-0.00000000,0.00291078
96,31,1.00000000,0.00291078,-0.00000000,0.00291078
97,31,1.00000000,0.00291078,-0.00000000,0.00291078
98,31,1.00000000,0.00291078,-0.00000000,0.00291078
99,31,1.00000000,0.00291078,-0.00000000,0.00291078
100,31,1.00000000,0.00291078,-0.00000000,0.00291078
101,31,1.00000000,0.00291078,-0.00000000,0.00291078
102,31,1.00000000,0.00291078,-0.00000000,0.00291078
103,31,1.00000000,0.00291078,-0.00000000,0.00291078
104,31,1.00000000,0.00291078,-0.00000000,0.00291078
105,31,1.00000000,0.00291078,-0.00000000,0.00291078
106,31,1.00000000,0.00291078,-0.00000000,0.00291078
107,31,1.00000000,0.00291078,-0.00000000,0.00291078
108,31,1.00000000,0.00291078,-0.00000000,0.00291078
109,31,1.00000000,0.00291078,-0.00000000,0.00291078
110,31,1.00000000,0.00291078,-0.00000000,0.00291078
111,31,1.00000000,0.00291078,-0.00000000,0.00291078
112,31,1.00000000,0.00291078,-0.00000000,0.00291078
113,31,1.00000000,0.00291078,-0.00000000,0.00291078
114,31,1.00000000,0.00291078,-0.00000000,0.00291078
115,31,1.00000000,0.00291078,-0.00000000,0.00291078
116,31,1.00000000,0.00291078,-0.00000000,0.00291078
117,31,1.00000000,0.00291078,-0.00000000,0.00291078
118,31,1.00000000,0.00291078,-0.00000000,0.00291078
119,31,1.00000000,0.00291078,-0.00000000,0.00291078
120,31,1.00000000,0.00291078,-0.00000000,0.00291078
121,31,1.00000000,0.00291078,-0.00000000,0.00291078
122,31,1.00000000,0.00291078,-0.00000000,0.00291078
123,31,1.00000000,0.00291078,-0.00000000,0.00291078
124,31,1.00000000,0.00291078,-0.00000000,0.00291078
125,31,1.00000000,0.00291078,-0.00000000,0.00291078
126,31,1.00000000,0.00291078,-0.00000000,0.00291078
127,31,1.00000000,0.00291078,-0.00000000,0.00291078
128,31,1.00000000,0.00291078,-0.00000000,0.00291078
129,31,1.00000000,0.00291078,-0.00000000,0.00291078
130,31,1.00000000,0.00291078,-0.00000000,0.00291078
131,31,1.00000000,0.00291078,-0.00000000,0.00291078
132,31,1.00000000,0.00291078,-0.00000000,0.00291078
133,31,1.00000000,0.00291078,-0.00000000,0.00291078
134,31,1.00000000,0.00291078,-0.00000000,0.00291078
135,31,1.00000000,0.00291078,-0.00000000,0.00291078
136,31,1.00000000,0.00291078,-0.00000000,0.00291078
137,31,1.00000000,0.00291078,-0.00000000,0.00291078
138,31,1.00000000,0.00291078,-0.00000000,0.00291078
139,31,1.00000000,0.00291078,-0.00000000,0.00291078
140,31,1.00000000,0.00291078,-0.00000000,0.00291078
141,31,1.00000000,0.00291078,-0.00000000,0.00291078
142,31,1.00000000,0.00291078,-0.00000000,0.00291078
143,31,1.00000000,0.00291078,-0.00000000,0.00291078
144,31,1.00000000,0.00291078,-0.00000000,0.00291078
145,31,1.00000000,0.00291078,-0.00000000,0.00291078
146,31,1.00000000,0.00291078,-0.00000000,0.00291078
147,31,1.00000000,0.00291078,-0.00000000,0.00291078
148,31,1.00000000,0.00291078,-0.00000000,0.00291078
149,31,1.00000000,0.00291078,-0.00000000,0.00291078
150,31,1.00000000,0.00291078,-0.00000000,0.00291078
151,31,1.00000000,0.00291078,-0.00000000,0.00291078
152,31,1.00000000,0.00291078,-0.00000000,0.00291078
153,31,1.00000000,0.00291078,-0.00000000,0.00291078
154,31,1.00000000,0.00291078,-0.00000000,0.00291078
155,31,1.00000000,0.00291078,-0.00000000,0.00291078
156,31,1.00000000,0.00291078,-0.00000000,0.00291078
157,31,1.00000000,0.00291078,-0.00000000,0.00291078
158,31,1.00000000,0.00291078,-0.00000000,0.00291078
159,31,1.00000000,0.00291078,-0.00000000,0.00291078
0,32,1.00000000,0.00284084,0.00000000,0.00284084
1,32,1.00000000,0.00284084,0.00000000,0.00284084
2,32,1.00000000,0.00284084,0.00000000,0.00284084
3,32,1.00000000,0.00284084,0.00000000,0.00284084
4,32,1.00000000,0.00284084,0.00000000,0.00284084
5,32,1.00000000,0.00284084,0.00000000,0.00284084
6,32,1.00000000,0.00284084,0.00000000,0.00284084
7,32,1.00000000,0.00284084,0.00000000,0.00284084
8,32,1.00000000,0.00284084,0.00000000,0.00284084
9,32,1.00000000,0.00284084,0.00000000,0.00284084
10,32,1.00000000,0.00284084,0.00000000,0.00284084
11,32,1.00000000,0.00284084,0.00000000,0.00284084
12,32,1.00000000,0.00284084,0.00000000,0.00284084
13,32,1.00000000,0.00284084,0.00000000,0.00284084
14,32,1.00000000,0.00284084,0.00000000,0.00284084
15,32,1.00000000,0.00284084,0.00000000,0.00284084
16,32,1.00000000,0.00284084,0.00000000,0.00284084
17,32,1.00000000,0.00284084,0.00000000,0.00284084
18,32,1.00000000,0.00284084,0.00000000,0.00284084
19,32,1.00000000,0.00284084,0.00000000,0.00284084
20,32,1.00000000,0.00284084,0.00000000,0.00284084
21,32,1.00000000,0.00284084,0.00000000,0.00284084
22,32,1.00000000,0.00284084,0.00000000,0.00284084
23,32,1.00000000,0.00284084,0.00000000,0.00284084
24,32,1.00000000,0.00284084,0.00000000,0.00284084
25,32,1.00000000,0.00284084,0.00000000,0.00284084
26,32,1.00000000,0.00284084,0.00000000,0.00284084
27,32,1.00000000,0.00284084,0.00000000,0.00284084
28,32,1.00000000,0.00284084,0.00000000,0.00284084
29,32,1.00000000,0.00284084,0.00000000,0.00284084
30,32,1.00000000,0.00284084,0.00000000,0.00284084
31,32,1.00000000,0.00284084,0.00000000,0.00284084
32,32,1.00000000,0.00284084,0.00000000,0.00284084
33,32,1.00000000,0.00284084,0.00000000,0.00284084
34,32,1.00000000,0.00284084,0.00000000,0.00284084
35,32,1.00000000,0.00284084,0.00000000,0.00284084
36,32,1.00000000,0.00284084,0.00000000,0.00284084
37,32,1.00000000,0.00284084,0.00000000,0.00284084
38,32,1.00000000,0.00284084,0.00000000,0.00284084
39,32,1.00000000,0.00284084,0.00000000,0.00284084
40,32,1.00000000,0.00284084,0.00000000,0.00284084
41,32,1.00000000,0.00284084,0.00000000,0.00284084
42,32,1.00000000,0.00284084,0.00000000,0.00284084
43,32,1.00000000,0.00284084,0.00000000,0.00284084
44,32,1.00000000,0.00284084,0.00000000,0.00284084
45,32,1.00000000,0.00284084,0.00000000,0.00284084
46,32,1.00000000,0.00284084,0.00000000,0.00284084
47,32,1.00000000,0.00284084,0.00000000,0.00284084
48,32,1.00000000,0.00284084,0.00000000,0.00284084
49,32,1.00000000,0.00284084,0.00000000,0.00284084
50,32,1.00000000,0.00284084,0.00000000,0.00284084
51,32,1.00000000,0.00284084,0.00000000,0.00284084
52,32,1.00000000,0.00284084,0.00000000,0.00284084
53,32,1.00000000,0.00284084,0.00000000,0.00284084
54,32,1.00000000,0.00284084,0.00000000,0.00284084
55,32,1.00000000,0.00284084,0.00000000,0.00284084
56,32,1.00000000,0.00284084,0.00000000,0.00284084
57,32,1.00000000,0.00284084,0.00000000,0.00284084
58,32,1.00000000,0.00284084,0.00000000,0.00284084
59,32,1.00000000,0.00284084,0.00000000,0.00284084
60,32,1.00000000,0.00284084,0.00000000,0.00284084
61,32,1.00000000,0.00284084,0.00000000,0.00284084
62,32,1.00000000,0.00284084,0.00000000,0.00284084
63,32,1.00000000,0.00284084,0.00000000,0.00284084
64,32,1.00000000,0.00284084,0.00000000,0.00284084
65,32,1.00000000,0.00284084,0.00000000,0.00284084
66,32,1.00000000,0.00284084,0.00000000,0.00284084
67,32,1.00000000,0.00284084,0.00000000,0.00284084
68,32,1.00000000,0.00284084,0.00000000,0.00284084
69,32,1.00000000,0.00284084,0.00000000,0.00284084
70,32,1.00000000,0.00284084,0.00000000,0.00284084
71,32,1.00000000,0.00284084,0.00000000,0.00284084
72,32,1.00000000,0.00284084,0.00000000,0.00284084
73,32,1.00000000,0.00284084,0.00000000,0.00284084
74,32,1.00000000,0.00284084,0.00000000,0.00284084
75,32,1.00000000,0.00284084,0.00000000,0.00284084
76,32,1.00000000,0.00284084,0.00000000,0.00284084
77,32,1.00000000,0.00284084,0.00000000,0.00284084
78,32,1.00000000,0.00284084,0.00000000,0.00284084
79,32,1.00000000,0.00284084,0.00000000,0.00284084
80,32,1.00000000,0.00284084,0.00000000,0.00284084
81,32,1.00000000,0.00284084,0.00000000,0.00284084
82,32,1.00000000,0.00284084,0.00000000,0.00284084
83,32,1.00000000,0.00284084,0.00000000,0.00284084
84,32,1.00000000,0.00284084,0.00000000,0.00284084
85,32,1.00000000,0.00284084,0.00000000,0.00284084
86,32,1.00000000,0.00284084,0.00000000,0.00284084
87,32,1.00000000,0.00284084,0.00000000,0.00284084
88,32,1.00000000,0.00284084,0.00000000,0.00284084
89,32,1.00000000,0.00284084,0.00000000,0.00284084
90,32,1.00000000,0.00284084,0.00000000,0.00284084
91,32,1.00000000,0.00284084,0.00000000,0.00284084
92,32,1.00000000,0.00284084,0.00000000,0.00284084
93,32,1.00000000,0.00284084,0.00000000,0.00284084
94,32,1.00000000,0.00284084,0.00000000,0.00284084
95,32,1.00000000,0.00284084,0.00000000,0.00284084
96,32,1.00000000,0.00284084,0.00000000,0.00284084
97,32,1.00000000,0.00284084,0.00000000,0.00284084
98,32,1.00000000,0.00284084,0.00000000,0.00284084
99,32,1.00000000,0.00284084,0.00000000,0.00284084
100,32,1.00000000,0.00284084,0.00000000,0.00284084
101,32,1.00000000,0.00284084,0.00000000,0.00284084
102,32,1.00000000,0.00284084,0.00000000,0.00284084
103,32,1.00000000,0.00284084,0.00000000,0.00284084
104,32,1.00000000,0.00284084,0.00000000,0.00284084
105,32,1.00000000,0.00284084,0.00000000,0.00284084
106,32,1.00000000,0.00284084,0.00000000,0.00284084
107,32,1.00000000,0.00284084,0.00000000,0.00284084
108,32,1.00000000,0.00284084,0.00000000,0.00284084
109,32,1.00000000,0.00284084,0.00000000,0.00284084
110,32,1.00000000,0.00284084,0.00000000,0.00284084
111,32,1.00000000,0.00284084,0.00000000,0.00284084
112,32,1.00000000,0.00284084,0.00000000,0.00284084
113,32,1.00000000,0.00284084,0.00000000,0.00284084
114,32,1.00000000,0.00284084,0.00000000,0.00284084
115,32,1.00000000,0.00284084,0.00000000,0.00284084
116,32,1.00000000,0.00284084,0.00000000,0.00284084
117,32,1.00000000,0.00284084,0.00000000,0.00284084
118,32,1.00000000,0.00284084,0.00000000,0.00284084
119,32,1.00000000,0.00284084,0.00000000,0.00284084
120,32,1.00000000,0.00284084,0.00000000,0.00284084
121,32,1.00000000,0.00284084,0.00000000,0.00284084
122,32,1.00000000,0.00284084,0.00000000,0.00284084
123,32,1.00000000,0.00284084,0.00000000,0.00284084
124,32,1.00000000,0.00284084,0.00000000,0.00284084
125,32,1.00000000,0.00284084,0.00000000,0.00284084
126,32,1.00000000,0.00284084,0.00000000,0.00284084
127,32,1.00000000,0.00284084,0.00000000,0.00284084
128,32,1.00000000,0.00284084,0.00000000,0.00284084
129,32,1.00000000,0.00284084,0.00000000,0.00284084
130,32,1.00000000,0.00284084,0.00000000,0.00284084
131,32,1.00000000,0.00284084,0.00000000,0.00284084
132,32,1.00000000,0.00284084,0.00000000,0.00284084
133,32,1.00000000,0.00284084,0.00000000,0.00284084
134,32,1.00000000,0.00284084,0.00000000,0.00284084
135,32,1.00000000,0.00284084,0.00000000,0.00284084
136,32,1.00000000,0.00284084,0.00000000,0.00284084
137,32,1.00000000,0.00284084,0.00000000,0.00284084
138,32,1.00000000,0.00284084,0.00000000,0.00284084
139,32,1.00000000,0.00284084,0.00000000,0.00284084
140,32,1.00000000,0.00284084,0.00000000,0.00284084
141,32,1.00000000,0.00284084,0.00000000,0.00284084
142,32,1.00000000,0.00284084,0.00000000,0.00284084
143,32,1.00000000,0.00284084,0.00000000,0.00284084
144,32,1.00000000,0.00284084,0.00000000,0.00284084
145,32,1.00000000,0.00284084,0.00000000,0.00284084
146,32,1.00000000,0.00284084,0.00000000,0.00284084
147,32,1.00000000,0.00284084,0.00000000,0.00284084
148,32,1.00000000,0.00284084,0.00000000,0.00284084
149,32,1.00000000,0.00284084,0.00000000,0.00284084
150,32,1.00000000,0.00284084,0.00000000,0.00284084
151,32,1.00000000,0.00284084,0.00000000,0.00284084
152,32,1.00000000,0.00284084,0.00000000,0.00284084
153,32,1.00000000,0.00284084,0.00000000,0.00284084
154,32,1.00000000,0.00284084,0.00000000,0.00284084
155,32,1.00000000,0.00284084,0.00000000,0.00284084
156,32,1.00000000,0.00284084,0.00000000,0.00284084
157,32,1.00000000,0.00284084,0.00000000,0.00284084
158,32,1.00000000,0.00284084,0.00000000,0.00284084
159,32,1.00000000,0.00284084,0.00000000,0.00284084
0,33,1.00000000,0.00276092,-0.00000000,0.00276092
1,33,1.00000000,0.00276092,-0.00000000,0.00276092
2,33,1.00000000,0.00276092,-0.00000000,0.00276092
3,33,1.00000000,0.00276092,-0.00000000,0.00276092
4,33,1.00000000,0.00276092,-0.00000000,0.00276092
5,33,1.00000000,0.00276092,-0.00000000,0.00276092
6,33,1.00000000,0.00276092,-0.00000000,0.00276092
7,33,1.00000000,0.00276092,-0.00000000,0.00276092
8,33,1.00000000,0.00276092,-0.00000000,0.00276092
9,33,1.00000000,0.00276092,-0.00000000,0.00276092
10,33,1.00000000,0.00276092,-0.00000000,0.00276092
11,33,1.00000000,0.00276092,-0.00000000,0.00276092
12,33,1.00000000,0.00276092,-0.00000000,0.00276092
13,33,1.00000000,0.00276092,-0.00000000,0.00276092
14,33,1.00000000,0.00276092,-0.00000000,0.00276092
15,33,1.00000000,0.00276092,-0.00000000,0.00276092
16,33,1.00000000,0.00276092,-0.00000000,0.00276092
17,33,1.00000000,0.00276092,-0.00000000,0.00276092
18,33,1.00000000,0.00276092,-0.00000000,0.00276092
19,33,1.00000000,0.00276092,-0.00000000,0.00276092
20,33,1.00000000,0.00276092,-0.00000000,0.00276092
21,33,1.00000000,0.00276092,-0.00000000,0.00276092
22,33,1.00000000,0.00276092,-0.00000000,0.00276092
23,33,1.00000000,0.00276092,-0.00000000,0.00276092
24,33,1.00000000,0.00276092,-0.00000000,0.00276092
25,33,1.00000000,0.00276092,-0.00000000,0.00276092
26,33,1.00000000,0.00276092,-0.00000000,0.00276092
27,33,1.00000000,0.00276092,-0.00000000,0.00276092
28,33,1.00000000,0.00276092,-0.00000000,0.00276092
29,33,1.00000000,0.00276092,-0.00000000,0.00276092
30,33,1.00000000,0.00276092,-0.00000000,0.00276092
31,33,1.00000000,0.00276092,-0.00000000,0.00276092
32,33,1.00000000,0.00276092,-0.00000000,0.00276092
33,33,1.00000000,0.00276092,-0.00000000,0.00276092
34,33,1.00000000,0.00276092,-0.00000000,0.00276092
35,33,1.00000000,0.00276092,-0.00000000,0.00276092
36,33,1.00000000,0.00276092,-0.00000000,0.00276092
37,33,1.00000000,0.00276092,-0.00000000,0.00276092
38,33,1.00000000,0.00276092,-0.00000000,0.00276092
39,33,1.00000000,0.00276092,-0.00000000,0.00276092
40,33,1.00000000,0.00276092,-0.00000000,0.00276092
41,33,1.00000000,0.00276092,-0.00000000,0.00276092
42,33,1.00000000,0.00276092,-0.00000000,0.00276092
43,33,1.00000000,0.00276092,-0.00000000,0.00276092
44,33,1.00000000,0.00276092,-0.00000000,0.00276092
45,33,1.00000000,0.00276092,-0.00000000,0.00276092
46,33,1.00000000,0.00276092,-0.00000000,0.00276092
47,33,1.00000000,0.00276092,-0.00000000,0.00276092
48,33,1.00000000,0.00276092,-0.00000000,0.00276092
49,33,1.00000000,0.00276092,-0.00000000,0.00276092
50,33,1.00000000,0.00276092,-0.00000000,0.00276092
51,33,1.00000000,0.00276092,-0.00000000,0.00276092
52,33,1.00000000,0.00276092,-0.00000000,0.00276092
53,33,1.00000000,0.00276092,-0.00000000,0.00276092
54,33,1.00000000,0.00276092,-0.00000000,0.00276092
55,33,1.00000000,0.00276092,-0.00000000,0.00276092
56,33,1.00000000,0.00276092,-0.00000000,0.00276092
57,33,1.00000000,0.00276092,-0.00000000,0.00276092
58,33,1.00000000,0.00276092,-0.00000000,0.00276092
59,33,1.00000000,0.00276092,-0.00000000,0.00276092
60,33,1.00000000,0.00276092,-0.00000000,0.00276092
61,33,1.00000000,0.00276092,-0.00000000,0.00276092
62,33,1.00000000,0.00276092,-0.00000000,0.00276092
63,33,1.00000000,0.00276092,-0.00000000,0.00276092
64,33,1.00000000,0.00276092,-0.00000000,0.00276092
65,33,1.00000000,0.00276092,-0.00000000,0.00276092
66,33,1.00000000,0.00276092,-0.00000000,0.00276092
67,33,1.00000000,0.00276092,-0.00000000,0.00276092
68,33,1.00000000,0.00276092,-0.00000000,0.00276092
69,33,1.00000000,0.00276092,-0.00000000,0.00276092
70,33,1.00000000,0.00276092,-0.00000000,0.00276092
71,33,1.00000000,0.00276092,-0.00000000,0.00276092
72,33,1.00000000,0.00276092,-0.00000000,0.00276092
73,33,1.00000000,0.00276092,-0.00000000,0.00276092
74,33,1.00000000,0.00276092,-0.00000000,0.00276092
75,33,1.00000000,0.00276092,-0.00000000,0.00276092
76,33,1.00000000,0.00276092,-0.00000000,0.00276092
77,33,1.00000000,0.00276092,-0.00000000,0.00276092
78,33,1.00000000,0.00276092,-0.00000000,0.00276092
79,33,1.00000000,0.00276092,-0.00000000,0.00276092
80,33,1.00000000,0.00276092,-0.00000000,0.00276092
81,33,1.00000000,0.00276092,-0.00000000,0.00276092
82,33,1.00000000,0.00276092,-0.00000000,0.00276092
83,33,1.00000000,0.00276092,-0.00000000,0.00276092
84,33,1.00000000,0.00276092,-0.00000000,0.00276092
85,33,1.00000000,0.00276092,-0.00000000,0.00276092
86,33,1.00000000,0.00276092,-0.00000000,0.00276092
87,33,1.00000000,0.00276092,-0.00000000,0.00276092
88,33,1.00000000,0.00276092,-0.00000000,0.00276092
89,33,1.00000000,0.00276092,-0.00000000,0.00276092
90,33,1.00000000,0.00276092,-0.00000000,0.00276092
91,33,1.00000000,0.00276092,-0.00000000,0.00276092
92,33,1.00000000,0.00276092,-0.00000000,0.00276092
93,33,1.00000000,0.00276092,-0.00000000,0.00276092
94,33,1.00000000,0.00276092,-0.00000000,0.00276092
95,33,1.00000000,0.00276092,-0.00000000,0.00276092
96,33,1.00000000,0.00276092,-0.00000000,0.00276092
97,33,1.00000000,0.00276092,-0.00000000,0.00276092
98,33,1.00000000,0.00276092,-0.00000000,0.00276092
99,33,1.00000000,0.00276092,-0.00000000,0.00276092
100,33,1.00000000,0.00276092,-0.00000000,0.00276092
101,33,1.00000000,0.00276092,-0.00000000,0.00276092
102,33,1.00000000,0.00276092,-0.00000000,0.00276092
103,33,1.00000000,0.00276092,-0.00000000,0.00276092
104,33,1.00000000,0.00276092,-0.00000000,0.00276092
105,33,1.00000000,0.00276092,-0.00000000,0.00276092
106,33,1.00000000,0.00276092,-0.00000000,0.00276092
107,33,1.00000000,0.00276092,-0.00000000,0.00276092
108,33,1.00000000,0.00276092,-0.00000000,0.00276092
109,33,1.00000000,0.00276092,-0.00000000,0.00276092
110,33,1.00000000,0.00276092,-0.00000000,0.00276092
111,33,1.00000000,0.00276092,-0.00000000,0.00276092
112,33,1.00000000,0.00276092,-0.00000000,0.00276092
113,33,1.00000000,0.00276092,-0.00000000,0.00276092
114,33,1.00000000,0.00276092,-0.00000000,0.00276092
115,33,1.00000000,0.00276092,-0.00000000,0.00276092
116,33,1.00000000,0.00276092,-0.00000000,0.00276092
117,33,1.00000000,0.00276092,-0.00000000,0.00276092
118,33,1.00000000,0.00276092,-0.00000000,0.00276092
119,33,1.00000000,0.00276092,-0.00000000,0.00276092
120,33,1.00000000,0.00276092,-0.00000000,0.00276092
121,33,1.00000000,0.00276092,-0.00000000,0.00276092
122,33,1.00000000,0.00276092,-0.00000000,0.00276092
123,33,1.00000000,0.00276092,-0.00000000,0.00276092
124,33,1.00000000,0.00276092,-0.00000000,0.00276092
125,33,1.00000000,0.00276092,-0.00000000,0.00276092
126,33,1.00000000,0.00276092,-0.00000000,0.00276092
127,33,1.00000000,0.00276092,-0.00000000,0.00276092
128,33,1.00000000,0.00276092,-0.00000000,0.00276092
129,33,1.00000000,0.00276092,-0.00000000,0.00276092
130,33,1.00000000,0.00276092,-0.00000000,0.00276092
131,33,1.00000000,0.00276092,-0.00000000,0.00276092
132,33,1.00000000,0.00276092,-0.00000000,0.00276092
133,33,1.00000000,0.00276092,-0.00000000,0.00276092
134,33,1.00000000,0.00276092,-0.00000000,0.00276092
135,33,1.00000000,0.00276092,-0.00000000,0.00276092
136,33,1.00000000,0.00276092,-0.00000000,0.00276092
137,33,1.00000000,0.00276092,-0.00000000,0.00276092
138,33,1.00000000,0.00276092,-0.00000000,0.00276092
139,33,1.00000000,0.00276092,-0.00000000,0.00276092
140,33,1.00000000,0.00276092,-0.00000000,0.00276092
141,33,1.00000000,0.00276092,-0.00000000,0.00276092
142,33,1.00000000,0.00276092,-0.00000000,0.00276092
143,33,1.00000000,0.00276092,-0.00000000,0.00276092
144,33,1.00000000,0.00276092,-0.00000000,0.00276092
145,33,1.00000000,0.00276092,-0.00000000,0.00276092
146,33,1.00000000,0.00276092,-0.00000000,0.00276092
147,33,1.00000000,0.00276092,-0.00000000,0.00276092
148,33,1.00000000,0.00276092,-0.00000000,0.00276092
149,33,1.00000000,0.00276092,-0.00000000,0.00276092
150,33,1.00000000,0.00276092,-0.00000000,0.00276092
151,33,1.00000000,0.00276092,-0.00000000,0.00276092
152,33,1.00000000,0.00276092,-0.00000000,0.00276092
153,33,1.00000000,0.00276092,-0.00000000,0.00276092
154,33,1.00000000,0.00276092,-0.00000000,0.00276092
155,33,1.00000000,0.00276092,-0.00000000,0.00276092
156,33,1.00000000,0.00276092,-0.00000000,0.00276092
157,33,1.00000000,0.00276092,-0.00000000,0.00276092
158,33,1.00000000,0.00276092,-0.00000000,0.00276092
159,33,1.00000000,0.00276092,-0.00000000,0.00276092
0,34,1.00000000,0.00267101,0.00000000,0.00267101
1,34,1.00000000,0.00267101,0.00000000,0.00267101
2,34,1.00000000,0.00267101,0.00000000,0.00267101
3,34,1.00000000,0.00267101,0.00000000,0.00267101
4,34,1.00000000,0.00267101,0.00000000,0.00267101
5,34,1.00000000,0.00267101,0.00000000,0.00267101
6,34,1.00000000,0.00267101,0.00000000,0.00267101
7,34,1.00000000,0.00267101,0.00000000,0.00267101
8,34,1.00000000,0.00267101,0.00000000,0.00267101
9,34,1.00000000,0.00267101,0.00000000,0.00267101
10,34,1.00000000,0.00267101,0.00000000,0.00267101
11,34,1.00000000,0.00267101,0.00000000,0.00267101
12,34,1.00000000,0.00267101,0.00000000,0.00267101
13,34,1.00000000,0.00267101,0.00000000,0.00267101
14,34,1.00000000,0.00267101,0.00000000,0.00267101
15,34,1.00000000,0.00267101,0.00000000,0.00267101
16,34,1.00000000,0.00267101,0.00000000,0.00267101
17,34,1.00000000,0.00267101,0.00000000,0.00267101
18,34,1.00000000,0.00267101,0.00000000,0.00267101
19,34,1.00000000,0.00267101,0.00000000,0.00267101
20,34,1.00000000,0.00267101,0.00000000,0.00267101
21,34,1.00000000,0.00267101,0.00000000,0.00267101
22,34,1.00000000,0.00267101,0.00000000,0.00267101
23,34,1.00000000,0.00267101,0.00000000,0.00267101
24,34,1.00000000,0.00267101,0.00000000,0.00267101
25,34,1.00000000,0.00267101,0.00000000,0.00267101
26,34,1.00000000,0.00267101,0.00000000,0.00267101
27,34,1.00000000,0.00267101,0.00000000,0.00267101
28,34,1.00000000,0.00267101,0.00000000,0.00267101
29,34,1.00000000,0.00267101,0.00000000,0.00267101
30,34,1.00000000,0.00267101,0.00000000,0.00267101
31,34,1.00000000,0.00267101,0.00000000,0.00267101
32,34,1.00000000,0.00267101,0.00000000,0.00267101
33,34,1.00000000,0.00267101,0.00000000,0.00267101
34,34,1.00000000,0.00267101,0.00000000,0.00267101
35,34,1.00000000,0.00267101,0.00000000,0.00267101
36,34,1.00000000,0.00267101,0.00000000,0.00267101
37,34,1.00000000,0.00267101,0.00000000,0.00267101
38,34,1.00000000,0.00267101,0.00000000,0.00267101
39,34,1.00000000,0.00267101,0.00000000,0.00267101
40,34,1.00000000,0.00267101,0.00000000,0.00267101
41,34,1.00000000,0.00267101,0.00000000,0.00267101
42,34,1.00000000,0.00267101,0.00000000,0.00267101
43,34,1.00000000,0.00267101,0.00000000,0.00267101
44,34,1.00000000,0.00267101,0.00000000,0.00267101
45,34,1.00000000,0.00267101,0.00000000,0.00267101
46,34,1.00000000,0.00267101,0.00000000,0.00267101
47,34,1.00000000,0.00267101,0.00000000,0.00267101
48,34,1.00000000,0.00267101,0.00000000,0.00267101
49,34,1.00000000,0.00267101,0.00000000,0.00267101
50,34,1.00000000,0.00267101,0.00000000,0.00267101
51,34,1.00000000,0.00267101,0.00000000,0.00267101
52,34,1.00000000,0.00267101,0.00000000,0.00267101
53,34,1.00000000,0.00267101,0.00000000,0.00267101
54,34,1.00000000,0.00267101,0.00000000,0.00267101
55,34,1.00000000,0.00267101,0.00000000,0.00267101
56,34,1.00000000,0.00267101,0.00000000,0.00267101
57,34,1.00000000,0.00267101,0.00000000,0.00267101
58,34,1.00000000,0.00267101,0.00000000,0.00267101
59,34,1.00000000,0.00267101,0.00000000,0.00267101
60,34,1.00000000,0.00267101,0.00000000,0.00267101
61,34,1.00000000,0.00267101,0.00000000,0.00267101
62,34,1.00000000,0.00267101,0.00000000,0.00267101
63,34,1.00000000,0.00267101,0.00000000,0.00267101
64,34,1.00000000,0.00267101,0.00000000,0.00267101
65,34,1.00000000,0.00267101,0.00000000,0.00267101
66,34,1.00000000,0.00267101,0.00000000,0.00267101
67,34,1.00000000,0.00267101,0.00000000,0.00267101
68,34,1.00000000,0.00267101,0.00000000,0.00267101
69,34,1.00000000,0.00267101,0.00000000,0.00267101
70,34,1.00000000,0.00267101,0.00000000,0.00267101
71,34,1.00000000,0.00267101,0.00000000,0.00267101
72,34,1.00000000,0.00267101,0.00000000,0.00267101
73,34,1.00000000,0.00267101,0.00000000,0.00267101
74,34,1.00000000,0.00267101,0.00000000,0.00267101
75,34,1.00000000,0.00267101,0.00000000,0.00267101
76,34,1.00000000,0.00267101,0.00000000,0.00267101
77,34,1.00000000,0.00267101,0.00000000,0.00267101
78,34,1.00000000,0.00267101,0.00000000,0.00267101
79,34,1.00000000,0.00267101,0.00000000,0.00267101
80,34,1.00000000,0.00267101,0.00000000,0.00267101
81,34,1.00000000,0.00267101,0.00000000,0.00267101
82,34,1.00000000,0.00267101,0.00000000,0.00267101
83,34,1.00000000,0.00267101,0.00000000,0.00267101
84,34,1.00000000,0.00267101,0.00000000,0.00267101
85,34,1.00000000,0.00267101,0.00000000,0.00267101
86,34,1.00000000,0.00267101,0.00000000,0.00267101
87,34,1.00000000,0.00267101,0.00000000,0.00267101
88,34,1.00000000,0.00267101,0.00000000,0.00267101
89,34,1.00000000,0.00267101,0.00000000,0.00267101
90,34,1.00000000,0.00267101,0.00000000,0.00267101
91,34,1.00000000,0.00267101,0.00000000,0.00267101
92,34,1.00000000,0.00267101,0.00000000,0.00267101
93,34,1.00000000,0.00267101,0.00000000,0.00267101
94,34,1.00000000,0.00267101,0.00000000,0.00267101
95,34,1.00000000,0.00267101,0.00000000,0.00267101
96,34,1.00000000,0.00267101,0.00000000,0.00267101
97,34,1.00000000,0.00267101,0.00000000,0.00267101
98,34,1.00000000,0.00267101,0.00000000,0.00267101
99,34,1.00000000,0.00267101,0.00000000,0.00267101
100,34,1.00000000,0.00267101,0.00000000,0.00267101
101,34,1.00000000,0.00267101,0.00000000,0.00267101
102,34,1.00000000,0.00267101,0.00000000,0.00267101
103,34,1.00000000,0.00267101,0.00000000,0.00267101
104,34,1.00000000,0.00267101,0.00000000,0.00267101
105,34,1.00000000,0.00267101,0.00000000,0.00267101
106,34,1.00000000,0.00267101,0.00000000,0.00267101
107,34,1.00000000,0.00267101,0.00000000,0.00267101
108,34,1.00000000,0.00267101,0.00000000,0.00267101
109,34,1.00000000,0.00267101,0.00000000,0.00267101
110,34,1.00000000,0.00267101,0.00000000,0.00267101
111,34,1.00000000,0.00267101,0.00000000,0.00267101
112,34,1.00000000,0.00267101,0.00000000,0.00267101
113,34,1.00000000,0.00267101,0.00000000,0.00267101
114,34,1.00000000,0.00267101,0.00000000,0.00267101
115,34,1.00000000,0.00267101,0.00000000,0.00267101
116,34,1.00000000,0.00267101,0.00000000,0.00267101
117,34,1.00000000,0.00267101,0.00000000,0.00267101
118,34,1.00000000,0.00267101,0.00000000,0.00267101
119,34,1.00000000,0.00267101,0.00000000,0.00267101
120,34,1.00000000,0.00267101,0.00000000,0.00267101
121,34,1.00000000,0.00267101,0.00000000,0.00267101
122,34,1.00000000,0.00267101,0.00000000,0.00267101
123,34,1.00000000,0.00267101,0.00000000,0.00267101
124,34,1.00000000,0.00267101,0.00000000,0.00267101
125,34,1.00000000,0.00267101,0.00000000,0.00267101
126,34,1.00000000,0.00267101,0.00000000,0.00267101
127,34,1.00000000,0.00267101,0.00000000,0.00267101
128,34,1.00000000,0.00267101,0.00000000,0.00267101
129,34,1.00000000,0.00267101,0.00000000,0.00267101
130,34,1.00000000,0.00267101,0.00000000,0.00267101
131,34,1.00000000,0.00267101,0.00000000,0.00267101
132,34,1.00000000,0.00267101,0.00000000,0.00267101
133,34,1.00000000,0.00267101,0.00000000,0.00267101
134,34,1.00000000,0.00267101,0.00000000,0.00267101
135,34,1.00000000,0.00267101,0.00000000,0.00267101
136,34,1.00000000,0.00267101,0.00000000,0.00267101
137,34,1.00000000,0.00267101,0.00000000,0.00267101
138,34,1.00000000,0.00267101,0.00000000,0.00267101
139,34,1.00000000,0.00267101,0.00000000,0.00267101
140,34,1.00000000,0.00267101,0.00000000,0.00267101
141,34,1.00000000,0.00267101,0.00000000,0.00267101
142,34,1.00000000,0.00267101,0.00000000,0.00267101
143,34,1.00000000,0.00267101,0.00000000,0.00267101
144,34,1.00000000,0.00267101,0.00000000,0.00267101
145,34,1.00000000,0.00267101,0.00000000,0.00267101
146,34,1.00000000,0.00267101,0.00000000,0.00267101
147,34,1.00000000,0.00267101,0.00000000,0.00267101
148,34,1.00000000,0.00267101,0.00000000,0.00267101
149,34,1.00000000,0.00267101,0.00000000,0.00267101
150,34,1.00000000,0.00267101,0.00000000,0.00267101
151,34,1.00000000,0.00267101,0.00000000,0.00267101
152,34,1.00000000,0.00267101,0.00000000,0.00267101
153,34,1.00000000,0.00267101,0.00000000,0.00267101
154,34,1.00000000,0.00267101,0.00000000,0.00267101
155,34,1.00000000,0.00267101,0.00000000,0.00267101
156,34,1.00000000,0.00267101,0.00000000,0.00267101
157,34,1.00000000,0.00267101,0.00000000,0.00267101
158,34,1.00000000,0.00267101,0.00000000,0.00267101
159,34,1.00000000,0.00267101,0.00000000,0.00267101
0,35,1.00000000,0.00257110,-0.00000000,0.00257110
1,35,1.00000000,0.00257110,-0.00000000,0.00257110
2,35,1.00000000,0.00257110,-0.00000000,0.00257110
3,35,1.00000000,0.00257110,-0.00000000,0.00257110
4,35,1.00000000,0.00257110,-0.00000000,0.00257110
5,35,1.00000000,0.00257110,-0.00000000,0.00257110
6,35,1.00000000,0.00257110,-0.00000000,0.00257110
7,35,1.00000000,0.00257110,-0.00000000,0.00257110
8,35,1.00000000,0.00257110,-0.00000000,0.00257110
9,35,1.00000000,0.00257110,-0.00000000,0.00257110
10,35,1.00000000,0.00257110,-0.00000000,0.00257110
11,35,1.00000000,0.00257110,-0.00000000,0.00257110
12,35,1.00000000,0.00257110,-0.00000000,0.00257110
13,35,1.00000000,0.00257110,-0.00000000,0.00257110
14,35,1.00000000,0.00257110,-0.00000000,0.00257110
15,35,1.00000000,0.00257110,-0.00000000,0.00257110
16,35,1.00000000,0.00257110,-0.00000000,0.00257110
17,35,1.00000000,0.00257110,-0.00000000,0.00257110
18,35,1.00000000,0.00257110,-0.00000000,0.00257110
19,35,1.00000000,0.00257110,-0.00000000,0.00257110
20,35,1.00000000,0.00257110,-0.00000000,0.00257110
21,35,1.00000000,0.00257110,-0.00000000,0.00257110
22,35,1.00000000,0.00257110,-0.00000000,0.00257110
23,35,1.00000000,0.00257110,-0.00000000,0.00257110
24,35,1.00000000,0.00257110,-0.00000000,0.00257110
25,35,1.00000000,0.00257110,-0.00000000,0.00257110
26,35,1.00000000,0.00257110,-0.00000000,0.00257110
27,35,1.00000000,0.00257110,-0.00000000,0.00257110
28,35,1.00000000,0.00257110,-0.00000000,0.00257110
29,35,1.00000000,0.00257110,-0.00000000,0.00257110
30,35,1.00000000,0.00257110,-0.00000000,0.00257110
31,35,1.00000000,0.00257110,-0.00000000,0.00257110
32,35,1.00000000,0.00257110,-0.00000000,0.00257110
33,35,1.00000000,0.00257110,-0.00000000,0.00257110
34,35,1.00000000,0.00257110,-0.00000000,0.00257110
35,35,1.00000000,0.00257110,-0.00000000,0.00257110
36,35,1.00000000,0.00257110,-0.00000000,0.00257110
37,35,1.00000000,0.00257110,-0.00000000,0.00257110
38,35,1.00000000,0.00257110,-0.00000000,0.00257110
39,35,1.00000000,0.00257110,-0.00000000,0.00257110
40,35,1.00000000,0.00257110,-0.00000000,0.00257110
41,35,1.00000000,0.00257110,-0.00000000,0.00257110
42,35,1.00000000,0.00257110,-0.00000000,0.00257110
43,35,1.00000000,0.00257110,-0.00000000,0.00257110
44,35,1.00000000,0.00257110,-0.00000000,0.00257110
45,35,1.00000000,0.00257110,-0.00000000,0.00257110
46,35,1.00000000,0.00257110,-0.00000000,0.00257110
47,35,1.00000000,0.00257110,-0.00000000,0.00257110
48,35,1.00000000,0.00257110,-0.00000000,0.00257110
49,35,1.00000000,0.00257110,-0.00000000,0.00257110
50,35,1.00000000,0.00257110,-0.00000000,0.00257110
51,35,1.00000000,0.00257110,-0.00000000,0.00257110
52,35,1.00000000,0.00257110,-0.00000000,0.00257110
53,35,1.00000000,0.00257110,-0.00000000,0.00257110
54,35,1.00000000,0.00257110,-0.00000000,0.00257110
55,35,1.00000000,0.00257110,-0.00000000,0.00257110
56,35,1.00000000,0.00257110,-0.00000000,0.00257110
57,35,1.00000000,0.00257110,-0.00000000,0.00257110
58,35,1.00000000,0.00257110,-0.00000000,0.00257110
59,35,1.00000000,0.00257110,-0.00000000,0.00257110
60,35,1.00000000,0.00257110,-0.00000000,0.00257110
61,35,1.00000000,0.00257110,-0.00000000,0.00257110
62,35,1.00000000,0.00257110,-0.00000000,0.00257110
63,35,1.00000000,0.00257110,-0.00000000,0.00257110
64,35,1.00000000,0.00257110,-0.00000000,0.00257110
65,35,1.00000000,0.00257110,-0.00000000,0.00257110
66,35,1.00000000,0.00257110,-0.00000000,0.00257110
67,35,1.00000000,0.00257110,-0.00000000,0.00257110
68,35,1.00000000,0.00257110,-0.00000000,0.00257110
69,35,1.00000000,0.00257110,-0.00000000,0.00257110
70,35,1.00000000,0.00257110,-0.00000000,0.00257110
71,35,1.00000000,0.00257110,-0.00000000,0.00257110
72,35,1.00000000,0.00257110,-0.00000000,0.00257110
73,35,1.00000000,0.00257110,-0.00000000,0.00257110
74,35,1.00000000,0.00257110,-0.00000000,0.00257110
75,35,1.00000000,0.00257110,-0.00000000,0.00257110
76,35,1.00000000,0.00257110,-0.00000000,0.00257110
77,35,1.00000000,0.00257110,-0.00000000,0.00257110
78,35,1.00000000,0.00257110,-0.00000000,0.00257110
79,35,1.00000000,0.00257110,-0.00000000,0.00257110
80,35,1.00000000,0.00257110,-0.00000000,0.00257110
81,35,1.00000000,0.00257110,-0.00000000,0.00257110
82,35,1.00000000,0.00257110,-0.00000000,0.00257110
83,35,1.00000000,0.00257110,-0.00000000,0.00257110
84,35,1.00000000,0.00257110,-0.00000000,0.00257110
85,35,1.00000000,0.00257110,-0.00000000,0.00257110
86,35,1.00000000,0.00257110,-0.00000000,0.00257110
87,35,1.00000000,0.00257110,-0.00000000,0.00257110
88,35,1.00000000,0.00257110,-0.00000000,0.00257110
89,35,1.00000000,0.00257110,-0.00000000,0.00257110
90,35,1.00000000,0.00257110,-0.00000000,0.00257110
91,35,1.00000000,0.00257110,-0.00000000,0.00257110
92,35,1.00000000,0.00257110,-0.00000000,0.00257110
93,35,1.00000000,0.00257110,-0.00000000,0.00257110
94,35,1.00000000,0.00257110,-0.00000000,0.00257110
95,35,1.00000000,0.00257110,-0.00000000,0.00257110
96,35,1.00000000,0.00257110,-0.00000000,0.00257110
97,35,1.00000000,0.00257110,-0.00000000,0.00257110
98,35,1.00000000,0.00257110,-0.00000000,0.00257110
99,35,1.00000000,0.00257110,-0.00000000,0.00257110
100,35,1.00000000,0.00257110,-0.00000000,0.00257110
101,35,1.00000000,0.00257110,-0.00000000,0.00257110
102,35,1.00000000,0.00257110,-0.00000000,0.00257110
103,35,1.00000000,0.00257110,-0.00000000,0.00257110
104,35,1.00000000,0.00257110,-0.00000000,0.00257110
105,35,1.00000000,0.00257110,-0.00000000,0.00257110
106,35,1.00000000,0.00257110,-0.00000000,0.00257110
107,35,1.00000000,0.00257110,-0.00000000,0.00257110
108,35,1.00000000,0.00257110,-0.00000000,0.00257110
109,35,1.00000000,0.00257110,-0.00000000,0.00257110
110,35,1.00000000,0.00257110,-0.00000000,0.00257110
111,35,1.00000000,0.00257110,-0.00000000,0.00257110
112,35,1.00000000,0.00257110,-0.00000000,0.00257110
113,35,1.00000000,0.00257110,-0.00000000,0.00257110
114,35,1.00000000,0.00257110,-0.00000000,0.00257110
115,35,1.00000000,0.00257110,-0.00000000,0.00257110
116,35,1.00000000,0.00257110,-0.00000000,0.00257110
117,35,1.00000000,0.00257110,-0.00000000,0.00257110
118,35,1.00000000,0.00257110,-0.00000000,0.00257110
119,35,1.00000000,0.00257110,-0.00000000,0.00257110
120,35,1.00000000,0.00257110,-0.00000000,0.00257110
121,35,1.00000000,0.00257110,-0.00000000,0.00257110
122,35,1.00000000,0.00257110,-0.00000000,0.00257110
123,35,1.00000000,0.00257110,-0.00000000,0.00257110
124,35,1.00000000,0.00257110,-0.00000000,0.00257110
125,35,1.00000000,0.00257110,-0.00000000,0.00257110
126,35,1.00000000,0.00257110,-0.00000000,0.00257110
127,35,1.00000000,0.00257110,-0.00000000,0.00257110
128,35,1.00000000,0.00257110,-0.00000000,0.00257110
129,35,1.00000000,0.00257110,-0.00000000,0.00257110
130,35,1.00000000,0.00257110,-0.00000000,0.00257110
131,35,1.00000000,0.00257110,-0.00000000,0.00257110
132,35,1.00000000,0.00257110,-0.00000000,0.00257110
133,35,1.00000000,0.00257110,-0.00000000,0.00257110
134,35,1.00000000,0.00257110,-0.00000000,0.00257110
135,35,1.00000000,0.00257110,-0.00000000,0.00257110
136,35,1.00000000,0.00257110,-0.00000000,0.00257110
137,35,1.00000000,0.00257110,-0.00000000,0.00257110
138,35,1.00000000,0.00257110,-0.00000000,0.00257110
139,35,1.00000000,0.00257110,-0.00000000,0.00257110
140,35,1.00000000,0.00257110,-0.00000000,0.00257110
141,35,1.00000000,0.00257110,-0.00000000,0.00257110
142,35,1.00000000,0.00257110,-0.00000000,0.00257110
143,35,1.00000000,0.00257110,-0.00000000,0.00257110
144,35,1.00000000,0.00257110,-0.00000000,0.00257110
145,35,1.00000000,0.00257110,-0.00000000,0.00257110
146,35,1.00000000,0.00257110,-0.00000000,0.00257110
147,35,1.00000000,0.00257110,-0.00000000,0.00257110
148,35,1.00000000,0.00257110,-0.00000000,0.00257110
149,35,1.00000000,0.00257110,-0.00000000,0.00257110
150,35,1.00000000,0.00257110,-0.00000000,0.00257110
151,35,1.00000000,0.00257110,-0.00000000,0.00257110
152,35,1.00000000,0.00257110,-0.00000000,0.00257110
153,35,1.00000000,0.00257110,-0.00000000,0.00257110
154,35,1.00000000,0.00257110,-0.00000000,0.00257110
155,35,1.00000000,0.00257110,-0.00000000,0.00257110
156,35,1.00000000,0.00257110,-0.00000000,0.00257110
157,35,1.00000000,0.00257110,-0.00000000,0.00257110
158,35,1.00000000,0.00257110,-0.00000000,0.00257110
159,35,1.00000000,0.00257110,-0.00000000,0.00257110
0,36,1.00000000,0.00246120,0.00000000,0.00246120
1,36,1.00000000,0.00246120,0.00000000,0.00246120
2,36,1.00000000,0.00246120,0.00000000,0.00246120
3,36,1.00000000,0.00246120,0.00000000,0.00246120
4,36,1.00000000,0.00246120,0.00000000,0.00246120
5,36,1.00000000,0.00246120,0.00000000,0.00246120
6,36,1.00000000,0.00246120,0.00000000,0.00246120
7,36,1.00000000,0.00246120,0.00000000,0.00246120
8,36,1.00000000,0.00246120,0.00000000,0.00246120
9,36,1.00000000,0.00246120,0.00000000,0.00246120
10,36,1.00000000,0.00246120,0.00000000,0.00246120
11,36,1.00000000,0.00246120,0.00000000,0.00246120
12,36,1.00000000,0.00246120,0.00000000,0.00246120
13,36,1.00000000,0.00246120,0.00000000,0.00246120
14,36,1.00000000,0.00246120,0.00000000,0.00246120
15,36,1.00000000,0.00246120,0.00000000,0.00246120
16,36,1.00000000,0.00246120,0.00000000,0.00246120
17,36,1.00000000,0.00246120,0.00000000,0.00246120
18,36,1.00000000,0.00246120,0.00000000,0.00246120
19,36,1.00000000,0.00246120,0.00000000,0.00246120
20,36,1.00000000,0.00246120,0.00000000,0.00246120
21,36,1.00000000,0.00246120,0.00000000,0.00246120
22,36,1.00000000,0.00246120,0.00000000,0.00246120
23,36,1.00000000,0.00246120,0.00000000,0.00246120
24,36,1.00000000,0.00246120,0.00000000,0.00246120
25,36,1.00000000,0.00246120,0.00000000,0.00246120
26,36,1.00000000,0.00246120,0.00000000,0.00246120
27,36,1.00000000,0.00246120,0.00000000,0.00246120
28,36,1.00000000,0.00246120,0.00000000,0.00246120
29,36,1.00000000,0.00246120,0.00000000,0.00246120
30,36,1.00000000,0.00246120,0.00000000,0.00246120
31,36,1.00000000,0.00246120,0.00000000,0.00246120
32,36,1.00000000,0.00246120,0.00000000,0.00246120
33,36,1.00000000,0.00246120,0.00000000,0.00246120
34,36,1.00000000,0.00246120,0.00000000,0.00246120
35,36,1.00000000,0.00246120,0.00000000,0.00246120
36,36,1.00000000,0.00246120,0.00000000,0.00246120
37,36,1.00000000,0.00246120,0.00000000,0.00246120
38,36,1.00000000,0.00246120,0.00000000,0.00246120
39,36,1.00000000,0.00246120,0.00000000,0.00246120
40,36,1.00000000,0.00246120,0.00000000,0.00246120
41,36,1.00000000,0.00246120,0.00000000,0.00246120
42,36,1.00000000,0.00246120,0.00000000,0.00246120
43,36,1.00000000,0.00246120,0.00000000,0.00246120
44,36,1.00000000,0.00246120,0.00000000,0.00246120
45,36,1.00000000,0.00246120,0.00000000,0.00246120
46,36,1.00000000,0.00246120,0.00000000,0.00246120
47,36,1.00000000,0.00246120,0.00000000,0.00246120
48,36,1.00000000,0.00246120,0.00000000,0.00246120
49,36,1.00000000,0.00246120,0.00000000,0.00246120
50,36,1.00000000,0.00246120,0.00000000,0.00246120
51,36,1.00000000,0.00246120,0.00000000,0.00246120
52,36,1.00000000,0.00246120,0.00000000,0.00246120
53,36,1.00000000,0.00246120,0.00000000,0.00246120
54,36,1.00000000,0.00246120,0.00000000,0.00246120
55,36,1.00000000,0.00246120,0.00000000,0.00246120
56,36,1.00000000,0.00246120,0.00000000,0.00246120
57,36,1.00000000,0.00246120,0.00000000,0.00246120
58,36,1.00000000,0.00246120,0.00000000,0.00246120
59,36,1.00000000,0.00246120,0.00000000,0.00246120
60,36,1.00000000,0.00246120,0.00000000,0.00246120
61,36,1.00000000,0.00246120,0.00000000,0.00246120
62,36,1.00000000,0.00246120,0.00000000,0.00246120
63,36,1.00000000,0.00246120,0.00000000,0.00246120
64,36,1.00000000,0.00246120,0.00000000,0.00246120
65,36,1.00000000,0.00246120,0.00000000,0.00246120
66,36,1.00000000,0.00246120,0.00000000,0.00246120
67,36,1.00000000,0.00246120,0.00000000,0.00246120
68,36,1.00000000,0.00246120,0.00000000,0.00246120
69,36,1.00000000,0.00246120,0.00000000,0.00246120
70,36,1.00000000,0.00246120,0.00000000,0.00246120
71,36,1.00000000,0.00246120,0.00000000,0.00246120
72,36,1.00000000,0.00246120,0.00000000,0.00246120
73,36,1.00000000,0.00246120,0.00000000,0.00246120
74,36,1.00000000,0.00246120,0.00000000,0.00246120
75,36,1.00000000,0.00246120,0.00000000,0.00246120
76,36,1.00000000,0.00246120,0.00000000,0.00246120
77,36,1.00000000,0.00246120,0.00000000,0.00246120
78,36,1.00000000,0.00246120,0.00000000,0.00246120
79,36,1.00000000,0.00246120,0.00000000,0.00246120
80,36,1.00000000,0.00246120,0.00000000,0.00246120
81,36,1.00000000,0.00246120,0.00000000,0.00246120
82,36,1.00000000,0.00246120,0.00000000,0.00246120
83,36,1.00000000,0.00246120,0.00000000,0.00246120
84,36,1.00000000,0.00246120,0.00000000,0.00246120
85,36,1.00000000,0.00246120,0.00000000,0.00246120
86,36,1.00000000,0.00246120,0.00000000,0.00246120
87,36,1.00000000,0.00246120,0.00000000,0.00246120
88,36,1.00000000,0.00246120,0.00000000,0.00246120
89,36,1.00000000,0.00246120,0.00000000,0.00246120
90,36,1.00000000,0.00246120,0.00000000,0.00246120
91,36,1.00000000,0.00246120,0.00000000,0.00246120
92,36,1.00000000,0.00246120,0.00000000,0.00246120
93,36,1.00000000,0.00246120,0.00000000,0.00246120
94,36,1.00000000,0.00246120,0.00000000,0.00246120
95,36,1.00000000,0.00246120,0.00000000,0.00246120
96,36,1.00000000,0.00246120,0.00000000,0.00246120
97,36,1.00000000,0.00246120,0.00000000,0.00246120
98,36,1.00000000,0.00246120,0.00000000,0.00246120
99,36,1.00000000,0.00246120,0.00000000,0.00246120
100,36,1.00000000,0.00246120,0.00000000,0.00246120
101,36,1.00000000,0.00246120,0.00000000,0.00246120
102,36,1.00000000,0.00246120,0.00000000,0.00246120
103,36,1.00000000,0.00246120,0.00000000,0.00246120
104,36,1.00000000,0.00246120,0.00000000,0.00246120
105,36,1.00000000,0.00246120,0.00000000,0.00246120
106,36,1.00000000,0.00246120,0.00000000,0.00246120
107,36,1.00000000,0.00246120,0.00000000,0.00246120
108,36,1.00000000,0.00246120,0.00000000,0.00246120
109,36,1.00000000,0.00246120,0.00000000,0.00246120
110,36,1.00000000,0.00246120,0.00000000,0.00246120
111,36,1.00000000,0.00246120,0.00000000,0.00246120
112,36,1.00000000,0.00246120,0.00000000,0.00246120
113,36,1.00000000,0.00246120,0.00000000,0.00246120
114,36,1.00000000,0.00246120,0.00000000,0.00246120
115,36,1.00000000,0.00246120,0.00000000,0.00246120
116,36,1.00000000,0.00246120,0.00000000,0.00246120
117,36,1.00000000,0.00246120,0.00000000,0.00246120
118,36,1.00000000,0.00246120,0.00000000,0.00246120
119,36,1.00000000,0.00246120,0.00000000,0.00246120
120,36,1.00000000,0.00246120,0.00000000,0.00246120
121,36,1.00000000,0.00246120,0.00000000,0.00246120
122,36,1.00000000,0.00246120,0.00000000,0.00246120
123,36,1.00000000,0.00246120,0.00000000,0.00246120
124,36,1.00000000,0.00246120,0.00000000,0.00246120
125,36,1.00000000,0.00246120,0.00000000,0.00246120
126,36,1.00000000,0.00246120,0.00000000,0.00246120
127,36,1.00000000,0.00246120,0.00000000,0.00246120
128,36,1.00000000,0.00246120,0.00000000,0.00246120
129,36,1.00000000,0.00246120,0.00000000,0.00246120
130,36,1.00000000,0.00246120,0.00000000,0.00246120
131,36,1.00000000,0.00246120,0.00000000,0.00246120
132,36,1.00000000,0.00246120,0.00000000,0.00246120
133,36,1.00000000,0.00246120,0.00000000,0.00246120
134,36,1.00000000,0.00246120,0.00000000,0.00246120
135,36,1.00000000,0.00246120,0.00000000,0.00246120
136,36,1.00000000,0.00246120,0.00000000,0.00246120
137,36,1.00000000,0.00246120,0.00000000,0.00246120
138,36,1.00000000,0.00246120,0.00000000,0.00246120
139,36,1.00000000,0.00246120,0.00000000,0.00246120
140,36,1.00000000,0.00246120,0.00000000,0.00246120
141,36,1.00000000,0.00246120,0.00000000,0.00246120
142,36,1.00000000,0.00246120,0.00000000,0.00246120
143,36,1.00000000,0.00246120,0.00000000,0.00246120
144,36,1.00000000,0.00246120,0.00000000,0.00246120
145,36,1.00000000,0.00246120,0.00000000,0.00246120
146,36,1.00000000,0.00246120,0.00000000,0.00246120
147,36,1.00000000,0.00246120,0.00000000,0.00246120
148,36,1.00000000,0.00246120,0.00000000,0.00246120
149,36,1.00000000,0.00246120,0.00000000,0.00246120
150,36,1.00000000,0.00246120,0.00000000,0.00246120
151,36,1.00000000,0.00246120,0.00000000,0.00246120
152,36,1.00000000,0.00246120,0.00000000,0.00246120
153,36,1.00000000,0.00246120,0.00000000,0.00246120
154,36,1.00000000,0.00246120,0.00000000,0.00246120
155,36,1.00000000,0.00246120,0.00000000,0.00246120
156,36,1.00000000,0.00246120,0.00000000,0.00246120
157,36,1.00000000,0.00246120,0.00000000,0.00246120
158,36,1.00000000,0.00246120,0.00000000,0.00246120
159,36,1.00000000,0.00246120,0.00000000,0.00246120
0,37,1.00000000,0.00234131,-0.00000000,0.00234131
1,37,1.00000000,0.00234131,-0.00000000,0.00234131
2,37,1.00000000,0.00234131,-0.00000000,0.00234131
3,37,1.00000000,0.00234131,-0.00000000,0.00234131
4,37,1.00000000,0.00234131,-0.00000000,0.00234131
5,37,1.00000000,0.00234131,-0.00000000,0.00234131
6,37,1.00000000,0.00234131,-0.00000000,0.00234131
7,37,1.00000000,0.00234131,-0.00000000,0.00234131
8,37,1.00000000,0.00234131,-0.00000000,0.00234131
9,37,1.00000000,0.00234131,-0.00000000,0.00234131
10,37,1.00000000,0.00234131,-0.00000000,0.00234131
11,37,1.00000000,0.00234131,-0.00000000,0.00234131
12,37,1.00000000,0.00234131,-0.00000000,0.00234131
13,37,1.00000000,0.00234131,-0.00000000,0.00234131
14,37,1.00000000,0.00234131,-0.00000000,0.00234131
15,37,1.00000000,0.00234131,-0.00000000,0.00234131
16,37,1.00000000,0.00234131,-0.00000000,0.00234131
17,37,1.00000000,0.00234131,-0.00000000,0.00234131
18,37,1.00000000,0.00234131,-0.00000000,0.00234131
19,37,1.00000000,0.00234131,-0.00000000,0.00234131
20,37,1.00000000,0.00234131,-0.00000000,0.00234131
21,37,1.00000000,0.00234131,-0.00000000,0.00234131
22,37,1.00000000,0.00234131,-0.00000000,0.00234131
23,37,1.00000000,0.00234131,-0.00000000,0.00234131
24,37,1.00000000,0.00234131,-0.00000000,0.00234131
25,37,1.00000000,0.00234131,-0.00000000,0.00234131
26,37,1.00000000,0.00234131,-0.00000000,0.00234131
27,37,1.00000000,0.00234131,-0.00000000,0.00234131
28,37,1.00000000,0.00234131,-0.00000000,0.00234131
29,37,1.00000000,0.00234131,-0.00000000,0.00234131
30,37,1.00000000,0.00234131,-0.00000000,0.00234131
31,37,1.00000000,0.00234131,-0.00000000,0.00234131
32,37,1.00000000,0.00234131,-0.00000000,0.00234131
33,37,1.00000000,0.00234131,-0.00000000,0.00234131
34,37,1.00000000,0.00234131,-0.00000000,0.00234131
35,37,1.00000000,0.00234131,-0.00000000,0.00234131
36,37,1.00000000,0.00234131,-0.00000000,0.00234131
37,37,1.00000000,0.00234131,-0.00000000,0.00234131
38,37,1.00000000,0.00234131,-0.00000000,0.00234131
39,37,1.00000000,0.00234131,-0.00000000,0.00234131
40,37,1.00000000,0.00234131,-0.00000000,0.00234131
41,37,1.00000000,0.00234131,-0.00000000,0.00234131
42,37,1.00000000,0.00234131,-0.00000000,0.00234131
43,37,1.00000000,0.00234131,-0.00000000,0.00234131
44,37,1.00000000,0.00234131,-0.00000000,0.00234131
45,37,1.00000000,0.00234131,-0.00000000,0.00234131
46,37,1.00000000,0.00234131,-0.00000000,0.00234131
47,37,1.00000000,0.00234131,-0.00000000,0.00234131
48,37,1.00000000,0.00234131,-0.00000000,0.00234131
49,37,1.00000000,0.00234131,-0.00000000,0.00234131
50,37,1.00000000,0.00234131,-0.00000000,0.00234131
51,37,1.00000000,0.00234131,-0.00000000,0.00234131
52,37,1.00000000,0.00234131,-0.00000000,0.00234131
53,37,1.00000000,0.00234131,-0.00000000,0.00234131
54,37,1.00000000,0.00234131,-0.00000000,0.00234131
55,37,1.00000000,0.00234131,-0.00000000,0.00234131
56,37,1.00000000,0.00234131,-0.00000000,0.00234131
57,37,1.00000000,0.00234131,-0.00000000,0.00234131
58,37,1.00000000,0.00234131,-0.00000000,0.00234131
59,37,1.00000000,0.00234131,-0.00000000,0.00234131
60,37,1.00000000,0.00234131,-0.00000000,0.00234131
61,37,1.00000000,0.00234131,-0.00000000,0.00234131
62,37,1.00000000,0.00234131,-0.00000000,0.00234131
63,37,1.00000000,0.00234131,-0.00000000,0.00234131
64,37,1.00000000,0.00234131,-0.00000000,0.00234131
65,37,1.00000000,0.00234131,-0.00000000,0.00234131
66,37,1.00000000,0.00234131,-0.00000000,0.00234131
67,37,1.00000000,0.00234131,-0.00000000,0.00234131
68,37,1.00000000,0.00234131,-0.00000000,0.00234131
69,37,1.00000000,0.00234131,-0.00000000,0.00234131
70,37,1.00000000,0.00234131,-0.00000000,0.00234131
71,37,1.00000000,0.00234131,-0.00000000,0.00234131
72,37,1.00000000,0.00234131,-0.00000000,0.00234131
73,37,1.00000000,0.00234131,-0.00000000,0.00234131
74,37,1.00000000,0.00234131,-0.00000000,0.00234131
75,37,1.00000000,0.00234131,-0.00000000,0.00234131
76,37,1.00000000,0.00234131,-0.00000000,0.00234131
77,37,1.00000000,0.00234131,-0.00000000,0.00234131
78,37,1.00000000,0.00234131,-0.00000000,0.00234131
79,37,1.00000000,0.00234131,-0.00000000,0.00234131
80,37,1.00000000,0.00234131,-0.00000000,0.00234131
81,37,1.00000000,0.00234131,-0.00000000,0.00234131
82,37,1.00000000,0.00234131,-0.00000000,0.00234131
83,37,1.00000000,0.00234131,-0.00000000,0.00234131
84,37,1.00000000,0.00234131,-0.00000000,0.00234131
85,37,1.00000000,0.00234131,-0.00000000,0.00234131
86,37,1.00000000,0.00234131,-0.00000000,0.00234131
87,37,1.00000000,0.00234131,-0.00000000,0.00234131
88,37,1.00000000,0.00234131,-0.00000000,0.00234131
89,37,1.00000000,0.00234131,-0.00000000,0.00234131
90,37,1.00000000,0.00234131,-0.00000000,0.00234131
91,37,1.00000000,0.00234131,-0.00000000,0.00234131
92,37,1.00000000,0.00234131,-0.00000000,0.00234131
93,37,1.00000000,0.00234131,-0.00000000,0.00234131
94,37,1.00000000,0.00234131,-0.00000000,0.00234131
95,37,1.00000000,0.00234131,-0.00000000,0.00234131
96,37,1.00000000,0.00234131,-0.00000000,0.00234131
97,37,1.00000000,0.00234131,-0.00000000,0.00234131
98,37,1.00000000,0.00234131,-0.00000000,0.00234131
99,37,1.00000000,0.00234131,-0.00000000,0.00234131
100,37,1.00000000,0.00234131,-0.00000000,0.00234131
101,37,1.00000000,0.00234131,-0.00000000,0.00234131
102,37,1.00000000,0.00234131,-0.00000000,0.00234131
103,37,1.00000000,0.00234131,-0.00000000,0.00234131
104,37,1.00000000,0.00234131,-0.00000000,0.00234131
105,37,1.00000000,0.00234131,-0.00000000,0.00234131
106,37,1.00000000,0.00234131,-0.00000000,0.00234131
107,37,1.00000000,0.00234131,-0.00000000,0.00234131
108,37,1.00000000,0.00234131,-0.00000000,0.00234131
109,37,1.00000000,0.00234131,-0.00000000,0.00234131
110,37,1.00000000,0.00234131,-0.00000000,0.00234131
111,37,1.00000000,0.00234131,-0.00000000,0.00234131
112,37,1.00000000,0.00234131,-0.00000000,0.00234131
113,37,1.00000000,0.00234131,-0.00000000,0.00234131
114,37,1.00000000,0.00234131,-0.00000000,0.00234131
115,37,1.00000000,0.00234131,-0.00000000,0.00234131
116,37,1.00000000,0.00234131,-0.00000000,0.00234131
117,37,1.00000000,0.00234131,-0.00000000,0.00234131
118,37,1.00000000,0.00234131,-0.00000000,0.00234131
119,37,1.00000000,0.00234131,-0.00000000,0.00234131
120,37,1.00000000,0.00234131,-0.00000000,0.00234131
121,37,1.00000000,0.00234131,-0.00000000,0.00234131
122,37,1.00000000,0.00234131,-0.00000000,0.00234131
123,37,1.00000000,0.00234131,-0.00000000,0.00234131
124,37,1.00000000,0.00234131,-0.00000000,0.00234131
125,37,1.00000000,0.00234131,-0.00000000,0.00234131
126,37,1.00000000,0.00234131,-0.00000000,0.00234131
127,37,1.00000000,0.00234131,-0.00000000,0.00234131
128,37,1.00000000,0.00234131,-0.00000000,0.00234131
129,37,1.00000000,0.00234131,-0.00000000,0.00234131
130,37,1.00000000,0.00234131,-0.00000000,0.00234131
131,37,1.00000000,0.00234131,-0.00000000,0.00234131
132,37,1.00000000,0.00234131,-0.00000000,0.00234131
133,37,1.00000000,0.00234131,-0.00000000,0.00234131
134,37,1.00000000,0.00234131,-0.00000000,0.00234131
135,37,1.00000000,0.00234131,-0.00000000,0.00234131
136,37,1.00000000,0.00234131,-0.00000000,0.00234131
137,37,1.00000000,0.00234131,-0.00000000,0.00234131
138,37,1.00000000,0.00234131,-0.00000000,0.00234131
139,37,1.00000000,0.00234131,-0.00000000,0.00234131
140,37,1.00000000,0.00234131,-0.00000000,0.00234131
141,37,1.00000000,0.00234131,-0.00000000,0.00234131
142,37,1.00000000,0.00234131,-0.00000000,0.00234131
143,37,1.00000000,0.00234131,-0.00000000,0.00234131
144,37,1.00000000,0.00234131,-0.00000000,0.00234131
145,37,1.00000000,0.00234131,-0.00000000,0.00234131
146,37,1.00000000,0.00234131,-0.00000000,0.00234131
147,37,1.00000000,0.00234131,-0.00000000,0.00234131
148,37,1.00000000,0.00234131,-0.00000000,0.00234131
149,37,1.00000000,0.00234131,-0.00000000,0.00234131
150,37,1.00000000,0.00234131,-0.00000000,0.00234131
151,37,1.00000000,0.00234131,-0.00000000,0.00234131
152,37,1.00000000,0.00234131,-0.00000000,0.00234131
153,37,1.00000000,0.00234131,-0.00000000,0.00234131
154,37,1.00000000,0.00234131,-0.00000000,0.00234131
155,37,1.00000000,0.00234131,-0.00000000,0.00234131
156,37,1.00000000,0.00234131,-0.00000000,0.00234131
157,37,1.00000000,0.00234131,-0.00000000,0.00234131
158,37,1.00000000,0.00234131,-0.00000000,0.00234131
159,37,1.00000000,0.00234131,-0.00000000,0.00234131
0,38,1.00000000,0.00221143,0.00000000,0.00221143
1,38,1.00000000,0.00221143,0.00000000,0.00221143
2,38,1.00000000,0.00221143,0.00000000,0.00221143
3,38,1.00000000,0.00221143,0.00000000,0.00221143
4,38,1.00000000,0.00221143,0.00000000,0.00221143
5,38,1.00000000,0.00221143,0.00000000,0.00221143
6,38,1.00000000,0.00221143,0.00000000,0.00221143
7,38,1.00000000,0.00221143,0.00000000,0.00221143
8,38,1.00000000,0.00221143,0.00000000,0.00221143
9,38,1.00000000,0.00221143,0.00000000,0.00221143
10,38,1.00000000,0.00221143,0.00000000,0.00221143
11,38,1.00000000,0.00221143,0.00000000,0.00221143
12,38,1.00000000,0.00221143,0.00000000,0.00221143
13,38,1.00000000,0.00221143,0.00000000,0.00221143
14,38,1.00000000,0.00221143,0.00000000,0.00221143
15,38,1.00000000,0.00221143,0.00000000,0.00221143
16,38,1.00000000,0.00221143,0.00000000,0.00221143
17,38,1.00000000,0.00221143,0.00000000,0.00221143
18,38,1.00000000,0.00221143,0.00000000,0.00221143
19,38,1.00000000,0.00221143,0.00000000,0.00221143
20,38,1.00000000,0.00221143,0.00000000,0.00221143
21,38,1.00000000,0.00221143,0.00000000,0.00221143
22,38,1.00000000,0.00221143,0.00000000,0.00221143
23,38,1.00000000,0.00221143,0.00000000,0.00221143
24,38,1.00000000,0.00221143,0.00000000,0.00221143
25,38,1.00000000,0.00221143,0.00000000,0.00221143
26,38,1.00000000,0.00221143,0.00000000,0.00221143
27,38,1.00000000,0.00221143,0.00000000,0.00221143
28,38,1.00000000,0.00221143,0.00000000,0.00221143
29,38,1.00000000,0.00221143,0.00000000,0.00221143
30,38,1.00000000,0.00221143,0.00000000,0.00221143
31,38,1.00000000,0.00221143,0.00000000,0.00221143
32,38,1.00000000,0.00221143,0.00000000,0.00221143
33,38,1.00000000,0.00221143,0.00000000,0.00221143
34,38,1.00000000,0.00221143,0.00000000,0.00221143
35,38,1.00000000,0.00221143,0.00000000,0.00221143
36,38,1.00000000,0.00221143,0.00000000,0.00221143
37,38,1.00000000,0.00221143,0.00000000,0.00221143
38,38,1.00000000,0.00221143,0.00000000,0.00221143
39,38,1.00000000,0.00221143,0.00000000,0.00221143
40,38,1.00000000,0.00221143,0.00000000,0.00221143
41,38,1.00000000,0.00221143,0.00000000,0.00221143
42,38,1.00000000,0.00221143,0.00000000,0.00221143
43,38,1.00000000,0.00221143,0.00000000,0.00221143
44,38,1.00000000,0.00221143,0.00000000,0.00221143
45,38,1.00000000,0.00221143,0.00000000,0.00221143
46,38,1.00000000,0.00221143,0.00000000,0.00221143
47,38,1.00000000,0.00221143,0.00000000,0.00221143
48,38,1.00000000,0.00221143,0.00000000,0.00221143
49,38,1.00000000,0.00221143,0.00000000,0.00221143
50,38,1.00000000,0.00221143,0.00000000,0.00221143
51,38,1.00000000,0.00221143,0.00000000,0.00221143
52,38,1.00000000,0.00221143,0.00000000,0.00221143
53,38,1.00000000,0.00221143,0.00000000,0.00221143
54,38,1.00000000,0.00221143,0.00000000,0.00221143
55,38,1.00000000,0.00221143,0.00000000,0.00221143
56,38,1.00000000,0.00221143,0.00000000,0.00221143
57,38,1.00000000,0.00221143,0.00000000,0.00221143
58,38,1.00000000,0.00221143,0.00000000,0.00221143
59,38,1.00000000,0.00221143,0.00000000,0.00221143
60,38,1.00000000,0.00221143,0.00000000,0.00221143
61,38,1.00000000,0.00221143,0.00000000,0.00221143
62,38,1.00000000,0.00221143,0.00000000,0.00221143
63,38,1.00000000,0.00221143,0.00000000,0.00221143
64,38,1.00000000,0.00221143,0.00000000,0.00221143
65,38,1.00000000,0.00221143,0.00000000,0.00221143
66,38,1.00000000,0.00221143,0.00000000,0.00221143
67,38,1.00000000,0.00221143,0.00000000,0.00221143
68,38,1.00000000,0.00221143,0.00000000,0.00221143
69,38,1.00000000,0.00221143,0.00000000,0.00221143
70,38,1.00000000,0.00221143,0.00000000,0.00221143
71,38,1.00000000,0.00221143,0.00000000,0.00221143
72,38,1.00000000,0.00221143,0.00000000,0.00221143
73,38,1.00000000,0.00221143,0.00000000,0.00221143
74,38,1.00000000,0.00221143,0.00000000,0.00221143
75,38,1.00000000,0.00221143,0.00000000,0.00221143
76,38,1.00000000,0.00221143,0.00000000,0.00221143
77,38,1.00000000,0.00221143,0.00000000,0.00221143
78,38,1.00000000,0.00221143,0.00000000,0.00221143
79,38,1.00000000,0.00221143,0.00000000,0.00221143
80,38,1.00000000,0.00221143,0.00000000,0.00221143
81,38,1.00000000,0.00221143,0.00000000,0.00221143
82,38,1.00000000,0.00221143,0.00000000,0.00221143
83,38,1.00000000,0.00221143,0.00000000,0.00221143
84,38,1.00000000,0.00221143,0.00000000,0.00221143
85,38,1.00000000,0.00221143,0.00000000,0.00221143
86,38,1.00000000,0.00221143,0.00000000,0.00221143
87,38,1.00000000,0.00221143,0.00000000,0.00221143
88,38,1.00000000,0.00221143,0.00000000,0.00221143
89,38,1.00000000,0.00221143,0.00000000,0.00221143
90,38,1.00000000,0.00221143,0.00000000,0.00221143
91,38,1.00000000,0.00221143,0.00000000,0.00221143
92,38,1.00000000,0.00221143,0.00000000,0.00221143
93,38,1.00000000,0.00221143,0.00000000,0.00221143
94,38,1.00000000,0.00221143,0.00000000,0.00221143
95,38,1.00000000,0.00221143,0.00000000,0.00221143
96,38,1.00000000,0.00221143,0.00000000,0.00221143
97,38,1.00000000,0.00221143,0.00000000,0.00221143
98,38,1.00000000,0.00221143,0.00000000,0.00221143
99,38,1.00000000,0.00221143,0.00000000,0.00221143
100,38,1.00000000,0.00221143,0.00000000,0.00221143
101,38,1.00000000,0.00221143,0.00000000,0.00221143
102,38,1.00000000,0.00221143,0.00000000,0.00221143
103,38,1.00000000,0.00221143,0.00000000,0.00221143
104,38,1.00000000,0.00221143,0.00000000,0.00221143
105,38,1.00000000,0.00221143,0.00000000,0.00221143
106,38,1.00000000,0.00221143,0.00000000,0.00221143
107,38,1.00000000,0.00221143,0.00000000,0.00221143
108,38,1.00000000,0.00221143,0.00000000,0.00221143
109,38,1.00000000,0.00221143,0.00000000,0.00221143
110,38,1.00000000,0.00221143,0.00000000,0.00221143
111,38,1.00000000,0.00221143,0.00000000,0.00221143
112,38,1.00000000,0.00221143,0.00000000,0.00221143
113,38,1.00000000,0.00221143,0.00000000,0.00221143
114,38,1.00000000,0.00221143,0.00000000,0.00221143
115,38,1.00000000,0.00221143,0.00000000,0.00221143
116,38,1.00000000,0.00221143,0.00000000,0.00221143
117,38,1.00000000,0.00221143,0.00000000,0.00221143
118,38,1.00000000,0.00221143,0.00000000,0.00221143
119,38,1.00000000,0.00221143,0.00000000,0.00221143
120,38,1.00000000,0.00221143,0.00000000,0.00221143
121,38,1.00000000,0.00221143,0.00000000,0.00221143
122,38,1.00000000,0.00221143,0.00000000,0.00221143
123,38,1.00000000,0.00221143,0.00000000,0.00221143
124,38,1.00000000,0.00221143,0.00000000,0.00221143
125,38,1.00000000,0.00221143,0.00000000,0.00221143
126,38,1.00000000,0.00221143,0.00000000,0.00221143
127,38,1.00000000,0.00221143,0.00000000,0.00221143
128,38,1.00000000,0.00221143,0.00000000,0.00221143
129,38,1.00000000,0.00221143,0.00000000,0.00221143
130,38,1.00000000,0.00221143,0.00000000,0.00221143
131,38,1.00000000,0.00221143,0.00000000,0.00221143
132,38,1.00000000,0.00221143,0.00000000,0.00221143
133,38,1.00000000,0.00221143,0.00000000,0.00221143
134,38,1.00000000,0.00221143,0.00000000,0.00221143
135,38,1.00000000,0.00221143,0.00000000,0.00221143
136,38,1.00000000,0.00221143,0.00000000,0.00221143
137,38,1.00000000,0.00221143,0.00000000,0.00221143
138,38,1.00000000,0.00221143,0.00000000,0.00221143
139,38,1.00000000,0.00221143,0.00000000,0.00221143
140,38,1.00000000,0.00221143,0.00000000,0.00221143
141,38,1.00000000,0.00221143,0.00000000,0.00221143
142,38,1.00000000,0.00221143,0.00000000,0.00221143
143,38,1.00000000,0.00221143,0.00000000,0.00221143
144,38,1.00000000,0.00221143,0.00000000,0.00221143
145,38,1.00000000,0.00221143,0.00000000,0.00221143
146,38,1.00000000,0.00221143,0.00000000,0.00221143
147,38,1.00000000,0.00221143,0.00000000,0.00221143
148,38,1.00000000,0.00221143,0.00000000,0.00221143
149,38,1.00000000,0.00221143,0.00000000,0.00221143
150,38,1.00000000,0.00221143,0.00000000,0.00221143
151,38,1.00000000,0.00221143,0.00000000,0.00221143
152,38,1.00000000,0.00221143,0.00000000,0.00221143
153,38,1.00000000,0.00221143,0.00000000,0.00221143
154,38,1.00000000,0.00221143,0.00000000,0.00221143
155,38,1.00000000,0.00221143,0.00000000,0.00221143
156,38,1.00000000,0.00221143,0.00000000,0.00221143
157,38,1.00000000,0.00221143,0.00000000,0.00221143
158,38,1.00000000,0.00221143,0.00000000,0.00221143
159,38,1.00000000,0.00221143,0.00000000,0.00221143
0,39,1.00000000,0.00207155,-0.00000000,0.00207155
1,39,1.00000000,0.00207155,-0.00000000,0.00207155
2,39,1.00000000,0.00207155,-0.00000000,0.00207155
3,39,1.00000000,0.00207155,-0.00000000,0.00207155
4,39,1.00000000,0.00207155,-0.00000000,0.00207155
5,39,1.00000000,0.00207155,-0.00000000,0.00207155
6,39,1.00000000,0.00207155,-0.00000000,0.00207155
7,39,1.00000000,0.00207155,-0.00000000,0.00207155
8,39,1.00000000,0.00207155,-0.00000000,0.00207155
9,39,1.00000000,0.00207155,-0.00000000,0.00207155
10,39,1.00000000,0.00207155,-0.00000000,0.00207155
11,39,1.00000000,0.00207155,-0.00000000,0.00207155
12,39,1.00000000,0.00207155,-0.00000000,0.00207155
13,39,1.00000000,0.00207155,-0.00000000,0.00207155
14,39,1.00000000,0.00207155,-0.00000000,0.00207155
15,39,1.00000000,0.00207155,-0.00000000,0.00207155
16,39,1.00000000,0.00207155,-0.00000000,0.00207155
17,39,1.00000000,0.00207155,-0.00000000,0.00207155
18,39,1.00000000,0.00207155,-0.00000000,0.00207155
19,39,1.00000000,0.00207155,-0.00000000,0.00207155
20,39,1.00000000,0.00207155,-0.00000000,0.00207155
21,39,1.00000000,0.00207155,-0.00000000,0.00207155
22,39,1.00000000,0.00207155,-0.00000000,0.00207155
23,39,1.00000000,0.00207155,-0.00000000,0.00207155
24,39,1.00000000,0.00207155,-0.00000000,0.00207155
25,39,1.00000000,0.00207155,-0.00000000,0.00207155
26,39,1.00000000,0.00207155,-0.00000000,0.00207155
27,39,1.00000000,0.00207155,-0.00000000,0.00207155
28,39,1.00000000,0.00207155,-0.00000000,0.00207155
29,39,1.00000000,0.00207155,-0.00000000,0.00207155
30,39,1.00000000,0.00207155,-0.00000000,0.00207155
31,39,1.00000000,0.00207155,-0.00000000,0.00207155
32,39,1.00000000,0.00207155,-0.00000000,0.00207155
33,39,1.00000000,0.00207155,-0.00000000,0.00207155
34,39,1.00000000,0.00207155,-0.00000000,0.00207155
35,39,1.00000000,0.00207155,-0.00000000,0.00207155
36,39,1.00000000,0.00207155,-0.00000000,0.00207155
37,39,1.00000000,0.00207155,-0.00000000,0.00207155
38,39,1.00000000,0.00207155,-0.00000000,0.00207155
39,39,1.00000000,0.00207155,-0.00000000,0.00207155
40,39,1.00000000,0.00207155,-0.00000000,0.00207155
41,39,1.00000000,0.00207155,-0.00000000,0.00207155
42,39,1.00000000,0.00207155,-0.00000000,0.00207155
43,39,1.00000000,0.00207155,-0.00000000,0.00207155
44,39,1.00000000,0.00207155,-0.00000000,0.00207155
45,39,1.00000000,0.00207155,-0.00000000,0.00207155
46,39,1.00000000,0.00207155,-0.00000000,0.00207155
47,39,1.00000000,0.00207155,-0.00000000,0.00207155
48,39,1.00000000,0.00207155,-0.00000000,0.00207155
49,39,1.00000000,0.00207155,-0.00000000,0.00207155
50,39,1.00000000,0.00207155,-0.00000000,0.00207155
51,39,1.00000000,0.00207155,-0.00000000,0.00207155
52,39,1.00000000,0.00207155,-0.00000000,0.00207155
53,39,1.00000000,0.00207155,-0.00000000,0.00207155
54,39,1.00000000,0.00207155,-0.00000000,0.00207155
55,39,1.00000000,0.00207155,-0.00000000,0.00207155
56,39,1.00000000,0.00207155,-0.00000000,0.00207155
57,39,1.00000000,0.00207155,-0.00000000,0.00207155
58,39,1.00000000,0.00207155,-0.00000000,0.00207155
59,39,1.00000000,0.00207155,-0.00000000,0.00207155
60,39,1.00000000,0.00207155,-0.00000000,0.00207155
61,39,1.00000000,0.00207155,-0.00000000,0.00207155
62,39,1.00000000,0.00207155,-0.00000000,0.00207155
63,39,1.00000000,0.00207155,-0.00000000,0.00207155
64,39,1.00000000,0.00207155,-0.00000000,0.00207155
65,39,1.00000000,0.00207155,-0.00000000,0.00207155
66,39,1.00000000,0.00207155,-0.00000000,0.00207155
67,39,1.00000000,0.00207155,-0.00000000,0.00207155
68,39,1.00000000,0.00207155,-0.00000000,0.00207155
69,39,1.00000000,0.00207155,-0.00000000,0.00207155
70,39,1.00000000,0.00207155,-0.00000000,0.00207155
71,39,1.00000000,0.00207155,-0.00000000,0.00207155
72,39,1.00000000,0.00207155,-0.00000000,0.00207155
73,39,1.00000000,0.00207155,-0.00000000,0.00207155
74,39,1.00000000,0.00207155,-0.00000000,0.00207155
75,39,1.00000000,0.00207155,-0.00000000,0.00207155
76,39,1.00000000,0.00207155,-0.00000000,0.00207155
77,39,1.00000000,0.00207155,-0.00000000,0.00207155
78,39,1.00000000,0.00207155,-0.00000000,0.00207155
79,39,1.00000000,0.00207155,-0.00000000,0.00207155
80,39,1.00000000,0.00207155,-0.00000000,0.00207155
81,39,1.00000000,0.00207155,-0.00000000,0.00207155
82,39,1.00000000,0.00207155,-0.00000000,0.00207155
83,39,1.00000000,0.00207155,-0.00000000,0.00207155
84,39,1.00000000,0.00207155,-0.00000000,0.00207155
85,39,1.00000000,0.00207155,-0.00000000,0.00207155
86,39,1.00000000,0.00207155,-0.00000000,0.00207155
87,39,1.00000000,0.00207155,-0.00000000,0.00207155
88,39,1.00000000,0.00207155,-0.00000000,0.00207155
89,39,1.00000000,0.00207155,-0.00000000,0.00207155
90,39,1.00000000,0.00207155,-0.00000000,0.00207155
91,39,1.00000000,0.00207155,-0.00000000,0.00207155
92,39,1.00000000,0.00207155,-0.00000000,0.00207155
93,39,1.00000000,0.00207155,-0.00000000,0.00207155
94,39,1.00000000,0.00207155,-0.00000000,0.00207155
95,39,1.00000000,0.00207155,-0.00000000,0.00207155
96,39,1.00000000,0.00207155,-0.00000000,0.00207155
97,39,1.00000000,0.00207155,-0.00000000,0.00207155
98,39,1.00000000,0.00207155,-0.00000000,0.00207155
99,39,1.00000000,0.00207155,-0.00000000,0.00207155
100,39,1.00000000,0.00207155,-0.00000000,0.00207155
101,39,1.00000000,0.00207155,-0.00000000,0.00207155
102,39,1.00000000,0.00207155,-0.00000000,0.00207155
103,39,1.00000000,0.00207155,-0.00000000,0.00207155
104,39,1.00000000,0.00207155,-0.00000000,0.00207155
105,39,1.00000000,0.00207155,-0.00000000,0.00207155
106,39,1.00000000,0.00207155,-0.00000000,0.00207155
107,39,1.00000000,0.00207155,-0.00000000,0.00207155
108,39,1.00000000,0.00207155,-0.00000000,0.00207155
109,39,1.00000000,0.00207155,-0.00000000,0.00207155
110,39,1.00000000,0.00207155,-0.00000000,0.00207155
111,39,1.00000000,0.00207155,-0.00000000,0.00207155
112,39,1.00000000,0.00207155,-0.00000000,0.00207155
113,39,1.00000000,0.00207155,-0.00000000,0.00207155
114,39,1.00000000,0.00207155,-0.00000000,0.00207155
115,39,1.00000000,0.00207155,-0.00000000,0.00207155
116,39,1.00000000,0.00207155,-0.00000000,0.00207155
117,39,1.00000000,0.00207155,-0.00000000,0.00207155
118,39,1.00000000,0.00207155,-0.00000000,0.00207155
119,39,1.00000000,0.00207155,-0.00000000,0.00207155
120,39,1.00000000,0.00207155,-0.00000000,0.00207155
121,39,1.00000000,0.00207155,-0.00000000,0.00207155
122,39,1.00000000,0.00207155,-0.00000000,0.00207155
123,39,1.00000000,0.00207155,-0.00000000,0.00207155
124,39,1.00000000,0.00207155,-0.00000000,0.00207155
125,39,1.00000000,0.00207155,-0.00000000,0.00207155
126,39,1.00000000,0.00207155,-0.00000000,0.00207155
127,39,1.00000000,0.00207155,-0.00000000,0.00207155
128,39,1.00000000,0.00207155,-0.00000000,0.00207155
129,39,1.00000000,0.00207155,-0.00000000,0.00207155
130,39,1.00000000,0.00207155,-0.00000000,0.00207155
131,39,1.00000000,0.00207155,-0.00000000,0.00207155
132,39,1.00000000,0.00207155,-0.00000000,0.00207155
133,39,1.00000000,0.00207155,-0.00000000,0.00207155
134,39,1.00000000,0.00207155,-0.00000000,0.00207155
135,39,1.00000000,0.00207155,-0.00000000,0.00207155
136,39,1.00000000,0.00207155,-0.00000000,0.00207155
137,39,1.00000000,0.00207155,-0.00000000,0.00207155
138,39,1.00000000,0.00207155,-0.00000000,0.00207155
139,39,1.00000000,0.00207155,-0.00000000,0.00207155
140,39,1.00000000,0.00207155,-0.00000000,0.00207155
141,39,1.00000000,0.00207155,-0.00000000,0.00207155
142,39,1.00000000,0.00207155,-0.00000000,0.00207155
143,39,1.00000000,0.00207155,-0.00000000,0.00207155
144,39,1.00000000,0.00207155,-0.00000000,0.00207155
145,39,1.00000000,0.00207155,-0.00000000,0.00207155
146,39,1.00000000,0.00207155,-0.00000000,0.00207155
147,39,1.00000000,0.00207155,-0.00000000,0.00207155
148,39,1.00000000,0.00207155,-0.00000000,0.00207155
149,39,1.00000000,0.00207155,-0.00000000,0.00207155
150,39,1.00000000,0.00207155,-0.00000000,0.00207155
151,39,1.00000000,0.00207155,-0.00000000,0.00207155
152,39,1.00000000,0.00207155,-0.00000000,0.00207155
153,39,1.00000000,0.00207155,-0.00000000,0.00207155
154,39,1.00000000,0.00207155,-0.00000000,0.00207155
155,39,1.00000000,0.00207155,-0.00000000,0.00207155
156,39,1.00000000,0.00207155,-0.00000000,0.00207155
157,39,1.00000000,0.00207155,-0.00000000,0.00207155
158,39,1.00000000,0.00207155,-0.00000000,0.00207155
159,39,1.00000000,0.00207155,-0.00000000,0.00207155
0,40,1.00000000,0.00192168,0.00000000,0.00192168
1,40,1.00000000,0.00192168,0.00000000,0.00192168
2,40,1.00000000,0.00192168,0.00000000,0.00192168
3,40,1.00000000,0.00192168,0.00000000,0.00192168
4,40,1.00000000,0.00192168,0.00000000,0.00192168
5,40,1.00000000,0.00192168,0.00000000,0.00192168
6,40,1.00000000,0.00192168,0.00000000,0.00192168
7,40,1.00000000,0.00192168,0.00000000,0.00192168
8,40,1.00000000,0.00192168,0.00000000,0.00192168
9,40,1.00000000,0.00192168,0.00000000,0.00192168
10,40,1.00000000,0.00192168,0.00000000,0.00192168
11,40,1.00000000,0.00192168,0.00000000,0.00192168
12,40,1.00000000,0.00192168,0.00000000,0.00192168
13,40,1.00000000,0.00192168,0.00000000,0.00192168
14,40,1.00000000,0.00192168,0.00000000,0.00192168
15,40,1.00000000,0.00192168,0.00000000,0.00192168
16,40,1.00000000,0.00192168,0.00000000,0.00192168
17,40,1.00000000,0.00192168,0.00000000,0.00192168
18,40,1.00000000,0.00192168,0.00000000,0.00192168
19,40,1.00000000,0.00192168,0.00000000,0.00192168
20,40,1.00000000,0.00192168,0.00000000,0.00192168
21,40,1.00000000,0.00192168,0.00000000,0.00192168
22,40,1.00000000,0.00192168,0.00000000,0.00192168
23,40,1.00000000,0.00192168,0.00000000,0.00192168
24,40,1.00000000,0.00192168,0.00000000,0.00192168
25,40,1.00000000,0.00192168,0.00000000,0.00192168
26,40,1.00000000,0.00192168,0.00000000,0.00192168
27,40,1.00000000,0.00192168,0.00000000,0.00192168
28,40,1.00000000,0.00192168,0.00000000,0.00192168
29,40,1.00000000,0.00192168,0.00000000,0.00192168
30,40,1.00000000,0.00192168,0.00000000,0.00192168
31,40,1.00000000,0.00192168,0.00000000,0.00192168
32,40,1.00000000,0.00192168,0.00000000,0.00192168
33,40,1.00000000,0.00192168,0.00000000,0.00192168
34,40,1.00000000,0.00192168,0.00000000,0.00192168
35,40,1.00000000,0.00192168,0.00000000,0.00192168
36,40,1.00000000,0.00192168,0.00000000,0.00192168
37,40,1.00000000,0.00192168,0.00000000,0.00192168
38,40,1.00000000,0.00192168,0.00000000,0.00192168
39,40,1.00000000,0.00192168,0.00000000,0.00192168
40,40,1.00000000,0.00192168,0.00000000,0.00192168
41,40,1.00000000,0.00192168,0.00000000,0.00192168
42,40,1.00000000,0.00192168,0.00000000,0.00192168
43,40,1.00000000,0.00192168,0.00000000,0.00192168
44,40,1.00000000,0.00192168,0.00000000,0.00192168
45,40,1.00000000,0.00192168,0.00000000,0.00192168
46,40,1.00000000,0.00192168,0.00000000,0.00192168
47,40,1.00000000,0.00192168,0.00000000,0.00192168
48,40,1.00000000,0.00192168,0.00000000,0.00192168
49,40,1.00000000,0.00192168,0.00000000,0.00192168
50,40,1.00000000,0.00192168,0.00000000,0.00192168
51,40,1.00000000,0.00192168,0.00000000,0.00192168
52,40,1.00000000,0.00192168,0.00000000,0.00192168
53,40,1.00000000,0.00192168,0.00000000,0.00192168
54,40,1.00000000,0.00192168,0.00000000,0.00192168
55,40,1.00000000,0.00192168,0.00000000,0.00192168
56,40,1.00000000,0.00192168,0.00000000,0.00192168
57,40,1.00000000,0.00192168,0.00000000,0.00192168
58,40,1.00000000,0.00192168,0.00000000,0.00192168
59,40,1.00000000,0.00192168,0.00000000,0.00192168
60,40,1.00000000,0.00192168,0.00000000,0.00192168
61,40,1.00000000,0.00192168,0.00000000,0.00192168
62,40,1.00000000,0.00192168,0.00000000,0.00192168
63,40,1.00000000,0.00192168,0.00000000,0.00192168
64,40,1.00000000,0.00192168,0.00000000,0.00192168
65,40,1.00000000,0.00192168,0.00000000,0.00192168
66,40,1.00000000,0.00192168,0.00000000,0.00192168
67,40,1.00000000,0.00192168,0.00000000,0.00192168
68,40,1.00000000,0.00192168,0.00000000,0.00192168
69,40,1.00000000,0.00192168,0.00000000,0.00192168
70,40,1.00000000,0.00192168,0.00000000,0.00192168
71,40,1.00000000,0.00192168,0.00000000,0.00192168
72,40,1.00000000,0.00192168,0.00000000,0.00192168
73,40,1.00000000,0.00192168,0.00000000,0.00192168
74,40,1.00000000,0.00192168,0.00000000,0.00192168
75,40,1.00000000,0.00192168,0.00000000,0.00192168
76,40,1.00000000,0.00192168,0.00000000,0.00192168
77,40,1.00000000,0.00192168,0.00000000,0.00192168
78,40,1.00000000,0.00192168,0.00000000,0.00192168
79,40,1.00000000,0.00192168,0.00000000,0.00192168
80,40,1.00000000,0.00192168,0.00000000,0.00192168
81,40,1.00000000,0.00192168,0.00000000,0.00192168
82,40,1.00000000,0.00192168,0.00000000,0.00192168
83,40,1.00000000,0.00192168,0.00000000,0.00192168
84,40,1.00000000,0.00192168,0.00000000,0.00192168
85,40,1.00000000,0.00192168,0.00000000,0.00192168
86,40,1.00000000,0.00192168,0.00000000,0.00192168
87,40,1.00000000,0.00192168,0.00000000,0.00192168
88,40,1.00000000,0.00192168,0.00000000,0.00192168
89,40,1.00000000,0.00192168,0.00000000,0.00192168
90,40,1.00000000,0.00192168,0.00000000,0.00192168
91,40,1.00000000,0.00192168,0.00000000,0.00192168
92,40,1.00000000,0.00192168,0.00000000,0.00192168
93,40,1.00000000,0.00192168,0.00000000,0.00192168
94,40,1.00000000,0.00192168,0.00000000,0.00192168
95,40,1.00000000,0.00192168,0.00000000,0.00192168
96,40,1.00000000,0.00192168,0.00000000,0.00192168
97,40,1.00000000,0.00192168,0.00000000,0.00192168
98,40,1.00000000,0.00192168,0.00000000,0.00192168
99,40,1.00000000,0.00192168,0.00000000,0.00192168
100,40,1.00000000,0.00192168,0.00000000,0.00192168
101,40,1.00000000,0.00192168,0.00000000,0.00192168
102,40,1.00000000,0.00192168,0.00000000,0.00192168
103,40,1.00000000,0.00192168,0.00000000,0.00192168
104,40,1.00000000,0.00192168,0.00000000,0.00192168
105,40,1.00000000,0.00192168,0.00000000,0.00192168
106,40,1.00000000,0.00192168,0.00000000,0.00192168
107,40,1.00000000,0.00192168,0.00000000,0.00192168
108,40,1.00000000,0.00192168,0.00000000,0.00192168
109,40,1.00000000,0.00192168,0.00000000,0.00192168
110,40,1.00000000,0.00192168,0.00000000,0.00192168
111,40,1.00000000,0.00192168,0.00000000,0.00192168
112,40,1.00000000,0.00192168,0.00000000,0.00192168
113,40,1.00000000,0.00192168,0.00000000,0.00192168
114,40,1.00000000,0.00192168,0.00000000,0.00192168
115,40,1.00000000,0.00192168,0.00000000,0.00192168
116,40,1.00000000,0.00192168,0.00000000,0.00192168
117,40,1.00000000,0.00192168,0.00000000,0.00192168
118,40,1.00000000,0.00192168,0.00000000,0.00192168
119,40,1.00000000,0.00192168,0.00000000,0.00192168
120,40,1.00000000,0.00192168,0.00000000,0.00192168
121,40,1.00000000,0.00192168,0.00000000,0.00192168
122,40,1.00000000,0.00192168,0.00000000,0.00192168
123,40,1.00000000,0.00192168,0.00000000,0.00192168
124,40,1.00000000,0.00192168,0.00000000,0.00192168
125,40,1.00000000,0.00192168,0.00000000,0.00192168
126,40,1.00000000,0.00192168,0.00000000,0.00192168
127,40,1.00000000,0.00192168,0.00000000,0.00192168
128,40,1.00000000,0.00192168,0.00000000,0.00192168
129,40,1.00000000,0.00192168,0.00000000,0.00192168
130,40,1.00000000,0.00192168,0.00000000,0.00192168
131,40,1.00000000,0.00192168,0.00000000,0.00192168
132,40,1.00000000,0.00192168,0.00000000,0.00192168
133,40,1.00000000,0.00192168,0.00000000,0.00192168
134,40,1.00000000,0.00192168,0.00000000,0.00192168
135,40,1.00000000,0.00192168,0.00000000,0.00192168
136,40,1.00000000,0.00192168,0.00000000,0.00192168
137,40,1.00000000,0.00192168,0.00000000,0.00192168
138,40,1.00000000,0.00192168,0.00000000,0.00192168
139,40,1.00000000,0.00192168,0.00000000,0.00192168
140,40,1.00000000,0.00192168,0.00000000,0.00192168
141,40,1.00000000,0.00192168,0.00000000,0.00192168
142,40,1.00000000,0.00192168,0.00000000,0.00192168
143,40,1.00000000,0.00192168,0.00000000,0.00192168
144,40,1.00000000,0.00192168,0.00000000,0.00192168
145,40,1.00000000,0.00192168,0.00000000,0.00192168
146,40,1.00000000,0.00192168,0.00000000,0.00192168
147,40,1.00000000,0.00192168,0.00000000,0.00192168
148,40,1.00000000,0.00192168,0.00000000,0.00192168
149,40,1.00000000,0.00192168,0.00000000,0.00192168
150,40,1.00000000,0.00192168,0.00000000,0.00192168
151,40,1.00000000,0.00192168,0.00000000,0.00192168
152,40,1.00000000,0.00192168,0.00000000,0.00192168
153,40,1.00000000,0.00192168,0.00000000,0.00192168
154,40,1.00000000,0.00192168,0.00000000,0.00192168
155,40,1.00000000,0.00192168,0.00000000,0.00192168
156,40,1.00000000,0.00192168,0.00000000,0.00192168
157,40,1.00000000,0.00192168,0.00000000,0.00192168
158,40,1.00000000,0.00192168,0.00000000,0.00192168
159,40,1.00000000,0.00192168,0.00000000,0.00192168
0,41,1.00000000,0.00176181,-0.00000000,0.00176181
1,41,1.00000000,0.00176181,-0.00000000,0.00176181
2,41,1.00000000,0.00176181,-0.00000000,0.00176181
3,41,1.00000000,0.00176181,-0.00000000,0.00176181
4,41,1.00000000,0.00176181,-0.00000000,0.00176181
5,41,1.00000000,0.00176181,-0.00000000,0.00176181
6,41,1.00000000,0.00176181,-0.00000000,0.00176181
7,41,1.00000000,0.00176181,-0.00000000,0.00176181
8,41,1.00000000,0.00176181,-0.00000000,0.00176181
9,41,1.00000000,0.00176181,-0.00000000,0.00176181
10,41,1.00000000,0.00176181,-0.00000000,0.00176181
11,41,1.00000000,0.00176181,-0.00000000,0.00176181
12,41,1.00000000,0.00176181,-0.00000000,0.00176181
13,41,1.00000000,0.00176181,-0.00000000,0.00176181
14,41,1.00000000,0.00176181,-0.00000000,0.00176181
15,41,1.00000000,0.00176181,-0.00000000,0.00176181
16,41,1.00000000,0.00176181,-0.00000000,0.00176181
17,41,1.00000000,0.00176181,-0.00000000,0.00176181
18,41,1.00000000,0.00176181,-0.00000000,0.00176181
19,41,1.00000000,0.00176181,-0.00000000,0.00176181
20,41,1.00000000,0.00176181,-0.00000000,0.00176181
21,41,1.00000000,0.00176181,-0.00000000,0.00176181
22,41,1.00000000,0.00176181,-0.00000000,0.00176181
23,41,1.00000000,0.00176181,-0.00000000,0.00176181
24,41,1.00000000,0.00176181,-0.00000000,0.00176181
25,41,1.00000000,0.00176181,-0.00000000,0.00176181
26,41,1.00000000,0.00176181,-0.00000000,0.00176181
27,41,1.00000000,0.00176181,-0.00000000,0.00176181
28,41,1.00000000,0.00176181,-0.00000000,0.00176181
29,41,1.00000000,0.00176181,-0.00000000,0.00176181
30,41,1.00000000,0.00176181,-0.00000000,0.00176181
31,41,1.00000000,0.00176181,-0.00000000,0.00176181
32,41,1.00000000,0.00176181,-0.00000000,0.00176181
33,41,1.00000000,0.00176181,-0.00000000,0.00176181
34,41,1.00000000,0.00176181,-0.00000000,0.00176181
35,41,1.00000000,0.00176181,-0.00000000,0.00176181
36,41,1.00000000,0.00176181,-0.00000000,0.00176181
37,41,1.00000000,0.00176181,-0.00000000,0.00176181
38,41,1.00000000,0.00176181,-0.00000000,0.00176181
39,41,1.00000000,0.00176181,-0.00000000,0.00176181
40,41,1.00000000,0.00176181,-0.00000000,0.00176181
41,41,1.00000000,0.00176181,-0.00000000,0.00176181
42,41,1.00000000,0.00176181,-0.00000000,0.00176181
43,41,1.00000000,0.00176181,-0.00000000,0.00176181
44,41,1.00000000,0.00176181,-0.00000000,0.00176181
45,41,1.00000000,0.00176181,-0.00000000,0.00176181
46,41,1.00000000,0.00176181,-0.00000000,0.00176181
47,41,1.00000000,0.00176181,-0.00000000,0.00176181
48,41,1.00000000,0.00176181,-0.00000000,0.00176181
49,41,1.00000000,0.00176181,-0.00000000,0.00176181
50,41,1.00000000,0.00176181,-0.00000000,0.00176181
51,41,1.00000000,0.00176181,-0.00000000,0.00176181
52,41,1.00000000,0.00176181,-0.00000000,0.00176181
53,41,1.00000000,0.00176181,-0.00000000,0.00176181
54,41,1.00000000,0.00176181,-0.00000000,0.00176181
55,41,1.00000000,0.00176181,-0.00000000,0.00176181
56,41,1.00000000,0.00176181,-0.00000000,0.00176181
57,41,1.00000000,0.00176181,-0.00000000,0.00176181
58,41,1.00000000,0.00176181,-0.00000000,0.00176181
59,41,1.00000000,0.00176181,-0.00000000,0.00176181
60,41,1.00000000,0.00176181,-0.00000000,0.00176181
61,41,1.00000000,0.00176181,-0.00000000,0.00176181
62,41,1.00000000,0.00176181,-0.00000000,0.00176181
63,41,1.00000000,0.00176181,-0.00000000,0.00176181
64,41,1.00000000,0.00176181,-0.00000000,0.00176181
65,41,1.00000000,0.00176181,-0.00000000,0.00176181
66,41,1.00000000,0.00176181,-0.00000000,0.00176181
67,41,1.00000000,0.00176181,-0.00000000,0.00176181
68,41,1.00000000,0.00176181,-0.00000000,0.00176181
69,41,1.00000000,0.00176181,-0.00000000,0.00176181
70,41,1.00000000,0.00176181,-0.00000000,0.00176181
71,41,1.00000000,0.00176181,-0.00000000,0.00176181
72,41,1.00000000,0.00176181,-0.00000000,0.00176181
73,41,1.00000000,0.00176181,-0.00000000,0.00176181
74,41,1.00000000,0.00176181,-0.00000000,0.00176181
75,41,1.00000000,0.00176181,-0.00000000,0.00176181
76,41,1.00000000,0.00176181,-0.00000000,0.00176181
77,41,1.00000000,0.00176181,-0.00000000,0.00176181
78,41,1.00000000,0.00176181,-0.00000000,0.00176181
79,41,1.00000000,0.00176181,-0.00000000,0.00176181
80,41,1.00000000,0.00176181,-0.00000000,0.00176181
81,41,1.00000000,0.00176181,-0.00000000,0.00176181
82,41,1.00000000,0.00176181,-0.00000000,0.00176181
83,41,1.00000000,0.00176181,-0.00000000,0.00176181
84,41,1.00000000,0.00176181,-0.00000000,0.00176181
85,41,1.00000000,0.00176181,-0.00000000,0.00176181
86,41,1.00000000,0.00176181,-0.00000000,0.00176181
87,41,1.00000000,0.00176181,-0.00000000,0.00176181
88,41,1.00000000,0.00176181,-0.00000000,0.00176181
89,41,1.00000000,0.00176181,-0.00000000,0.00176181
90,41,1.00000000,0.00176181,-0.00000000,0.00176181
91,41,1.00000000,0.00176181,-0.00000000,0.00176181
92,41,1.00000000,0.00176181,-0.00000000,0.00176181
93,41,1.00000000,0.00176181,-0.00000000,0.00176181
94,41,1.00000000,0.00176181,-0.00000000,0.00176181
95,41,1.00000000,0.00176181,-0.00000000,0.00176181
96,41,1.00000000,0.00176181,-0.00000000,0.00176181
97,41,1.00000000,0.00176181,-0.00000000,0.00176181
98,41,1.00000000,0.00176181,-0.00000000,0.00176181
99,41,1.00000000,0.00176181,-0.00000000,0.00176181
100,41,1.00000000,0.00176181,-0.00000000,0.00176181
101,41,1.00000000,0.00176181,-0.00000000,0.00176181
102,41,1.00000000,0.00176181,-0.00000000,0.00176181
103,41,1.00000000,0.00176181,-0.00000000,0.00176181
104,41,1.00000000,0.00176181,-0.00000000,0.00176181
105,41,1.00000000,0.00176181,-0.00000000,0.00176181
106,41,1.00000000,0.00176181,-0.00000000,0.00176181
107,41,1.00000000,0.00176181,-0.00000000,0.00176181
108,41,1.00000000,0.00176181,-0.00000000,0.00176181
109,41,1.00000000,0.00176181,-0.00000000,0.00176181
110,41,1.00000000,0.00176181,-0.00000000,0.00176181
111,41,1.00000000,0.00176181,-0.00000000,0.00176181
112,41,1.00000000,0.00176181,-0.00000000,0.00176181
113,41,1.00000000,0.00176181,-0.00000000,0.00176181
114,41,1.00000000,0.00176181,-0.00000000,0.00176181
115,41,1.00000000,0.00176181,-0.00000000,0.00176181
116,41,1.00000000,0.00176181,-0.00000000,0.00176181
117,41,1.00000000,0.00176181,-0.00000000,0.00176181
118,41,1.00000000,0.00176181,-0.00000000,0.00176181
119,41,1.00000000,0.00176181,-0.00000000,0.00176181
120,41,1.00000000,0.00176181,-0.00000000,0.00176181
121,41,1.00000000,0.00176181,-0.00000000,0.00176181
122,41,1.00000000,0.00176181,-0.00000000,0.00176181
123,41,1.00000000,0.00176181,-0.00000000,0.00176181
124,41,1.00000000,0.00176181,-0.00000000,0.00176181
125,41,1.00000000,0.00176181,-0.00000000,0.00176181
126,41,1.00000000,0.00176181,-0.00000000,0.00176181
127,41,1.00000000,0.00176181,-0.00000000,0.00176181
128,41,1.00000000,0.00176181,-0.00000000,0.00176181
129,41,1.00000000,0.00176181,-0.00000000,0.00176181
130,41,1.00000000,0.00176181,-0.00000000,0.00176181
131,41,1.00000000,0.00176181,-0.00000000,0.00176181
132,41,1.00000000,0.00176181,-0.00000000,0.00176181
133,41,1.00000000,0.00176181,-0.00000000,0.00176181
134,41,1.00000000,0.00176181,-0.00000000,0.00176181
135,41,1.00000000,0.00176181,-0.00000000,0.00176181
136,41,1.00000000,0.00176181,-0.00000000,0.00176181
137,41,1.00000000,0.00176181,-0.00000000,0.00176181
138,41,1.00000000,0.00176181,-0.00000000,0.00176181
139,41,1.00000000,0.00176181,-0.00000000,0.00176181
140,41,1.00000000,0.00176181,-0.00000000,0.00176181
141,41,1.00000000,0.00176181,-0.00000000,0.00176181
142,41,1.00000000,0.00176181,-0.00000000,0.00176181
143,41,1.00000000,0.00176181,-0.00000000,0.00176181
144,41,1.00000000,0.00176181,-0.00000000,0.00176181
145,41,1.00000000,0.00176181,-0.00000000,0.00176181
146,41,1.00000000,0.00176181,-0.00000000,0.00176181
147,41,1.00000000,0.00176181,-0.00000000,0.00176181
148,41,1.00000000,0.00176181,-0.00000000,0.00176181
149,41,1.00000000,0.00176181,-0.00000000,0.00176181
150,41,1.00000000,0.00176181,-0.00000000,0.00176181
151,41,1.00000000,0.00176181,-0.00000000,0.00176181
152,41,1.00000000,0.00176181,-0.00000000,0.00176181
153,41,1.00000000,0.00176181,-0.00000000,0.00176181
154,41,1.00000000,0.00176181,-0.00000000,0.00176181
155,41,1.00000000,0.00176181,-0.00000000,0.00176181
156,41,1.00000000,0.00176181,-0.00000000,0.00176181
157,41,1.00000000,0.00176181,-0.00000000,0.00176181
158,41,1.00000000,0.00176181,-0.00000000,0.00176181
159,41,1.00000000,0.00176181,-0.00000000,0.00176181
0,42,1.00000000,0.00159195,0.00000000,0.00159195
1,42,1.00000000,0.00159195,0.00000000,0.00159195
2,42,1.00000000,0.00159195,0.00000000,0.00159195
3,42,1.00000000,0.00159195,0.00000000,0.00159195
4,42,1.00000000,0.00159195,0.00000000,0.00159195
5,42,1.00000000,0.00159195,0.00000000,0.00159195
6,42,1.00000000,0.00159195,0.00000000,0.00159195
7,42,1.00000000,0.00159195,0.00000000,0.00159195
8,42,1.00000000,0.00159195,0.00000000,0.00159195
9,42,1.00000000,0.00159195,0.00000000,0.00159195
10,42,1.00000000,0.00159195,0.00000000,0.00159195
11,42,1.00000000,0.00159195,0.00000000,0.00159195
12,42,1.00000000,0.00159195,0.00000000,0.00159195
13,42,1.00000000,0.00159195,0.00000000,0.00159195
14,42,1.00000000,0.00159195,0.00000000,0.00159195
15,42,1.00000000,0.00159195,0.00000000,0.00159195
16,42,1.00000000,0.00159195,0.00000000,0.00159195
17,42,1.00000000,0.00159195,0.00000000,0.00159195
18,42,1.00000000,0.00159195,0.00000000,0.00159195
19,42,1.00000000,0.00159195,0.00000000,0.00159195
20,42,1.00000000,0.00159195,0.00000000,0.00159195
21,42,1.00000000,0.00159195,0.00000000,0.00159195
22,42,1.00000000,0.00159195,0.00000000,0.00159195
23,42,1.00000000,0.00159195,0.00000000,0.00159195
24,42,1.00000000,0.00159195,0.00000000,0.00159195
25,42,1.00000000,0.00159195,0.00000000,0.00159195
26,42,1.00000000,0.00159195,0.00000000,0.00159195
27,42,1.00000000,0.00159195,0.00000000,0.00159195
28,42,1.00000000,0.00159195,0.00000000,0.00159195
29,42,1.00000000,0.00159195,0.00000000,0.00159195
30,42,1.00000000,0.00159195,0.00000000,0.00159195
31,42,1.00000000,0.00159195,0.00000000,0.00159195
32,42,1.00000000,0.00159195,0.00000000,0.00159195
33,42,1.00000000,0.00159195,0.00000000,0.00159195
34,42,1.00000000,0.00159195,0.00000000,0.00159195
35,42,1.00000000,0.00159195,0.00000000,0.00159195
36,42,1.00000000,0.00159195,0.00000000,0.00159195
37,42,1.00000000,0.00159195,0.00000000,0.00159195
38,42,1.00000000,0.00159195,0.00000000,0.00159195
39,42,1.00000000,0.00159195,0.00000000,0.00159195
40,42,1.00000000,0.00159195,0.00000000,0.00159195
41,42,1.00000000,0.00159195,0.00000000,0.00159195
42,42,1.00000000,0.00159195,0.00000000,0.00159195
43,42,1.00000000,0.00159195,0.00000000,0.00159195
44,42,1.00000000,0.00159195,0.00000000,0.00159195
45,42,1.00000000,0.00159195,0.00000000,0.00159195
46,42,1.00000000,0.00159195,0.00000000,0.00159195
47,42,1.00000000,0.00159195,0.00000000,0.00159195
48,42,1.00000000,0.00159195,0.00000000,0.00159195
49,42,1.00000000,0.00159195,0.00000000,0.00159195
50,42,1.00000000,0.00159195,0.00000000,0.00159195
51,42,1.00000000,0.00159195,0.00000000,0.00159195
52,42,1.00000000,0.00159195,0.00000000,0.00159195
53,42,1.00000000,0.00159195,0.00000000,0.00159195
54,42,1.00000000,0.00159195,0.00000000,0.00159195
55,42,1.00000000,0.00159195,0.00000000,0.00159195
56,42,1.00000000,0.00159195,0.00000000,0.00159195
57,42,1.00000000,0.00159195,0.00000000,0.00159195
58,42,1.00000000,0.00159195,0.00000000,0.00159195
59,42,1.00000000,0.00159195,0.00000000,0.00159195
60,42,1.00000000,0.00159195,0.00000000,0.00159195
61,42,1.00000000,0.00159195,0.00000000,0.00159195
62,42,1.00000000,0.00159195,0.00000000,0.00159195
63,42,1.00000000,0.00159195,0.00000000,0.00159195
64,42,1.00000000,0.00159195,0.00000000,0.00159195
65,42,1.00000000,0.00159195,0.00000000,0.00159195
66,42,1.00000000,0.00159195,0.00000000,0.00159195
67,42,1.00000000,0.00159195,0.00000000,0.00159195
68,42,1.00000000,0.00159195,0.00000000,0.00159195
69,42,1.00000000,0.00159195,0.00000000,0.00159195
70,42,1.00000000,0.00159195,0.00000000,0.00159195
71,42,1.00000000,0.00159195,0.00000000,0.00159195
72,42,1.00000000,0.00159195,0.00000000,0.00159195
73,42,1.00000000,0.00159195,0.00000000,0.00159195
74,42,1.00000000,0.00159195,0.00000000,0.00159195
75,42,1.00000000,0.00159195,0.00000000,0.00159195
76,42,1.00000000,0.00159195,0.00000000,0.00159195
77,42,1.00000000,0.00159195,0.00000000,0.00159195
78,42,1.00000000,0.00159195,0.00000000,0.00159195
79,42,1.00000000,0.00159195,0.00000000,0.00159195
80,42,1.00000000,0.00159195,0.00000000,0.00159195
81,42,1.00000000,0.00159195,0.00000000,0.00159195
82,42,1.00000000,0.00159195,0.00000000,0.00159195
83,42,1.00000000,0.00159195,0.00000000,0.00159195
84,42,1.00000000,0.00159195,0.00000000,0.00159195
85,42,1.00000000,0.00159195,0.00000000,0.00159195
86,42,1.00000000,0.00159195,0.00000000,0.00159195
87,42,1.00000000,0.00159195,0.00000000,0.00159195
88,42,1.00000000,0.00159195,0.00000000,0.00159195
89,42,1.00000000,0.00159195,0.00000000,0.00159195
90,42,1.00000000,0.00159195,0.00000000,0.00159195
91,42,1.00000000,0.00159195,0.00000000,0.00159195
92,42,1.00000000,0.00159195,0.00000000,0.00159195
93,42,1.00000000,0.00159195,0.00000000,0.00159195
94,42,1.00000000,0.00159195,0.00000000,0.00159195
95,42,1.00000000,0.00159195,0.00000000,0.00159195
96,42,1.00000000,0.00159195,0.00000000,0.00159195
97,42,1.00000000,0.00159195,0.00000000,0.00159195
98,42,1.00000000,0.00159195,0.00000000,0.00159195
99,42,1.00000000,0.00159195,0.00000000,0.00159195
100,42,1.00000000,0.00159195,0.00000000,0.00159195
101,42,1.00000000,0.00159195,0.00000000,0.00159195
102,42,1.00000000,0.00159195,0.00000000,0.00159195
103,42,1.00000000,0.00159195,0.00000000,0.00159195
104,42,1.00000000,0.00159195,0.00000000,0.00159195
105,42,1.00000000,0.00159195,0.00000000,0.00159195
106,42,1.00000000,0.00159195,0.00000000,0.00159195
107,42,1.00000000,0.00159195,0.00000000,0.00159195
108,42,1.00000000,0.00159195,0.00000000,0.00159195
109,42,1.00000000,0.00159195,0.00000000,0.00159195
110,42,1.00000000,0.00159195,0.00000000,0.00159195
111,42,1.00000000,0.00159195,0.00000000,0.00159195
112,42,1.00000000,0.00159195,0.00000000,0.00159195
113,42,1.00000000,0.00159195,0.00000000,0.00159195
114,42,1.00000000,0.00159195,0.00000000,0.00159195
115,42,1.00000000,0.00159195,0.00000000,0.00159195
116,42,1.00000000,0.00159195,0.00000000,0.00159195
117,42,1.00000000,0.00159195,0.00000000,0.00159195
118,42,1.00000000,0.00159195,0.00000000,0.00159195
119,42,1.00000000,0.00159195,0.00000000,0.00159195
120,42,1.00000000,0.00159195,0.00000000,0.00159195
121,42,1.00000000,0.00159195,0.00000000,0.00159195
122,42,1.00000000,0.00159195,0.00000000,0.00159195
123,42,1.00000000,0.00159195,0.00000000,0.00159195
124,42,1.00000000,0.00159195,0.00000000,0.00159195
125,42,1.00000000,0.00159195,0.00000000,0.00159195
126,42,1.00000000,0.00159195,0.00000000,0.00159195
127,42,1.00000000,0.00159195,0.00000000,0.00159195
128,42,1.00000000,0.00159195,0.00000000,0.00159195
129,42,1.00000000,0.00159195,0.00000000,0.00159195
130,42,1.00000000,0.00159195,0.00000000,0.00159195
131,42,1.00000000,0.00159195,0.00000000,0.00159195
132,42,1.00000000,0.00159195,0.00000000,0.00159195
133,42,1.00000000,0.00159195,0.00000000,0.00159195
134,42,1.00000000,0.00159195,0.00000000,0.00159195
135,42,1.00000000,0.00159195,0.00000000,0.00159195
136,42,1.00000000,0.00159195,0.00000000,0.00159195
137,42,1.00000000,0.00159195,0.00000000,0.00159195
138,42,1.00000000,0.00159195,0.00000000,0.00159195
139,42,1.00000000,0.00159195,0.00000000,0.00159195
140,42,1.00000000,0.00159195,0.00000000,0.00159195
141,42,1.00000000,0.00159195,0.00000000,0.00159195
142,42,1.00000000,0.00159195,0.00000000,0.00159195
143,42,1.00000000,0.00159195,0.00000000,0.00159195
144,42,1.00000000,0.00159195,0.00000000,0.00159195
145,42,1.00000000,0.00159195,0.00000000,0.00159195
146,42,1.00000000,0.00159195,0.00000000,0.00159195
147,42,1.00000000,0.00159195,0.00000000,0.00159195
148,42,1.00000000,0.00159195,0.00000000,0.00159195
149,42,1.00000000,0.00159195,0.00000000,0.00159195
150,42,1.00000000,0.00159195,0.00000000,0.00159195
151,42,1.00000000,0.00159195,0.00000000,0.00159195
152,42,1.00000000,0.00159195,0.00000000,0.00159195
153,42,1.00000000,0.00159195,0.00000000,0.00159195
154,42,1.00000000,0.00159195,0.00000000,0.00159195
155,42,1.00000000,0.00159195,0.00000000,0.00159195
156,42,1.00000000,0.00159195,0.00000000,0.00159195
157,42,1.00000000,0.00159195,0.00000000,0.00159195
158,42,1.00000000,0.00159195,0.00000000,0.00159195
159,42,1.00000000,0.00159195,0.00000000,0.00159195
0,43,1.00000000,0.00141209,-0.00000000,0.00141209
1,43,1.00000000,0.00141209,-0.00000000,0.00141209
2,43,1.00000000,0.00141209,-0.00000000,0.00141209
3,43,1.00000000,0.00141209,-0.00000000,0.00141209
4,43,1.00000000,0.00141209,-0.00000000,0.00141209
5,43,1.00000000,0.00141209,-0.00000000,0.00141209
6,43,1.00000000,0.00141209,-0.00000000,0.00141209
7,43,1.00000000,0.00141209,-0.00000000,0.00141209
8,43,1.00000000,0.00141209,-0.00000000,0.00141209
9,43,1.00000000,0.00141209,-0.00000000,0.00141209
10,43,1.00000000,0.00141209,-0.00000000,0.00141209
11,43,1.00000000,0.00141209,-0.00000000,0.00141209
12,43,1.00000000,0.00141209,-0.00000000,0.00141209
13,43,1.00000000,0.00141209,-0.00000000,0.00141209
14,43,1.00000000,0.00141209,-0.00000000,0.00141209
15,43,1.00000000,0.00141209,-0.00000000,0.00141209
16,43,1.00000000,0.00141209,-0.00000000,0.00141209
17,43,1.00000000,0.00141209,-0.00000000,0.00141209
18,43,1.00000000,0.00141209,-0.00000000,0.00141209
19,43,1.00000000,0.00141209,-0.00000000,0.00141209
20,43,1.00000000,0.00141209,-0.00000000,0.00141209
21,43,1.00000000,0.00141209,-0.00000000,0.00141209
22,43,1.00000000,0.00141209,-0.00000000,0.00141209
23,43,1.00000000,0.00141209,-0.00000000,0.00141209
24,43,1.00000000,0.00141209,-0.00000000,0.00141209
25,43,1.00000000,0.00141209,-0.00000000,0.00141209
26,43,1.00000000,0.00141209,-0.00000000,0.00141209
27,43,1.00000000,0.00141209,-0.00000000,0.00141209
28,43,1.00000000,0.00141209,-0.00000000,0.00141209
29,43,1.00000000,0.00141209,-0.00000000,0.00141209
30,43,1.00000000,0.00141209,-0.00000000,0.00141209
31,43,1.00000000,0.00141209,-0.00000000,0.00141209
32,43,1.00000000,0.00141209,-0.00000000,0.00141209
33,43,1.00000000,0.00141209,-0.00000000,0.00141209
34,43,1.00000000,0.00141209,-0.00000000,0.00141209
35,43,1.00000000,0.00141209,-0.00000000,0.00141209
36,43,1.00000000,0.00141209,-0.00000000,0.00141209
37,43,1.00000000,0.00141209,-0.00000000,0.00141209
38,43,1.00000000,0.00141209,-0.00000000,0.00141209
39,43,1.00000000,0.00141209,-0.00000000,0.00141209
40,43,1.00000000,0.00141209,-0.00000000,0.00141209
41,43,1.00000000,0.00141209,-0.00000000,0.00141209
42,43,1.00000000,0.00141209,-0.00000000,0.00141209
43,43,1.00000000,0.00141209,-0.00000000,0.00141209
44,43,1.00000000,0.00141209,-0.00000000,0.00141209
45,43,1.00000000,0.00141209,-0.00000000,0.00141209
46,43,1.00000000,0.00141209,-0.00000000,0.00141209
47,43,1.00000000,0.00141209,-0.00000000,0.00141209
48,43,1.00000000,0.00141209,-0.00000000,0.00141209
49,43,1.00000000,0.00141209,-0.00000000,0.00141209
50,43,1.00000000,0.00141209,-0.00000000,0.00141209
51,43,1.00000000,0.00141209,-0.00000000,0.00141209
52,43,1.00000000,0.00141209,-0.00000000,0.00141209
53,43,1.00000000,0.00141209,-0.00000000,0.00141209
54,43,1.00000000,0.00141209,-0.00000000,0.00141209
55,43,1.00000000,0.00141209,-0.00000000,0.00141209
56,43,1.00000000,0.00141209,-0.00000000,0.00141209
57,43,1.00000000,0.00141209,-0.00000000,0.00141209
58,43,1.00000000,0.00141209,-0.00000000,0.00141209
59,43,1.00000000,0.00141209,-0.00000000,0.00141209
60,43,1.00000000,0.00141209,-0.00000000,0.00141209
61,43,1.00000000,0.00141209,-0.00000000,0.00141209
62,43,1.00000000,0.00141209,-0.00000000,0.00141209
63,43,1.00000000,0.00141209,-0.00000000,0.00141209
64,43,1.00000000,0.00141209,-0.00000000,0.00141209
65,43,1.00000000,0.00141209,-0.00000000,0.00141209
66,43,1.00000000,0.00141209,-0.00000000,0.00141209
67,43,1.00000000,0.00141209,-0.00000000,0.00141209
68,43,1.00000000,0.00141209,-0.00000000,0.00141209
69,43,1.00000000,0.00141209,-0.00000000,0.00141209
70,43,1.00000000,0.00141209,-0.00000000,0.00141209
71,43,1.00000000,0.00141209,-0.00000000,0.00141209
72,43,1.00000000,0.00141209,-0.00000000,0.00141209
73,43,1.00000000,0.00141209,-0.00000000,0.00141209
74,43,1.00000000,0.00141209,-0.00000000,0.00141209
75,43,1.00000000,0.00141209,-0.00000000,0.00141209
76,43,1.00000000,0.00141209,-0.00000000,0.00141209
77,43,1.00000000,0.00141209,-0.00000000,0.00141209
78,43,1.00000000,0.00141209,-0.00000000,0.00141209
79,43,1.00000000,0.00141209,-0.00000000,0.00141209
80,43,1.00000000,0.00141209,-0.00000000,0.00141209
81,43,1.00000000,0.00141209,-0.00000000,0.00141209
82,43,1.00000000,0.00141209,-0.00000000,0.00141209
83,43,1.00000000,0.00141209,-0.00000000,0.00141209
84,43,1.00000000,0.00141209,-0.00000000,0.00141209
85,43,1.00000000,0.00141209,-0.00000000,0.00141209
86,43,1.00000000,0.00141209,-0.00000000,0.00141209
87,43,1.00000000,0.00141209,-0.00000000,0.00141209
88,43,1.00000000,0.00141209,-0.00000000,0.00141209
89,43,1.00000000,0.00141209,-0.00000000,0.00141209
90,43,1.00000000,0.00141209,-0.00000000,0.00141209
91,43,1.00000000,0.00141209,-0.00000000,0.00141209
92,43,1.00000000,0.00141209,-0.00000000,0.00141209
93,43,1.00000000,0.00141209,-0.00000000,0.00141209
94,43,1.00000000,0.00141209,-0.00000000,0.00141209
95,43,1.00000000,0.00141209,-0.00000000,0.00141209
96,43,1.00000000,0.00141209,-0.00000000,0.00141209
97,43,1.00000000,0.00141209,-0.00000000,0.00141209
98,43,1.00000000,0.00141209,-0.00000000,0.00141209
99,43,1.00000000,0.00141209,-0.00000000,0.00141209
100,43,1.00000000,0.00141209,-0.00000000,0.00141209
101,43,1.00000000,0.00141209,-0.00000000,0.00141209
102,43,1.00000000,0.00141209,-0.00000000,0.00141209
103,43,1.00000000,0.00141209,-0.00000000,0.00141209
104,43,1.00000000,0.00141209,-0.00000000,0.00141209
105,43,1.00000000,0.00141209,-0.00000000,0.00141209
106,43,1.00000000,0.00141209,-0.00000000,0.00141209
107,43,1.00000000,0.00141209,-0.00000000,0.00141209
108,43,1.00000000,0.00141209,-0.00000000,0.00141209
109,43,1.00000000,0.00141209,-0.00000000,0.00141209
110,43,1.00000000,0.00141209,-0.00000000,0.00141209
111,43,1.00000000,0.00141209,-0.00000000,0.00141209
112,43,1.00000000,0.00141209,-0.00000000,0.00141209
113,43,1.00000000,0.00141209,-0.00000000,0.00141209
114,43,1.00000000,0.00141209,-0.00000000,0.00141209
115,43,1.00000000,0.00141209,-0.00000000,0.00141209
116,43,1.00000000,0.00141209,-0.00000000,0.00141209
117,43,1.00000000,0.00141209,-0.00000000,0.00141209
118,43,1.00000000,0.00141209,-0.00000000,0.00141209
119,43,1.00000000,0.00141209,-0.00000000,0.00141209
120,43,1.00000000,0.00141209,-0.00000000,0.00141209
121,43,1.00000000,0.00141209,-0.00000000,0.00141209
122,43,1.00000000,0.00141209,-0.00000000,0.00141209
123,43,1.00000000,0.00141209,-0.00000000,0.00141209
124,43,1.00000000,0.00141209,-0.00000000,0.00141209
125,43,1.00000000,0.00141209,-0.00000000,0.00141209
126,43,1.00000000,0.00141209,-0.00000000,0.00141209
127,43,1.00000000,0.00141209,-0.00000000,0.00141209
128,43,1.00000000,0.00141209,-0.00000000,0.00141209
129,43,1.00000000,0.00141209,-0.00000000,0.00141209
130,43,1.00000000,0.00141209,-0.00000000,0.00141209
131,43,1.00000000,0.00141209,-0.00000000,0.00141209
132,43,1.00000000,0.00141209,-0.00000000,0.00141209
133,43,1.00000000,0.00141209,-0.00000000,0.00141209
134,43,1.00000000,0.00141209,-0.00000000,0.00141209
135,43,1.00000000,0.00141209,-0.00000000,0.00141209
136,43,1.00000000,0.00141209,-0.00000000,0.00141209
137,43,1.00000000,0.00141209,-0.00000000,0.00141209
138,43,1.00000000,0.00141209,-0.00000000,0.00141209
139,43,1.00000000,0.00141209,-0.00000000,0.00141209
140,43,1.00000000,0.00141209,-0.00000000,0.00141209
141,43,1.00000000,0.00141209,-0.00000000,0.00141209
142,43,1.00000000,0.00141209,-0.00000000,0.00141209
143,43,1.00000000,0.00141209,-0.00000000,0.00141209
144,43,1.00000000,0.00141209,-0.00000000,0.00141209
145,43,1.00000000,0.00141209,-0.00000000,0.00141209
146,43,1.00000000,0.00141209,-0.00000000,0.00141209
147,43,1.00000000,0.00141209,-0.00000000,0.00141209
148,43,1.00000000,0.00141209,-0.00000000,0.00141209
149,43,1.00000000,0.00141209,-0.00000000,0.00141209
150,43,1.00000000,0.00141209,-0.00000000,0.00141209
151,43,1.00000000,0.00141209,-0.00000000,0.00141209
152,43,1.00000000,0.00141209,-0.00000000,0.00141209
153,43,1.00000000,0.00141209,-0.00000000,0.00141209
154,43,1.00000000,0.00141209,-0.00000000,0.00141209
155,43,1.00000000,0.00141209,-0.00000000,0.00141209
156,43,1.00000000,0.00141209,-0.00000000,0.00141209
157,43,1.00000000,0.00141209,-0.00000000,0.00141209
158,43,1.00000000,0.00141209,-0.00000000,0.00141209
159,43,1.00000000,0.00141209,-0.00000000,0.00141209
0,44,1.00000000,0.00122224,0.00000000,0.00122224
1,44,1.00000000,0.00122224,0.00000000,0.00122224
2,44,1.00000000,0.00122224,0.00000000,0.00122224
3,44,1.00000000,0.00122224,0.00000000,0.00122224
4,44,1.00000000,0.00122224,0.00000000,0.00122224
5,44,1.00000000,0.00122224,0.00000000,0.00122224
6,44,1.00000000,0.00122224,0.00000000,0.00122224
7,44,1.00000000,0.00122224,0.00000000,0.00122224
8,44,1.00000000,0.00122224,0.00000000,0.00122224
9,44,1.00000000,0.00122224,0.00000000,0.00122224
10,44,1.00000000,0.00122224,0.00000000,0.00122224
11,44,1.00000000,0.00122224,0.00000000,0.00122224
12,44,1.00000000,0.00122224,0.00000000,0.00122224
13,44,1.00000000,0.00122224,0.00000000,0.00122224
14,44,1.00000000,0.00122224,0.00000000,0.00122224
15,44,1.00000000,0.00122224,0.00000000,0.00122224
16,44,1.00000000,0.00122224,0.00000000,0.00122224
17,44,1.00000000,0.00122224,0.00000000,0.00122224
18,44,1.00000000,0.00122224,0.00000000,0.00122224
19,44,1.00000000,0.00122224,0.00000000,0.00122224
20,44,1.00000000,0.00122224,0.00000000,0.00122224
21,44,1.00000000,0.00122224,0.00000000,0.00122224
22,44,1.00000000,0.00122224,0.00000000,0.00122224
23,44,1.00000000,0.00122224,0.00000000,0.00122224
24,44,1.00000000,0.00122224,0.00000000,0.00122224
25,44,1.00000000,0.00122224,0.00000000,0.00122224
26,44,1.00000000,0.00122224,0.00000000,0.00122224
27,44,1.00000000,0.00122224,0.00000000,0.00122224
28,44,1.00000000,0.00122224,0.00000000,0.00122224
29,44,1.00000000,0.00122224,0.00000000,0.00122224
30,44,1.00000000,0.00122224,0.00000000,0.00122224
31,44,1.00000000,0.00122224,0.00000000,0.00122224
32,44,1.00000000,0.00122224,0.00000000,0.00122224
33,44,1.00000000,0.00122224,0.00000000,0.00122224
34,44,1.00000000,0.00122224,0.00000000,0.00122224
35,44,1.00000000,0.00122224,0.00000000,0.00122224
36,44,1.00000000,0.00122224,0.00000000,0.00122224
37,44,1.00000000,0.00122224,0.00000000,0.00122224
38,44,1.00000000,0.00122224,0.00000000,0.00122224
39,44,1.00000000,0.00122224,0.00000000,0.00122224
40,44,1.00000000,0.00122224,0.00000000,0.00122224
41,44,1.00000000,0.00122224,0.00000000,0.00122224
42,44,1.00000000,0.00122224,0.00000000,0.00122224
43,44,1.00000000,0.00122224,0.00000000,0.00122224
44,44,1.00000000,0.00122224,0.00000000,0.00122224
45,44,1.00000000,0.00122224,0.00000000,0.00122224
46,44,1.00000000,0.00122224,0.00000000,0.00122224
47,44,1.00000000,0.00122224,0.00000000,0.00122224
48,44,1.00000000,0.00122224,0.00000000,0.00122224
49,44,1.00000000,0.00122224,0.00000000,0.00122224
50,44,1.00000000,0.00122224,0.00000000,0.00122224
51,44,1.00000000,0.00122224,0.00000000,0.00122224
52,44,1.00000000,0.00122224,0.00000000,0.00122224
53,44,1.00000000,0.00122224,0.00000000,0.00122224
54,44,1.00000000,0.00122224,0.00000000,0.00122224
55,44,1.00000000,0.00122224,0.00000000,0.00122224
56,44,1.00000000,0.00122224,0.00000000,0.00122224
57,44,1.00000000,0.00122224,0.00000000,0.00122224
58,44,1.00000000,0.00122224,0.00000000,0.00122224
59,44,1.00000000,0.00122224,0.00000000,0.00122224
60,44,1.00000000,0.00122224,0.00000000,0.00122224
61,44,1.00000000,0.00122224,0.00000000,0.00122224
62,44,1.00000000,0.00122224,0.00000000,0.00122224
63,44,1.00000000,0.00122224,0.00000000,0.00122224
64,44,1.00000000,0.00122224,0.00000000,0.00122224
65,44,1.00000000,0.00122224,0.00000000,0.00122224
66,44,1.00000000,0.00122224,0.00000000,0.00122224
67,44,1.00000000,0.00122224,0.00000000,0.00122224
68,44,1.00000000,0.00122224,0.00000000,0.00122224
69,44,1.00000000,0.00122224,0.00000000,0.00122224
70,44,1.00000000,0.00122224,0.00000000,0.00122224
71,44,1.00000000,0.00122224,0.00000000,0.00122224
72,44,1.00000000,0.00122224,0.00000000,0.00122224
73,44,1.00000000,0.00122224,0.00000000,0.00122224
74,44,1.00000000,0.00122224,0.00000000,0.00122224
75,44,1.00000000,0.00122224,0.00000000,0.00122224
76,44,1.00000000,0.00122224,0.00000000,0.00122224
77,44,1.00000000,0.00122224,0.00000000,0.00122224
78,44,1.00000000,0.00122224,0.00000000,0.00122224
79,44,1.00000000,0.00122224,0.00000000,0.00122224
80,44,1.00000000,0.00122224,0.00000000,0.00122224
81,44,1.00000000,0.00122224,0.00000000,0.00122224
82,44,1.00000000,0.00122224,0.00000000,0.00122224
83,44,1.00000000,0.00122224,0.00000000,0.00122224
84,44,1.00000000,0.00122224,0.00000000,0.00122224
85,44,1.00000000,0.00122224,0.00000000,0.00122224
86,44,1.00000000,0.00122224,0.00000000,0.00122224
87,44,1.00000000,0.00122224,0.00000000,0.00122224
88,44,1.00000000,0.00122224,0.00000000,0.00122224
89,44,1.00000000,0.00122224,0.00000000,0.00122224
90,44,1.00000000,0.00122224,0.00000000,0.00122224
91,44,1.00000000,0.00122224,0.00000000,0.00122224
92,44,1.00000000,0.00122224,0.00000000,0.00122224
93,44,1.00000000,0.00122224,0.00000000,0.00122224
94,44,1.00000000,0.00122224,0.00000000,0.00122224
95,44,1.00000000,0.00122224,0.00000000,0.00122224
96,44,1.00000000,0.00122224,0.00000000,0.00122224
97,44,1.00000000,0.00122224,0.00000000,0.00122224
98,44,1.00000000,0.00122224,0.00000000,0.00122224
99,44,1.00000000,0.00122224,0.00000000,0.00122224
100,44,1.00000000,0.00122224,0.00000000,0.00122224
101,44,1.00000000,0.00122224,0.00000000,0.00122224
102,44,1.00000000,0.00122224,0.00000000,0.00122224
103,44,1.00000000,0.00122224,0.00000000,0.00122224
104,44,1.00000000,0.00122224,0.00000000,0.00122224
105,44,1.00000000,0.00122224,0.00000000,0.00122224
106,44,1.00000000,0.00122224,0.00000000,0.00122224
107,44,1.00000000,0.00122224,0.00000000,0.00122224
108,44,1.00000000,0.00122224,0.00000000,0.00122224
109,44,1.00000000,0.00122224,0.00000000,0.00122224
110,44,1.00000000,0.00122224,0.00000000,0.00122224
111,44,1.00000000,0.00122224,0.00000000,0.00122224
112,44,1.00000000,0.00122224,0.00000000,0.00122224
113,44,1.00000000,0.00122224,0.00000000,0.00122224
114,44,1.00000000,0.00122224,0.00000000,0.00122224
115,44,1.00000000,0.00122224,0.00000000,0.00122224
116,44,1.00000000,0.00122224,0.00000000,0.00122224
117,44,1.00000000,0.00122224,0.00000000,0.00122224
118,44,1.00000000,0.00122224,0.00000000,0.00122224
119,44,1.00000000,0.00122224,0.00000000,0.00122224
120,44,1.00000000,0.00122224,0.00000000,0.00122224
121,44,1.00000000,0.00122224,0.00000000,0.00122224
122,44,1.00000000,0.00122224,0.00000000,0.00122224
123,44,1.00000000,0.00122224,0.00000000,0.00122224
124,44,1.00000000,0.00122224,0.00000000,0.00122224
125,44,1.00000000,0.00122224,0.00000000,0.00122224
126,44,1.00000000,0.00122224,0.00000000,0.00122224
127,44,1.00000000,0.00122224,0.00000000,0.00122224
128,44,1.00000000,0.00122224,0.00000000,0.00122224
129,44,1.00000000,0.00122224,0.00000000,0.00122224
130,44,1.00000000,0.00122224,0.00000000,0.00122224
131,44,1.00000000,0.00122224,0.00000000,0.00122224
132,44,1.00000000,0.00122224,0.00000000,0.00122224
133,44,1.00000000,0.00122224,0.00000000,0.00122224
134,44,1.00000000,0.00122224,0.00000000,0.00122224
135,44,1.00000000,0.00122224,0.00000000,0.00122224
136,44,1.00000000,0.00122224,0.00000000,0.00122224
137,44,1.00000000,0.00122224,0.00000000,0.00122224
138,44,1.00000000,0.00122224,0.00000000,0.00122224
139,44,1.00000000,0.00122224,0.00000000,0.00122224
140,44,1.00000000,0.00122224,0.00000000,0.00122224
141,44,1.00000000,0.00122224,0.00000000,0.00122224
142,44,1.00000000,0.00122224,0.00000000,0.00122224
143,44,1.00000000,0.00122224,0.00000000,0.00122224
144,44,1.00000000,0.00122224,0.00000000,0.00122224
145,44,1.00000000,0.00122224,0.00000000,0.00122224
146,44,1.00000000,0.00122224,0.00000000,0.00122224
147,44,1.00000000,0.00122224,0.00000000,0.00122224
148,44,1.00000000,0.00122224,0.00000000,0.00122224
149,44,1.00000000,0.00122224,0.00000000,0.00122224
150,44,1.00000000,0.00122224,0.00000000,0.00122224
151,44,1.00000000,0.00122224,0.00000000,0.00122224
152,44,1.00000000,0.00122224,0.00000000,0.00122224
153,44,1.00000000,0.00122224,0.00000000,0.00122224
154,44,1.00000000,0.00122224,0.00000000,0.00122224
155,44,1.00000000,0.00122224,0.00000000,0.00122224
156,44,1.00000000,0.00122224,0.00000000,0.00122224
157,44,1.00000000,0.00122224,0.00000000,0.00122224
158,44,1.00000000,0.00122224,0.00000000,0.00122224
159,44,1.00000000,0.00122224,0.00000000,0.00122224
0,45,1.00000000,0.00102239,-0.00000000,0.00102239
1,45,1.00000000,0.00102239,-0.00000000,0.00102239
2,45,1.00000000,0.00102239,-0.00000000,0.00102239
3,45,1.00000000,0.00102239,-0.00000000,0.00102239
4,45,1.00000000,0.00102239,-0.00000000,0.00102239
5,45,1.00000000,0.00102239,-0.00000000,0.00102239
6,45,1.00000000,0.00102239,-0.00000000,0.00102239
7,45,1.00000000,0.00102239,-0.00000000,0.00102239
8,45,1.00000000,0.00102239,-0.00000000,0.00102239
9,45,1.00000000,0.00102239,-0.00000000,0.00102239
10,45,1.00000000,0.00102239,-0.00000000,0.00102239
11,45,1.00000000,0.00102239,-0.00000000,0.00102239
12,45,1.00000000,0.00102239,-0.00000000,0.00102239
13,45,1.00000000,0.00102239,-0.00000000,0.00102239
14,45,1.00000000,0.00102239,-0.00000000,0.00102239
15,45,1.00000000,0.00102239,-0.00000000,0.00102239
16,45,1.00000000,0.00102239,-0.00000000,0.00102239
17,45,1.00000000,0.00102239,-0.00000000,0.00102239
18,45,1.00000000,0.00102239,-0.00000000,0.00102239
19,45,1.00000000,0.00102239,-0.00000000,0.00102239
20,45,1.00000000,0.00102239,-0.00000000,0.00102239
21,45,1.00000000,0.00102239,-0.00000000,0.00102239
22,45,1.00000000,0.00102239,-0.00000000,0.00102239
23,45,1.00000000,0.00102239,-0.00000000,0.00102239
24,45,1.00000000,0.00102239,-0.00000000,0.00102239
25,45,1.00000000,0.00102239,-0.00000000,0.00102239
26,45,1.00000000,0.00102239,-0.00000000,0.00102239
27,45,1.00000000,0.00102239,-0.00000000,0.00102239
28,45,1.00000000,0.00102239,-0.00000000,0.00102239
29,45,1.00000000,0.00102239,-0.00000000,0.00102239
30,45,1.00000000,0.00102239,-0.00000000,0.00102239
31,45,1.00000000,0.00102239,-0.00000000,0.00102239
32,45,1.00000000,0.00102239,-0.00000000,0.00102239
33,45,1.00000000,0.00102239,-0.00000000,0.00102239
34,45,1.00000000,0.00102239,-0.00000000,0.00102239
35,45,1.00000000,0.00102239,-0.00000000,0.00102239
36,45,1.00000000,0.00102239,-0.00000000,0.00102239
37,45,1.00000000,0.00102239,-0.00000000,0.00102239
38,45,1.00000000,0.00102239,-0.00000000,0.00102239
39,45,1.00000000,0.00102239,-0.00000000,0.00102239
40,45,1.00000000,0.00102239,-0.00000000,0.00102239
41,45,1.00000000,0.00102239,-0.00000000,0.00102239
42,45,1.00000000,0.00102239,-0.00000000,0.00102239
43,45,1.00000000,0.00102239,-0.00000000,0.00102239
44,45,1.00000000,0.00102239,-0.00000000,0.00102239
45,45,1.00000000,0.00102239,-0.00000000,0.00102239
46,45,1.00000000,0.00102239,-0.00000000,0.00102239
47,45,1.00000000,0.00102239,-0.00000000,0.00102239
48,45,1.00000000,0.00102239,-0.00000000,0.00102239
49,45,1.00000000,0.00102239,-0.00000000,0.00102239
50,45,1.00000000,0.00102239,-0.00000000,0.00102239
51,45,1.00000000,0.00102239,-0.00000000,0.00102239
52,45,1.00000000,0.00102239,-0.00000000,0.00102239
53,45,1.00000000,0.00102239,-0.00000000,0.00102239
54,45,1.00000000,0.00102239,-0.00000000,0.00102239
55,45,1.00000000,0.00102239,-0.00000000,0.00102239
56,45,1.00000000,0.00102239,-0.00000000,0.00102239
57,45,1.00000000,0.00102239,-0.00000000,0.00102239
58,45,1.00000000,0.00102239,-0.00000000,0.00102239
59,45,1.00000000,0.00102239,-0.00000000,0.00102239
60,45,1.00000000,0.00102239,-0.00000000,0.00102239
61,45,1.00000000,0.00102239,-0.00000000,0.00102239
62,45,1.00000000,0.00102239,-0.00000000,0.00102239
63,45,1.00000000,0.00102239,-0.00000000,0.00102239
64,45,1.00000000,0.00102239,-0.00000000,0.00102239
65,45,1.00000000,0.00102239,-0.00000000,0.00102239
66,45,1.00000000,0.00102239,-0.00000000,0.00102239
67,45,1.00000000,0.00102239,-0.00000000,0.00102239
68,45,1.00000000,0.00102239,-0.00000000,0.00102239
69,45,1.00000000,0.00102239,-0.00000000,0.00102239
70,45,1.00000000,0.00102239,-0.00000000,0.00102239
71,45,1.00000000,0.00102239,-0.00000000,0.00102239
72,45,1.00000000,0.00102239,-0.00000000,0.00102239
73,45,1.00000000,0.00102239,-0.00000000,0.00102239
74,45,1.00000000,0.00102239,-0.00000000,0.00102239
75,45,1.00000000,0.00102239,-0.00000000,0.00102239
76,45,1.00000000,0.00102239,-0.00000000,0.00102239
77,45,1.00000000,0.00102239,-0.00000000,0.00102239
78,45,1.00000000,0.00102239,-0.00000000,0.00102239
79,45,1.00000000,0.00102239,-0.00000000,0.00102239
80,45,1.00000000,0.00102239,-0.00000000,0.00102239
81,45,1.00000000,0.00102239,-0.00000000,0.00102239
82,45,1.00000000,0.00102239,-0.00000000,0.00102239
83,45,1.00000000,0.00102239,-0.00000000,0.00102239
84,45,1.00000000,0.00102239,-0.00000000,0.00102239
85,45,1.00000000,0.00102239,-0.00000000,0.00102239
86,45,1.00000000,0.00102239,-0.00000000,0.00102239
87,45,1.00000000,0.00102239,-0.00000000,0.00102239
88,45,1.00000000,0.00102239,-0.00000000,0.00102239
89,45,1.00000000,0.00102239,-0.00000000,0.00102239
90,45,1.00000000,0.00102239,-0.00000000,0.00102239
91,45,1.00000000,0.00102239,-0.00000000,0.00102239
92,45,1.00000000,0.00102239,-0.00000000,0.00102239
93,45,1.00000000,0.00102239,-0.00000000,0.00102239
94,45,1.00000000,0.00102239,-0.00000000,0.00102239
95,45,1.00000000,0.00102239,-0.00000000,0.00102239
96,45,1.00000000,0.00102239,-0.00000000,0.00102239
97,45,1.00000000,0.00102239,-0.00000000,0.00102239
98,45,1.00000000,0.00102239,-0.00000000,0.00102239
99,45,1.00000000,0.00102239,-0.00000000,0.00102239
100,45,1.00000000,0.00102239,-0.00000000,0.00102239
101,45,1.00000000,0.00102239,-0.00000000,0.00102239
102,45,1.00000000,0.00102239,-0.00000000,0.00102239
103,45,1.00000000,0.00102239,-0.00000000,0.00102239
104,45,1.00000000,0.00102239,-0.00000000,0.00102239
105,45,1.00000000,0.00102239,-0.00000000,0.00102239
106,45,1.00000000,0.00102239,-0.00000000,0.00102239
107,45,1.00000000,0.00102239,-0.00000000,0.00102239
108,45,1.00000000,0.00102239,-0.00000000,0.00102239
109,45,1.00000000,0.00102239,-0.00000000,0.00102239
110,45,1.00000000,0.00102239,-0.00000000,0.00102239
111,45,1.00000000,0.00102239,-0.00000000,0.00102239
112,45,1.00000000,0.00102239,-0.00000000,0.00102239
113,45,1.00000000,0.00102239,-0.00000000,0.00102239
114,45,1.00000000,0.00102239,-0.00000000,0.00102239
115,45,1.00000000,0.00102239,-0.00000000,0.00102239
116,45,1.00000000,0.00102239,-0.00000000,0.00102239
117,45,1.00000000,0.00102239,-0.00000000,0.00102239
118,45,1.00000000,0.00102239,-0.00000000,0.00102239
119,45,1.00000000,0.00102239,-0.00000000,0.00102239
120,45,1.00000000,0.00102239,-0.00000000,0.00102239
121,45,1.00000000,0.00102239,-0.00000000,0.00102239
122,45,1.00000000,0.00102239,-0.00000000,0.00102239
123,45,1.00000000,0.00102239,-0.00000000,0.00102239
124,45,1.00000000,0.00102239,-0.00000000,0.00102239
125,45,1.00000000,0.00102239,-0.00000000,0.00102239
126,45,1.00000000,0.00102239,-0.00000000,0.00102239
127,45,1.00000000,0.00102239,-0.00000000,0.00102239
128,45,1.00000000,0.00102239,-0.00000000,0.00102239
129,45,1.00000000,0.00102239,-0.00000000,0.00102239
130,45,1.00000000,0.00102239,-0.00000000,0.00102239
131,45,1.00000000,0.00102239,-0.00000000,0.00102239
132,45,1.00000000,0.00102239,-0.00000000,0.00102239
133,45,1.00000000,0.00102239,-0.00000000,0.00102239
134,45,1.00000000,0.00102239,-0.00000000,0.00102239
135,45,1.00000000,0.00102239,-0.00000000,0.00102239
136,45,1.00000000,0.00102239,-0.00000000,0.00102239
137,45,1.00000000,0.00102239,-0.00000000,0.00102239
138,45,1.00000000,0.00102239,-0.00000000,0.00102239
139,45,1.00000000,0.00102239,-0.00000000,0.00102239
140,45,1.00000000,0.00102239,-0.00000000,0.00102239
141,45,1.00000000,0.00102239,-0.00000000,0.00102239
142,45,1.00000000,0.00102239,-0.00000000,0.00102239
143,45,1.00000000,0.00102239,-0.00000000,0.00102239
144,45,1.00000000,0.00102239,-0.00000000,0.00102239
145,45,1.00000000,0.00102239,-0.00000000,0.00102239
146,45,1.00000000,0.00102239,-0.00000000,0.00102239
147,45,1.00000000,0.00102239,-0.00000000,0.00102239
148,45,1.00000000,0.00102239,-0.00000000,0.00102239
149,45,1.00000000,0.00102239,-0.00000000,0.00102239
150,45,1.00000000,0.00102239,-0.00000000,0.00102239
151,45,1.00000000,0.00102239,-0.00000000,0.00102239
152,45,1.00000000,0.00102239,-0.00000000,0.00102239
153,45,1.00000000,0.00102239,-0.00000000,0.00102239
154,45,1.00000000,0.00102239,-0.00000000,0.00102239
155,45,1.00000000,0.00102239,-0.00000000,0.00102239
156,45,1.00000000,0.00102239,-0.00000000,0.00102239
157,45,1.00000000,0.00102239,-0.00000000,0.00102239
158,45,1.00000000,0.00102239,-0.00000000,0.00102239
159,45,1.00000000,0.00102239,-0.00000000,0.00102239
0,46,1.00000000,0.00081255,0.00000000,0.00081255
1,46,1.00000000,0.00081255,0.00000000,0.00081255
2,46,1.00000000,0.00081255,0.00000000,0.00081255
3,46,1.00000000,0.00081255,0.00000000,0.00081255
4,46,1.00000000,0.00081255,0.00000000,0.00081255
5,46,1.00000000,0.00081255,0.00000000,0.00081255
6,46,1.00000000,0.00081255,0.00000000,0.00081255
7,46,1.00000000,0.00081255,0.00000000,0.00081255
8,46,1.00000000,0.00081255,0.00000000,0.00081255
9,46,1.00000000,0.00081255,0.00000000,0.00081255
10,46,1.00000000,0.00081255,0.00000000,0.00081255
11,46,1.00000000,0.00081255,0.00000000,0.00081255
12,46,1.00000000,0.00081255,0.00000000,0.00081255
13,46,1.00000000,0.00081255,0.00000000,0.00081255
14,46,1.00000000,0.00081255,0.00000000,0.00081255
15,46,1.00000000,0.00081255,0.00000000,0.00081255
16,46,1.00000000,0.00081255,0.00000000,0.00081255
17,46,1.00000000,0.00081255,0.00000000,0.00081255
18,46,1.00000000,0.00081255,0.00000000,0.00081255
19,46,1.00000000,0.00081255,0.00000000,0.00081255
20,46,1.00000000,0.00081255,0.00000000,0.00081255
21,46,1.00000000,0.00081255,0.00000000,0.00081255
22,46,1.00000000,0.00081255,0.00000000,0.00081255
23,46,1.00000000,0.00081255,0.00000000,0.00081255
24,46,1.00000000,0.00081255,0.00000000,0.00081255
25,46,1.00000000,0.00081255,0.00000000,0.00081255
26,46,1.00000000,0.00081255,0.00000000,0.00081255
27,46,1.00000000,0.00081255,0.00000000,0.00081255
28,46,1.00000000,0.00081255,0.00000000,0.00081255
29,46,1.00000000,0.00081255,0.00000000,0.00081255
30,46,1.00000000,0.00081255,0.00000000,0.00081255
31,46,1.00000000,0.00081255,0.00000000,0.00081255
32,46,1.00000000,0.00081255,0.00000000,0.00081255
33,46,1.00000000,0.00081255,0.00000000,0.00081255
34,46,1.00000000,0.00081255,0.00000000,0.00081255
35,46,1.00000000,0.00081255,0.00000000,0.00081255
36,46,1.00000000,0.00081255,0.00000000,0.00081255
37,46,1.00000000,0.00081255,0.00000000,0.00081255
38,46,1.00000000,0.00081255,0.00000000,0.00081255
39,46,1.00000000,0.00081255,0.00000000,0.00081255
40,46,1.00000000,0.00081255,0.00000000,0.00081255
41,46,1.00000000,0.00081255,0.00000000,0.00081255
42,46,1.00000000,0.00081255,0.00000000,0.00081255
43,46,1.00000000,0.00081255,0.00000000,0.00081255
44,46,1.00000000,0.00081255,0.00000000,0.00081255
45,46,1.00000000,0.00081255,0.00000000,0.00081255
46,46,1.00000000,0.00081255,0.00000000,0.00081255
47,46,1.00000000,0.00081255,0.00000000,0.00081255
48,46,1.00000000,0.00081255,0.00000000,0.00081255
49,46,1.00000000,0.00081255,0.00000000,0.00081255
50,46,1.00000000,0.00081255,0.00000000,0.00081255
51,46,1.00000000,0.00081255,0.00000000,0.00081255
52,46,1.00000000,0.00081255,0.00000000,0.00081255
53,46,1.00000000,0.00081255,0.00000000,0.00081255
54,46,1.00000000,0.00081255,0.00000000,0.00081255
55,46,1.00000000,0.00081255,0.00000000,0.00081255
56,46,1.00000000,0.00081255,0.00000000,0.00081255
57,46,1.00000000,0.00081255,0.00000000,0.00081255
58,46,1.00000000,0.00081255,0.00000000,0.00081255
59,46,1.00000000,0.00081255,0.00000000,0.00081255
60,46,1.00000000,0.00081255,0.00000000,0.00081255
61,46,1.00000000,0.00081255,0.00000000,0.00081255
62,46,1.00000000,0.00081255,0.00000000,0.00081255
63,46,1.00000000,0.00081255,0.00000000,0.00081255
64,46,1.00000000,0.00081255,0.00000000,0.00081255
65,46,1.00000000,0.00081255,0.00000000,0.00081255
66,46,1.00000000,0.00081255,0.00000000,0.00081255
67,46,1.00000000,0.00081255,0.00000000,0.00081255
68,46,1.00000000,0.00081255,0.00000000,0.00081255
69,46,1.00000000,0.00081255,0.00000000,0.00081255
70,46,1.00000000,0.00081255,0.00000000,0.00081255
71,46,1.00000000,0.00081255,0.00000000,0.00081255
72,46,1.00000000,0.00081255,0.00000000,0.00081255
73,46,1.00000000,0.00081255,0.00000000,0.00081255
74,46,1.00000000,0.00081255,0.00000000,0.00081255
75,46,1.00000000,0.00081255,0.00000000,0.00081255
76,46,1.00000000,0.00081255,0.00000000,0.00081255
77,46,1.00000000,0.00081255,0.00000000,0.00081255
78,46,1.00000000,0.00081255,0.00000000,0.00081255
79,46,1.00000000,0.00081255,0.00000000,0.00081255
80,46,1.00000000,0.00081255,0.00000000,0.00081255
81,46,1.00000000,0.00081255,0.00000000,0.00081255
82,46,1.00000000,0.00081255,0.00000000,0.00081255
83,46,1.00000000,0.00081255,0.00000000,0.00081255
84,46,1.00000000,0.00081255,0.00000000,0.00081255
85,46,1.00000000,0.00081255,0.00000000,0.00081255
86,46,1.00000000,0.00081255,0.00000000,0.00081255
87,46,1.00000000,0.00081255,0.00000000,0.00081255
88,46,1.00000000,0.00081255,0.00000000,0.00081255
89,46,1.00000000,0.00081255,0.00000000,0.00081255
90,46,1.00000000,0.00081255,0.00000000,0.00081255
91,46,1.00000000,0.00081255,0.00000000,0.00081255
92,46,1.00000000,0.00081255,0.00000000,0.00081255
93,46,1.00000000,0.00081255,0.00000000,0.00081255
94,46,1.00000000,0.00081255,0.00000000,0.00081255
95,46,1.00000000,0.00081255,0.00000000,0.00081255
96,46,1.00000000,0.00081255,0.00000000,0.00081255
97,46,1.00000000,0.00081255,0.00000000,0.00081255
98,46,1.00000000,0.00081255,0.00000000,0.00081255
99,46,1.00000000,0.00081255,0.00000000,0.00081255
100,46,1.00000000,0.00081255,0.00000000,0.00081255
101,46,1.00000000,0.00081255,0.00000000,0.00081255
102,46,1.00000000,0.00081255,0.00000000,0.00081255
103,46,1.00000000,0.00081255,0.00000000,0.00081255
104,46,1.00000000,0.00081255,0.00000000,0.00081255
105,46,1.00000000,0.00081255,0.00000000,0.00081255
106,46,1.00000000,0.00081255,0.00000000,0.00081255
107,46,1.00000000,0.00081255,0.00000000,0.00081255
108,46,1.00000000,0.00081255,0.00000000,0.00081255
109,46,1.00000000,0.00081255,0.00000000,0.00081255
110,46,1.00000000,0.00081255,0.00000000,0.00081255
111,46,1.00000000,0.00081255,0.00000000,0.00081255
112,46,1.00000000,0.00081255,0.00000000,0.00081255
113,46,1.00000000,0.00081255,0.00000000,0.00081255
114,46,1.00000000,0.00081255,0.00000000,0.00081255
115,46,1.00000000,0.00081255,0.00000000,0.00081255
116,46,1.00000000,0.00081255,0.00000000,0.00081255
117,46,1.00000000,0.00081255,0.00000000,0.00081255
118,46,1.00000000,0.00081255,0.00000000,0.00081255
119,46,1.00000000,0.00081255,0.00000000,0.00081255
120,46,1.00000000,0.00081255,0.00000000,0.00081255
121,46,1.00000000,0.00081255,0.00000000,0.00081255
122,46,1.00000000,0.00081255,0.00000000,0.00081255
123,46,1.00000000,0.00081255,0.00000000,0.00081255
124,46,1.00000000,0.00081255,0.00000000,0.00081255
125,46,1.00000000,0.00081255,0.00000000,0.00081255
126,46,1.00000000,0.00081255,0.00000000,0.00081255
127,46,1.00000000,0.00081255,0.00000000,0.00081255
128,46,1.00000000,0.00081255,0.00000000,0.00081255
129,46,1.00000000,0.00081255,0.00000000,0.00081255
130,46,1.00000000,0.00081255,0.00000000,0.00081255
131,46,1.00000000,0.00081255,0.00000000,0.00081255
132,46,1.00000000,0.00081255,0.00000000,0.00081255
133,46,1.00000000,0.00081255,0.00000000,0.00081255
134,46,1.00000000,0.00081255,0.00000000,0.00081255
135,46,1.00000000,0.00081255,0.00000000,0.00081255
136,46,1.00000000,0.00081255,0.00000000,0.00081255
137,46,1.00000000,0.00081255,0.00000000,0.00081255
138,46,1.00000000,0.00081255,0.00000000,0.00081255
139,46,1.00000000,0.00081255,0.00000000,0.00081255
140,46,1.00000000,0.00081255,0.00000000,0.00081255
141,46,1.00000000,0.00081255,0.00000000,0.00081255
142,46,1.00000000,0.00081255,0.00000000,0.00081255
143,46,1.00000000,0.00081255,0.00000000,0.00081255
144,46,1.00000000,0.00081255,0.00000000,0.00081255
145,46,1.00000000,0.00081255,0.00000000,0.00081255
146,46,1.00000000,0.00081255,0.00000000,0.00081255
147,46,1.00000000,0.00081255,0.00000000,0.00081255
148,46,1.00000000,0.00081255,0.00000000,0.00081255
149,46,1.00000000,0.00081255,0.00000000,0.00081255
150,46,1.00000000,0.00081255,0.00000000,0.00081255
151,46,1.00000000,0.00081255,0.00000000,0.00081255
152,46,1.00000000,0.00081255,0.00000000,0.00081255
153,46,1.00000000,0.00081255,0.00000000,0.00081255
154,46,1.00000000,0.00081255,0.00000000,0.00081255
155,46,1.00000000,0.00081255,0.00000000,0.00081255
156,46,1.00000000,0.00081255,0.00000000,0.00081255
157,46,1.00000000,0.00081255,0.00000000,0.00081255
158,46,1.00000000,0.00081255,0.00000000,0.00081255
159,46,1.00000000,0.00081255,0.00000000,0.00081255
0,47,1.00000000,0.00059270,-0.00000000,0.00059270
1,47,1.00000000,0.00059270,-0.00000000,0.00059270
2,47,1.00000000,0.00059270,-0.00000000,0.00059270
3,47,1.00000000,0.00059270,-0.00000000,0.00059270
4,47,1.00000000,0.00059270,-0.00000000,0.00059270
5,47,1.00000000,0.00059270,-0.00000000,0.00059270
6,47,1.00000000,0.00059270,-0.00000000,0.00059270
7,47,1.00000000,0.00059270,-0.00000000,0.00059270
8,47,1.00000000,0.00059270,-0.00000000,0.00059270
9,47,1.00000000,0.00059270,-0.00000000,0.00059270
10,47,1.00000000,0.00059270,-0.00000000,0.00059270
11,47,1.00000000,0.00059270,-0.00000000,0.00059270
12,47,1.00000000,0.00059270,-0.00000000,0.00059270
13,47,1.00000000,0.00059270,-0.00000000,0.00059270
14,47,1.00000000,0.00059270,-0.00000000,0.00059270
15,47,1.00000000,0.00059270,-0.00000000,0.00059270
16,47,1.00000000,0.00059270,-0.00000000,0.00059270
17,47,1.00000000,0.00059270,-0.00000000,0.00059270
18,47,1.00000000,0.00059270,-0.00000000,0.00059270
19,47,1.00000000,0.00059270,-0.00000000,0.00059270
20,47,1.00000000,0.00059270,-0.00000000,0.00059270
21,47,1.00000000,0.00059270,-0.00000000,0.00059270
22,47,1.00000000,0.00059270,-0.00000000,0.00059270
23,47,1.00000000,0.00059270,-0.00000000,0.00059270
24,47,1.00000000,0.00059270,-0.00000000,0.00059270
25,47,1.00000000,0.00059270,-0.00000000,0.00059270
26,47,1.00000000,0.00059270,-0.00000000,0.00059270
27,47,1.00000000,0.00059270,-0.00000000,0.00059270
28,47,1.00000000,0.00059270,-0.00000000,0.00059270
29,47,1.00000000,0.00059270,-0.00000000,0.00059270
30,47,1.00000000,0.00059270,-0.00000000,0.00059270
31,47,1.00000000,0.00059270,-0.00000000,0.00059270
32,47,1.00000000,0.00059270,-0.00000000,0.00059270
33,47,1.00000000,0.00059270,-0.00000000,0.00059270
34,47,1.00000000,0.00059270,-0.00000000,0.00059270
35,47,1.00000000,0.00059270,-0.00000000,0.00059270
36,47,1.00000000,0.00059270,-0.00000000,0.00059270
37,47,1.00000000,0.00059270,-0.00000000,0.00059270
38,47,1.00000000,0.00059270,-0.00000000,0.00059270
39,47,1.00000000,0.00059270,-0.00000000,0.00059270
40,47,1.00000000,0.00059270,-0.00000000,0.00059270
41,47,1.00000000,0.00059270,-0.00000000,0.00059270
42,47,1.00000000,0.00059270,-0.00000000,0.00059270
43,47,1.00000000,0.00059270,-0.00000000,0.00059270
44,47,1.00000000,0.00059270,-0.00000000,0.00059270
45,47,1.00000000,0.00059270,-0.00000000,0.00059270
46,47,1.00000000,0.00059270,-0.00000000,0.00059270
47,47,1.00000000,0.00059270,-0.00000000,0.00059270
48,47,1.00000000,0.00059270,-0.00000000,0.00059270
49,47,1.00000000,0.00059270,-0.00000000,0.00059270
50,47,1.00000000,0.00059270,-0.00000000,0.00059270
51,47,1.00000000,0.00059270,-0.00000000,0.00059270
52,47,1.00000000,0.00059270,-0.00000000,0.00059270
53,47,1.00000000,0.00059270,-0.00000000,0.00059270
54,47,1.00000000,0.00059270,-0.00000000,0.00059270
55,47,1.00000000,0.00059270,-0.00000000,0.00059270
56,47,1.00000000,0.00059270,-0.00000000,0.00059270
57,47,1.00000000,0.00059270,-0.00000000,0.00059270
58,47,1.00000000,0.00059270,-0.00000000,0.00059270
59,47,1.00000000,0.00059270,-0.00000000,0.00059270
60,47,1.00000000,0.00059270,-0.00000000,0.00059270
61,47,1.00000000,0.00059270,-0.00000000,0.00059270
62,47,1.00000000,0.00059270,-0.00000000,0.00059270
63,47,1.00000000,0.00059270,-0.00000000,0.00059270
64,47,1.00000000,0.00059270,-0.00000000,0.00059270
65,47,1.00000000,0.00059270,-0.00000000,0.00059270
66,47,1.00000000,0.00059270,-0.00000000,0.00059270
67,47,1.00000000,0.00059270,-0.00000000,0.00059270
68,47,1.00000000,0.00059270,-0.00000000,0.00059270
69,47,1.00000000,0.00059270,-0.00000000,0.00059270
70,47,1.00000000,0.00059270,-0.00000000,0.00059270
71,47,1.00000000,0.00059270,-0.00000000,0.00059270
72,47,1.00000000,0.00059270,-0.00000000,0.00059270
73,47,1.00000000,0.00059270,-0.00000000,0.00059270
74,47,1.00000000,0.00059270,-0.00000000,0.00059270
75,47,1.00000000,0.00059270,-0.00000000,0.00059270
76,47,1.00000000,0.00059270,-0.00000000,0.00059270
77,47,1.00000000,0.00059270,-0.00000000,0.00059270
78,47,1.00000000,0.00059270,-0.00000000,0.00059270
79,47,1.00000000,0.00059270,-0.00000000,0.00059270
80,47,1.00000000,0.00059270,-0.00000000,0.00059270
81,47,1.00000000,0.00059270,-0.00000000,0.00059270
82,47,1.00000000,0.00059270,-0.00000000,0.00059270
83,47,1.00000000,0.00059270,-0.00000000,0.00059270
84,47,1.00000000,0.00059270,-0.00000000,0.00059270
85,47,1.00000000,0.00059270,-0.00000000,0.00059270
86,47,1.00000000,0.00059270,-0.00000000,0.00059270
87,47,1.00000000,0.00059270,-0.00000000,0.00059270
88,47,1.00000000,0.00059270,-0.00000000,0.00059270
89,47,1.00000000,0.00059270,-0.00000000,0.00059270
90,47,1.00000000,0.00059270,-0.00000000,0.00059270
91,47,1.00000000,0.00059270,-0.00000000,0.00059270
92,47,1.00000000,0.00059270,-0.00000000,0.00059270
93,47,1.00000000,0.00059270,-0.00000000,0.00059270
94,47,1.00000000,0.00059270,-0.00000000,0.00059270
95,47,1.00000000,0.00059270,-0.00000000,0.00059270
96,47,1.00000000,0.00059270,-0.00000000,0.00059270
97,47,1.00000000,0.00059270,-0.00000000,0.00059270
98,47,1.00000000,0.00059270,-0.00000000,0.00059270
99,47,1.00000000,0.00059270,-0.00000000,0.00059270
100,47,1.00000000,0.00059270,-0.00000000,0.00059270
101,47,1.00000000,0.00059270,-0.00000000,0.00059270
102,47,1.00000000,0.00059270,-0.00000000,0.00059270
103,47,1.00000000,0.00059270,-0.00000000,0.00059270
104,47,1.00000000,0.00059270,-0.00000000,0.00059270
105,47,1.00000000,0.00059270,-0.00000000,0.00059270
106,47,1.00000000,0.00059270,-0.00000000,0.00059270
107,47,1.00000000,0.00059270,-0.00000000,0.00059270
108,47,1.00000000,0.00059270,-0.00000000,0.00059270
109,47,1.00000000,0.00059270,-0.00000000,0.00059270
110,47,1.00000000,0.00059270,-0.00000000,0.00059270
111,47,1.00000000,0.00059270,-0.00000000,0.00059270
112,47,1.00000000,0.00059270,-0.00000000,0.00059270
113,47,1.00000000,0.00059270,-0.00000000,0.00059270
114,47,1.00000000,0.00059270,-0.00000000,0.00059270
115,47,1.00000000,0.00059270,-0.00000000,0.00059270
116,47,1.00000000,0.00059270,-0.00000000,0.00059270
117,47,1.00000000,0.00059270,-0.00000000,0.00059270
118,47,1.00000000,0.00059270,-0.00000000,0.00059270
119,47,1.00000000,0.00059270,-0.00000000,0.00059270
120,47,1.00000000,0.00059270,-0.00000000,0.00059270
121,47,1.00000000,0.00059270,-0.00000000,0.00059270
122,47,1.00000000,0.00059270,-0.00000000,0.00059270
123,47,1.00000000,0.00059270,-0.00000000,0.00059270
124,47,1.00000000,0.00059270,-0.00000000,0.00059270
125,47,1.00000000,0.00059270,-0.00000000,0.00059270
126,47,1.00000000,0.00059270,-0.00000000,0.00059270
127,47,1.00000000,0.00059270,-0.00000000,0.00059270
128,47,1.00000000,0.00059270,-0.00000000,0.00059270
129,47,1.00000000,0.00059270,-0.00000000,0.00059270
130,47,1.00000000,0.00059270,-0.00000000,0.00059270
131,47,1.00000000,0.00059270,-0.00000000,0.00059270
132,47,1.00000000,0.00059270,-0.00000000,0.00059270
133,47,1.00000000,0.00059270,-0.00000000,0.00059270
134,47,1.00000000,0.00059270,-0.00000000,0.00059270
135,47,1.00000000,0.00059270,-0.00000000,0.00059270
136,47,1.00000000,0.00059270,-0.00000000,0.00059270
137,47,1.00000000,0.00059270,-0.00000000,0.00059270
138,47,1.00000000,0.00059270,-0.00000000,0.00059270
139,47,1.00000000,0.00059270,-0.00000000,0.00059270
140,47,1.00000000,0.00059270,-0.00000000,0.00059270
141,47,1.00000000,0.00059270,-0.00000000,0.00059270
142,47,1.00000000,0.00059270,-0.00000000,0.00059270
143,47,1.00000000,0.00059270,-0.00000000,0.00059270
144,47,1.00000000,0.00059270,-0.00000000,0.00059270
145,47,1.00000000,0.00059270,-0.00000000,0.00059270
146,47,1.00000000,0.00059270,-0.00000000,0.00059270
147,47,1.00000000,0.00059270,-0.00000000,0.00059270
148,47,1.00000000,0.00059270,-0.00000000,0.00059270
149,47,1.00000000,0.00059270,-0.00000000,0.00059270
150,47,1.00000000,0.00059270,-0.00000000,0.00059270
151,47,1.00000000,0.00059270,-0.00000000,0.00059270
152,47,1.00000000,0.00059270,-0.00000000,0.00059270
153,47,1.00000000,0.00059270,-0.00000000,0.00059270
154,47,1.00000000,0.00059270,-0.00000000,0.00059270
155,47,1.00000000,0.00059270,-0.00000000,0.00059270
156,47,1.00000000,0.00059270,-0.00000000,0.00059270
157,47,1.00000000,0.00059270,-0.00000000,0.00059270
158,47,1.00000000,0.00059270,-0.00000000,0.00059270
159,47,1.00000000,0.00059270,-0.00000000,0.00059270
0,48,1.00000000,0.00036286,0.00000000,0.00036286
1,48,1.00000000,0.00036286,0.00000000,0.00036286
2,48,1.00000000,0.00036286,0.00000000,0.00036286
3,48,1.00000000,0.00036286,0.00000000,0.00036286
4,48,1.00000000,0.00036286,0.00000000,0.00036286
5,48,1.00000000,0.00036286,0.00000000,0.00036286
6,48,1.00000000,0.00036286,0.00000000,0.00036286
7,48,1.00000000,0.00036286,0.00000000,0.00036286
8,48,1.00000000,0.00036286,0.00000000,0.00036286
9,48,1.00000000,0.00036286,0.00000000,0.00036286
10,48,1.00000000,0.00036286,0.00000000,0.00036286
11,48,1.00000000,0.00036286,0.00000000,0.00036286
12,48,1.00000000,0.00036286,0.00000000,0.00036286
13,48,1.00000000,0.00036286,0.00000000,0.00036286
14,48,1.00000000,0.00036286,0.00000000,0.00036286
15,48,1.00000000,0.00036286,0.00000000,0.00036286
16,48,1.00000000,0.00036286,0.00000000,0.00036286
17,48,1.00000000,0.00036286,0.00000000,0.00036286
18,48,1.00000000,0.00036286,0.00000000,0.00036286
19,48,1.00000000,0.00036286,0.00000000,0.00036286
20,48,1.00000000,0.00036286,0.00000000,0.00036286
21,48,1.00000000,0.00036286,0.00000000,0.00036286
22,48,1.00000000,0.00036286,0.00000000,0.00036286
23,48,1.00000000,0.00036286,0.00000000,0.00036286
24,48,1.00000000,0.00036286,0.00000000,0.00036286
25,48,1.00000000,0.00036286,0.00000000,0.00036286
26,48,1.00000000,0.00036286,0.00000000,0.00036286
27,48,1.00000000,0.00036286,0.00000000,0.00036286
28,48,1.00000000,0.00036286,0.00000000,0.00036286
29,48,1.00000000,0.00036286,0.00000000,0.00036286
30,48,1.00000000,0.00036286,0.00000000,0.00036286
31,48,1.00000000,0.00036286,0.00000000,0.00036286
32,48,1.00000000,0.00036286,0.00000000,0.00036286
33,48,1.00000000,0.00036286,0.00000000,0.00036286
34,48,1.00000000,0.00036286,0.00000000,0.00036286
35,48,1.00000000,0.00036286,0.00000000,0.00036286
36,48,1.00000000,0.00036286,0.00000000,0.00036286
37,48,1.00000000,0.00036286,0.00000000,0.00036286
38,48,1.00000000,0.00036286,0.00000000,0.00036286
39,48,1.00000000,0.00036286,0.00000000,0.00036286
40,48,1.00000000,0.00036286,0.00000000,0.00036286
41,48,1.00000000,0.00036286,0.00000000,0.00036286
42,48,1.00000000,0.00036286,0.00000000,0.00036286
43,48,1.00000000,0.00036286,0.00000000,0.00036286
44,48,1.00000000,0.00036286,0.00000000,0.00036286
45,48,1.00000000,0.00036286,0.00000000,0.00036286
46,48,1.00000000,0.00036286,0.00000000,0.00036286
47,48,1.00000000,0.00036286,0.00000000,0.00036286
48,48,1.00000000,0.00036286,0.00000000,0.00036286
49,48,1.00000000,0.00036286,0.00000000,0.00036286
50,48,1.00000000,0.00036286,0.00000000,0.00036286
51,48,1.00000000,0.00036286,0.00000000,0.00036286
52,48,1.00000000,0.00036286,0.00000000,0.00036286
53,48,1.00000000,0.00036286,0.00000000,0.00036286
54,48,1.00000000,0.00036286,0.00000000,0.00036286
55,48,1.00000000,0.00036286,0.00000000,0.00036286
56,48,1.00000000,0.00036286,0.00000000,0.00036286
57,48,1.00000000,0.00036286,0.00000000,0.00036286
58,48,1.00000000,0.00036286,0.00000000,0.00036286
59,48,1.00000000,0.00036286,0.00000000,0.00036286
60,48,1.00000000,0.00036286,0.00000000,0.00036286
61,48,1.00000000,0.00036286,0.00000000,0.00036286
62,48,1.00000000,0.00036286,0.00000000,0.00036286
63,48,1.00000000,0.00036286,0.00000000,0.00036286
64,48,1.00000000,0.00036286,0.00000000,0.00036286
65,48,1.00000000,0.00036286,0.00000000,0.00036286
66,48,1.00000000,0.00036286,0.00000000,0.00036286
67,48,1.00000000,0.00036286,0.00000000,0.00036286
68,48,1.00000000,0.00036286,0.00000000,0.00036286
69,48,1.00000000,0.00036286,0.00000000,0.00036286
70,48,1.00000000,0.00036286,0.00000000,0.00036286
71,48,1.00000000,0.00036286,0.00000000,0.00036286
72,48,1.00000000,0.00036286,0.00000000,0.00036286
73,48,1.00000000,0.00036286,0.00000000,0.00036286
74,48,1.00000000,0.00036286,0.00000000,0.00036286
75,48,1.00000000,0.00036286,0.00000000,0.00036286
76,48,1.00000000,0.00036286,0.00000000,0.00036286
77,48,1.00000000,0.00036286,0.00000000,0.00036286
78,48,1.00000000,0.00036286,0.00000000,0.00036286
79,48,1.00000000,0.00036286,0.00000000,0.00036286
80,48,1.00000000,0.00036286,0.00000000,0.00036286
81,48,1.00000000,0.00036286,0.00000000,0.00036286
82,48,1.00000000,0.00036286,0.00000000,0.00036286
83,48,1.00000000,0.00036286,0.00000000,0.00036286
84,48,1.00000000,0.00036286,0.00000000,0.00036286
85,48,1.00000000,0.00036286,0.00000000,0.00036286
86,48,1.00000000,0.00036286,0.00000000,0.00036286
87,48,1.00000000,0.00036286,0.00000000,0.00036286
88,48,1.00000000,0.00036286,0.00000000,0.00036286
89,48,1.00000000,0.00036286,0.00000000,0.00036286
90,48,1.00000000,0.00036286,0.00000000,0.00036286
91,48,1.00000000,0.00036286,0.00000000,0.00036286
92,48,1.00000000,0.00036286,0.00000000,0.00036286
93,48,1.00000000,0.00036286,0.00000000,0.00036286
94,48,1.00000000,0.00036286,0.00000000,0.00036286
95,48,1.00000000,0.00036286,0.00000000,0.00036286
96,48,1.00000000,0.00036286,0.00000000,0.00036286
97,48,1.00000000,0.00036286,0.00000000,0.00036286
98,48,1.00000000,0.00036286,0.00000000,0.00036286
99,48,1.00000000,0.00036286,0.00000000,0.00036286
100,48,1.00000000,0.00036286,0.00000000,0.00036286
101,48,1.00000000,0.00036286,0.00000000,0.00036286
102,48,1.00000000,0.00036286,0.00000000,0.00036286
103,48,1.00000000,0.00036286,0.00000000,0.00036286
104,48,1.00000000,0.00036286,0.00000000,0.00036286
105,48,1.00000000,0.00036286,0.00000000,0.00036286
106,48,1.00000000,0.00036286,0.00000000,0.00036286
107,48,1.00000000,0.00036286,0.00000000,0.00036286
108,48,1.00000000,0.00036286,0.00000000,0.00036286
109,48,1.00000000,0.00036286,0.00000000,0.00036286
110,48,1.00000000,0.00036286,0.00000000,0.00036286
111,48,1.00000000,0.00036286,0.00000000,0.00036286
112,48,1.00000000,0.00036286,0.00000000,0.00036286
113,48,1.00000000,0.00036286,0.00000000,0.00036286
114,48,1.00000000,0.00036286,0.00000000,0.00036286
115,48,1.00000000,0.00036286,0.00000000,0.00036286
116,48,1.00000000,0.00036286,0.00000000,0.00036286
117,48,1.00000000,0.00036286,0.00000000,0.00036286
118,48,1.00000000,0.00036286,0.00000000,0.00036286
119,48,1.00000000,0.00036286,0.00000000,0.00036286
120,48,1.00000000,0.00036286,0.00000000,0.00036286
121,48,1.00000000,0.00036286,0.00000000,0.00036286
122,48,1.00000000,0.00036286,0.00000000,0.00036286
123,48,1.00000000,0.00036286,0.00000000,0.00036286
124,48,1.00000000,0.00036286,0.00000000,0.00036286
125,48,1.00000000,0.00036286,0.00000000,0.00036286
126,48,1.00000000,0.00036286,0.00000000,0.00036286
127,48,1.00000000,0.00036286,0.00000000,0.00036286
128,48,1.00000000,0.00036286,0.00000000,0.00036286
129,48,1.00000000,0.00036286,0.00000000,0.00036286
130,48,1.00000000,0.00036286,0.00000000,0.00036286
131,48,1.00000000,0.00036286,0.00000000,0.00036286
132,48,1.00000000,0.00036286,0.00000000,0.00036286
133,48,1.00000000,0.00036286,0.00000000,0.00036286
134,48,1.00000000,0.00036286,0.00000000,0.00036286
135,48,1.00000000,0.00036286,0.00000000,0.00036286
136,48,1.00000000,0.00036286,0.00000000,0.00036286
137,48,1.00000000,0.00036286,0.00000000,0.00036286
138,48,1.00000000,0.00036286,0.00000000,0.00036286
139,48,1.00000000,0.00036286,0.00000000,0.00036286
140,48,1.00000000,0.00036286,0.00000000,0.00036286
141,48,1.00000000,0.00036286,0.00000000,0.00036286
142,48,1.00000000,0.00036286,0.00000000,0.00036286
143,48,1.00000000,0.00036286,0.00000000,0.00036286
144,48,1.00000000,0.00036286,0.00000000,0.00036286
145,48,1.00000000,0.00036286,0.00000000,0.00036286
146,48,1.00000000,0.00036286,0.00000000,0.00036286
147,48,1.00000000,0.00036286,0.00000000,0.00036286
148,48,1.00000000,0.00036286,0.00000000,0.00036286
149,48,1.00000000,0.00036286,0.00000000,0.00036286
150,48,1.00000000,0.00036286,0.00000000,0.00036286
151,48,1.00000000,0.00036286,0.00000000,0.00036286
152,48,1.00000000,0.00036286,0.00000000,0.00036286
153,48,1.00000000,0.00036286,0.00000000,0.00036286
154,48,1.00000000,0.00036286,0.00000000,0.00036286
155,48,1.00000000,0.00036286,0.00000000,0.00036286
156,48,1.00000000,0.00036286,0.00000000,0.00036286
157,48,1.00000000,0.00036286,0.00000000,0.00036286
158,48,1.00000000,0.00036286,0.00000000,0.00036286
159,48,1.00000000,0.00036286,0.00000000,0.00036286
0,49,1.00000000,0.00012302,-0.00000000,0.00012302
1,49,1.00000000,0.00012302,-0.00000000,0.00012302
2,49,1.00000000,0.00012302,-0.00000000,0.00012302
3,49,1.00000000,0.00012302,-0.00000000,0.00012302
4,49,1.00000000,0.00012302,-0.00000000,0.00012302
5,49,1.00000000,0.00012302,-0.00000000,0.00012302
6,49,1.00000000,0.00012302,-0.00000000,0.00012302
7,49,1.00000000,0.00012302,-0.00000000,0.00012302
8,49,1.00000000,0.00012302,-0.00000000,0.00012302
9,49,1.00000000,0.00012302,-0.00000000,0.00012302
10,49,1.00000000,0.00012302,-0.00000000,0.00012302
11,49,1.00000000,0.00012302,-0.00000000,0.00012302
12,49,1.00000000,0.00012302,-0.00000000,0.00012302
13,49,1.00000000,0.00012302,-0.00000000,0.00012302
14,49,1.00000000,0.00012302,-0.00000000,0.00012302
15,49,1.00000000,0.00012302,-0.00000000,0.00012302
16,49,1.00000000,0.00012302,-0.00000000,0.00012302
17,49,1.00000000,0.00012302,-0.00000000,0.00012302
18,49,1.00000000,0.00012302,-0.00000000,0.00012302
19,49,1.00000000,0.00012302,-0.00000000,0.00012302
20,49,1.00000000,0.00012302,-0.00000000,0.00012302
21,49,1.00000000,0.00012302,-0.00000000,0.00012302
22,49,1.00000000,0.00012302,-0.00000000,0.00012302
23,49,1.00000000,0.00012302,-0.00000000,0.00012302
24,49,1.00000000,0.00012302,-0.00000000,0.00012302
25,49,1.00000000,0.00012302,-0.00000000,0.00012302
26,49,1.00000000,0.00012302,-0.00000000,0.00012302
27,49,1.00000000,0.00012302,-0.00000000,0.00012302
28,49,1.00000000,0.00012302,-0.00000000,0.00012302
29,49,1.00000000,0.00012302,-0.00000000,0.00012302
30,49,1.00000000,0.00012302,-0.00000000,0.00012302
31,49,1.00000000,0.00012302,-0.00000000,0.00012302
32,49,1.00000000,0.00012302,-0.00000000,0.00012302
33,49,1.00000000,0.00012302,-0.00000000,0.00012302
34,49,1.00000000,0.00012302,-0.00000000,0.00012302
35,49,1.00000000,0.00012302,-0.00000000,0.00012302
36,49,1.00000000,0.00012302,-0.00000000,0.00012302
37,49,1.00000000,0.00012302,-0.00000000,0.00012302
38,49,1.00000000,0.00012302,-0.00000000,0.00012302
39,49,1.00000000,0.00012302,-0.00000000,0.00012302
40,49,1.00000000,0.00012302,-0.00000000,0.00012302
41,49,1.00000000,0.00012302,-0.00000000,0.00012302
42,49,1.00000000,0.00012302,-0.00000000,0.00012302
43,49,1.00000000,0.00012302,-0.00000000,0.00012302
44,49,1.00000000,0.00012302,-0.00000000,0.00012302
45,49,1.00000000,0.00012302,-0.00000000,0.00012302
46,49,1.00000000,0.00012302,-0.00000000,0.00012302
47,49,1.00000000,0.00012302,-0.00000000,0.00012302
48,49,1.00000000,0.00012302,-0.00000000,0.00012302
49,49,1.00000000,0.00012302,-0.00000000,0.00012302
50,49,1.00000000,0.00012302,-0.00000000,0.00012302
51,49,1.00000000,0.00012302,-0.00000000,0.00012302
52,49,1.00000000,0.00012302,-0.00000000,0.00012302
53,49,1.00000000,0.00012302,-0.00000000,0.00012302
54,49,1.00000000,0.00012302,-0.00000000,0.00012302
55,49,1.00000000,0.00012302,-0.00000000,0.00012302
56,49,1.00000000,0.00012302,-0.00000000,0.00012302
57,49,1.00000000,0.00012302,-0.00000000,0.00012302
58,49,1.00000000,0.00012302,-0.00000000,0.00012302
59,49,1.00000000,0.00012302,-0.00000000,0.00012302
60,49,1.00000000,0.00012302,-0.00000000,0.00012302
61,49,1.00000000,0.00012302,-0.00000000,0.00012302
62,49,1.00000000,0.00012302,-0.00000000,0.00012302
63,49,1.00000000,0.00012302,-0.00000000,0.00012302
64,49,1.00000000,0.00012302,-0.00000000,0.00012302
65,49,1.00000000,0.00012302,-0.00000000,0.00012302
66,49,1.00000000,0.00012302,-0.00000000,0.00012302
67,49,1.00000000,0.00012302,-0.00000000,0.00012302
68,49,1.00000000,0.00012302,-0.00000000,0.00012302
69,49,1.00000000,0.00012302,-0.00000000,0.00012302
70,49,1.00000000,0.00012302,-0.00000000,0.00012302
71,49,1.00000000,0.00012302,-0.00000000,0.00012302
72,49,1.00000000,0.00012302,-0.00000000,0.00012302
73,49,1.00000000,0.00012302,-0.00000000,0.00012302
74,49,1.00000000,0.00012302,-0.00000000,0.00012302
75,49,1.00000000,0.00012302,-0.00000000,0.00012302
76,49,1.00000000,0.00012302,-0.00000000,0.00012302
77,49,1.00000000,0.00012302,-0.00000000,0.00012302
78,49,1.00000000,0.00012302,-0.00000000,0.00012302
79,49,1.00000000,0.00012302,-0.00000000,0.00012302
80,49,1.00000000,0.00012302,-0.00000000,0.00012302
81,49,1.00000000,0.00012302,-0.00000000,0.00012302
82,49,1.00000000,0.00012302,-0.00000000,0.00012302
83,49,1.00000000,0.00012302,-0.00000000,0.00012302
84,49,1.00000000,0.00012302,-0.00000000,0.00012302
85,49,1.00000000,0.00012302,-0.00000000,0.00012302
86,49,1.00000000,0.00012302,-0.00000000,0.00012302
87,49,1.00000000,0.00012302,-0.00000000,0.00012302
88,49,1.00000000,0.00012302,-0.00000000,0.00012302
89,49,1.00000000,0.00012302,-0.00000000,0.00012302
90,49,1.00000000,0.00012302,-0.00000000,0.00012302
91,49,1.00000000,0.00012302,-0.00000000,0.00012302
92,49,1.00000000,0.00012302,-0.00000000,0.00012302
93,49,1.00000000,0.00012302,-0.00000000,0.00012302
94,49,1.00000000,0.00012302,-0.00000000,0.00012302
95,49,1.00000000,0.00012302,-0.00000000,0.00012302
96,49,1.00000000,0.00012302,-0.00000000,0.00012302
97,49,1.00000000,0.00012302,-0.00000000,0.00012302
98,49,1.00000000,0.00012302,-0.00000000,0.00012302
99,49,1.00000000,0.00012302,-0.00000000,0.00012302
100,49,1.00000000,0.00012302,-0.00000000,0.00012302
101,49,1.00000000,0.00012302,-0.00000000,0.00012302
102,49,1.00000000,0.00012302,-0.00000000,0.00012302
103,49,1.00000000,0.00012302,-0.00000000,0.00012302
104,49,1.00000000,0.00012302,-0.00000000,0.00012302
105,49,1.00000000,0.00012302,-0.00000000,0.00012302
106,49,1.00000000,0.00012302,-0.00000000,0.00012302
107,49,1.00000000,0.00012302,-0.00000000,0.00012302
108,49,1.00000000,0.00012302,-0.00000000,0.00012302
109,49,1.00000000,0.00012302,-0.00000000,0.00012302
110,49,1.00000000,0.00012302,-0.00000000,0.00012302
111,49,1.00000000,0.00012302,-0.00000000,0.00012302
112,49,1.00000000,0.00012302,-0.00000000,0.00012302
113,49,1.00000000,0.00012302,-0.00000000,0.00012302
114,49,1.00000000,0.00012302,-0.00000000,0.00012302
115,49,1.00000000,0.00012302,-0.00000000,0.00012302
116,49,1.00000000,0.00012302,-0.00000000,0.00012302
117,49,1.00000000,0.00012302,-0.00000000,0.00012302
118,49,1.00000000,0.00012302,-0.00000000,0.00012302
119,49,1.00000000,0.00012302,-0.00000000,0.00012302
120,49,1.00000000,0.00012302,-0.00000000,0.00012302
121,49,1.00000000,0.00012302,-0.00000000,0.00012302
122,49,1.00000000,0.00012302,-0.00000000,0.00012302
123,49,1.00000000,0.00012302,-0.00000000,0.00012302
124,49,1.00000000,0.00012302,-0.00000000,0.00012302
125,49,1.00000000,0.00012302,-0.00000000,0.00012302
126,49,1.00000000,0.00012302,-0.00000000,0.00012302
127,49,1.00000000,0.00012302,-0.00000000,0.00012302
128,49,1.00000000,0.00012302,-0.00000000,0.00012302
129,49,1.00000000,0.00012302,-0.00000000,0.00012302
130,49,1.00000000,0.00012302,-0.00000000,0.00012302
131,49,1.00000000,0.00012302,-0.00000000,0.00012302
132,49,1.00000000,0.00012302,-0.00000000,0.00012302
133,49,1.00000000,0.00012302,-0.00000000,0.00012302
134,49,1.00000000,0.00012302,-0.00000000,0.00012302
135,49,1.00000000,0.00012302,-0.00000000,0.00012302
136,49,1.00000000,0.00012302,-0.00000000,0.00012302
137,49,1.00000000,0.00012302,-0.00000000,0.00012302
138,49,1.00000000,0.00012302,-0.00000000,0.00012302
139,49,1.00000000,0.00012302,-0.00000000,0.00012302
140,49,1.00000000,0.00012302,-0.00000000,0.00012302
141,49,1.00000000,0.00012302,-0.00000000,0.00012302
142,49,1.00000000,0.00012302,-0.00000000,0.00012302
143,49,1.00000000,0.00012302,-0.00000000,0.00012302
144,49,1.00000000,0.00012302,-0.00000000,0.00012302
145,49,1.00000000,0.00012302,-0.00000000,0.00012302
146,49,1.00000000,0.00012302,-0.00000000,0.00012302
147,49,1.00000000,0.00012302,-0.00000000,0.00012302
148,49,1.00000000,0.00012302,-0.00000000,0.00012302
149,49,1.00000000,0.00012302,-0.00000000,0.00012302
150,49,1.00000000,0.00012302,-0.00000000,0.00012302
151,49,1.00000000,0.00012302,-0.00000000,0.00012302
152,49,1.00000000,0.00012302,-0.00000000,0.00012302
153,49,1.00000000,0.00012302,-0.00000000,0.00012302
154,49,1.00000000,0.00012302,-0.00000000,0.00012302
155,49,1.00000000,0.00012302,-0.00000000,0.00012302
156,49,1.00000000,0.00012302,-0.00000000,0.00012302
157,49,1.00000000,0.00012302,-0.00000000,0.00012302
158,49,1.00000000,0.00012302,-0.00000000,0.00012302
159,49,1.00000000,0.00012302,-0.00000000,0.00012302
